overall_rank,alignment_start,alignment_end,alignment_width_columns,target_length_bp,median_length_bp,min_length_bp,max_length_bp,q10_length_bp,q90_length_bp,mean_candidate_coverage,left_end_coverage,right_end_coverage,left_end_conservation,right_end_conservation,diagnostic_sites_adon,diagnostic_sites_don_niv,diagnostic_sites_t2_typeb,balanced_diagnostic_sites,total_diagnostic_sites,diagnostic_density_adon_per_kb,diagnostic_density_don_niv_per_kb,diagnostic_density_t2_typeb_per_kb,balanced_diagnostic_density_per_kb,all_contrasts_have_diagnostic_sites,within_3adon_max,within_15adon_max,between_3adon_15adon_min,margin_adon,within_don_max,within_niv_max,between_don_niv_min,margin_don_niv,within_t2_max,within_typeb_max,between_t2_typeb_min,margin_t2_typeb,positive_margin_count,balanced_margin,all_margins_positive,minimum_pair_comparable_bp,mean_pair_comparable_bp
1,11701,17456,5756,5000,5000.0,4924,5025,4964.0,5020.8,0.8673822400821869,1.0,1.0,0.9082608695651834,0.9265217391303849,302,84,320,84,706,60.4,16.8,64.0,16.8,True,0.08064516129032258,0.01062337141711766,0.09775349119611415,0.017108329905791572,0.10399351307520778,0.23325062034739455,0.1043811831213406,-0.12886943722605393,0.1987310683585755,0.2476664592408214,0.1080582325199918,-0.1396082267208296,1,-0.1396082267208296,False,4811,4911.426877470356
2,11801,17556,5756,5000,5000.0,4924,5025,4964.0,5020.8,0.8673822400821869,0.9452173913043044,1.0,0.9076086956521795,0.9504347826087178,300,82,319,82,701,60.0,16.4,63.8,16.4,True,0.07778002835730201,0.01062337141711766,0.09694393847399312,0.019163910116691107,0.1025744982769106,0.23180314309346567,0.10301558388990083,-0.12878755920356483,0.19832173557101923,0.24496992325243724,0.10662292392864466,-0.13834699932379257,1,-0.13834699932379257,False,4811,4911.426877470356
3,11701,16941,5241,4500,4500.0,4428,4529,4461.0,4524.8,0.8577437097135491,1.0,1.0,0.9082608695651834,0.9452173913043407,283,78,293,78,654,62.888888888888886,17.333333333333332,65.11111111111111,17.333333333333332,True,0.08402419896930316,0.011125945705384957,0.10011248593925759,0.01608828696995443,0.10793150067598017,0.2443574389682174,0.10904195647296387,-0.13531548249525355,0.20692010015934442,0.25641618497109825,0.1123031271399224,-0.14411305783117584,1,-0.14411305783117584,False,4315,4415.545454545455
4,11801,17041,5241,4500,4500.0,4428,4529,4461.0,4524.8,0.8577437097135491,0.9452173913043044,1.0,0.9076086956521795,0.9217391304347439,281,76,297,76,654,62.44444444444444,16.88888888888889,66.0,16.88888888888889,True,0.08155948913287027,0.010903426791277258,0.09988751406074241,0.01832802492787214,0.10635421360973411,0.24458774758175955,0.10747139331388826,-0.13711635426787128,0.20623719553835648,0.2561849710982659,0.11093357680894773,-0.14525139428931816,1,-0.14525139428931816,False,4315,4415.545454545455
5,12501,17762,5262,5000,5000.0,4917,5018,4957.0,5014.8,0.9487217622659648,0.9052173913043953,1.0,0.9103203661326734,0.9178260869565019,299,76,318,76,693,59.8,15.2,63.6,15.2,True,0.07448526443278158,0.011415982375325456,0.09462452184417153,0.020139257411389944,0.1018837350617784,0.22871900826446281,0.09905184587452089,-0.12966716238994191,0.19770303527481542,0.24134377576257213,0.1028747433264887,-0.13846903243608344,1,-0.13846903243608344,False,4819,4914.193675889328
6,12601,17856,5256,5000,5000.0,4918,5022,4958.0,5013.0,0.9499288597710326,0.9521739130434981,0.9717391304347984,0.9113043478260624,0.9091739130434143,295,71,322,71,688,59.0,14.2,64.4,14.2,True,0.07168820678513732,0.01282051282051282,0.09253671293502314,0.020848506149885815,0.10109400324149109,0.2299111753769882,0.09735940334609958,-0.13255177203088864,0.1995078941972524,0.2408323032550474,0.10449599671525354,-0.13633630653979384,1,-0.13633630653979384,False,4821,4914.640316205534
7,12501,16739,4239,4000,4000.0,3917,4019,3950.0,4017.2,0.9418341077161401,0.9052173913043953,1.0,0.9103203661326734,0.929130434782619,269,67,270,67,606,67.25,16.75,67.5,16.75,True,0.0812515770880646,0.010262828535669587,0.10408266129032258,0.022831084202257976,0.11094186341711094,0.2511059068436118,0.10939868620515412,-0.14170722063845764,0.21638330757341576,0.2635135135135135,0.11136950904392764,-0.15214400446958584,1,-0.15214400446958584,False,3821,3917.098814229249
8,12601,17348,4748,4500,4500.0,4419,4519,4459.0,4516.2,0.9463206475953317,0.9521739130434981,1.0,0.9113043478260624,0.9273913043478024,289,64,297,64,650,64.22222222222223,14.222222222222221,66.0,14.222222222222221,True,0.07506161774591082,0.01045838896306186,0.09863259358888142,0.023570975842970604,0.10572194903889137,0.23831452912733134,0.10049349484073576,-0.1378210342865956,0.20392335766423358,0.25,0.10590118938700824,-0.14409881061299176,1,-0.14409881061299176,False,4323,4417.537549407115
9,12601,16830,4230,4000,4000.0,3920,4020,3953.0,4017.2,0.94395107410834,0.9521739130434981,1.0,0.9113043478260624,0.9491304347825826,268,61,272,61,601,67.0,15.25,68.0,15.25,True,0.07696189755235933,0.01026026026026026,0.10204081632653061,0.025078918774171288,0.10939086294416243,0.25091003640145604,0.10583480676938621,-0.1450752296320698,0.2157014157014157,0.2605652061187451,0.1112832429641105,-0.1492819631546346,1,-0.1492819631546346,False,3825,3918.6561264822135
10,12601,16330,3730,3500,3500.0,3422,3521,3455.0,3519.4,0.9367059097796993,0.9521739130434981,0.9621739130434799,0.9113043478260624,0.9044866642308261,233,56,250,56,539,66.57142857142857,16.0,71.42857142857143,16.0,True,0.08085475021657522,0.011441647597254004,0.10377630441049293,0.022921554193917712,0.1125,0.26710487003286526,0.11043654235328129,-0.15666832767958397,0.22845336481700118,0.27627270020839534,0.1197037037037037,-0.15656899650469164,1,-0.15666832767958397,False,3327,3420.3320158102765
11,12601,14716,2116,2000,2000.0,1965,2017,1975.4,2015.0,0.9432686775704825,0.9521739130434981,1.0,0.9113043478260624,0.9165217391304578,97,50,154,50,301,48.5,25.0,77.0,25.0,True,0.09812847749114821,0.013039117352056168,0.08697838109602815,-0.01115009639512006,0.10005104645227157,0.26534859521331944,0.11818644931227713,-0.14716214590104232,0.23029682702149437,0.27812177502579977,0.12793068297655455,-0.15019109204924522,0,-0.15019109204924522,False,1922,1961.909090909091
12,13101,17794,4694,4500,4500.0,4456,4517,4481.2,4515.0,0.9584761304903617,0.9056521739130767,1.0,0.9162631429382964,0.9139130434782419,271,50,294,50,615,60.22222222222222,11.11111111111111,65.33333333333333,11.11111111111111,True,0.06374412883023932,0.010031208203299153,0.0876010781671159,0.023856949336876584,0.09764837625979843,0.22053145582557349,0.08590604026845637,-0.1346254155571171,0.19044384057971014,0.22996594778660612,0.09362956245749263,-0.1363363853291135,1,-0.1363363853291135,False,4373,4440.905138339921
13,12501,14119,1619,1500,1500.0,1463,1517,1476.4,1513.0,0.9239466122405229,0.9052173913043953,1.0,0.9103203661326734,0.9130434782608426,63,46,110,46,219,42.0,30.666666666666668,73.33333333333333,30.666666666666668,True,0.11554054054054054,0.014056224899598393,0.08797850906648758,-0.027562031474052964,0.11554054054054054,0.2800844475721323,0.13369713506139155,-0.14638731251074075,0.23537508602890572,0.2940766550522648,0.14921286789869953,-0.1448637871535653,0,-0.14638731251074075,False,1420,1461.6640316205533
14,13101,17289,4189,4000,4000.0,3955,4017,3982.8,4016.0,0.9547780418694977,0.9056521739130767,0.908695652173974,0.9162631429382964,0.90705533596838,263,44,264,44,571,65.75,11.0,66.0,11.0,True,0.06708542713567839,0.008278976417461115,0.09240090886139864,0.02531548172572025,0.1021437578814628,0.22905457340507301,0.08916876574307304,-0.13988580766199998,0.19601837672281777,0.2384122919334187,0.09514066496163683,-0.14327162697178186,1,-0.14327162697178186,False,3873,3942.691699604743
15,13101,16770,3670,3500,3500.0,3455,3517,3483.0,3515.8,0.9532282904869125,0.9056521739130767,1.0,0.9162631429382964,0.9460869565217763,242,41,244,41,527,69.14285714285714,11.714285714285714,69.71428571428571,11.714285714285714,True,0.0681230238574303,0.00802982506452538,0.09621496677260907,0.028091942915178775,0.10675129832660127,0.2422907488986784,0.09365124964090779,-0.14863949925777062,0.2087109032446653,0.2508813160987074,0.10058651026392962,-0.15029480583477778,1,-0.15029480583477778,False,3374,3442.810276679842
16,6101,11857,5757,5000,5000.0,4731,5444,4755.0,5122.0,0.8624661093111364,0.9160869565217808,0.9521739130434981,0.9330550222724195,0.9160869565217036,37,78,348,37,463,7.4,15.6,69.6,7.4,True,0.104638619201726,0.04846560846560847,0.00694006309148265,-0.09769855611024335,0.10485436893203884,0.3027844770883578,0.06781802864363942,-0.2349664484447184,0.18927507447864944,0.322397923058768,0.20694528568544315,-0.11545263737332487,0,-0.2349664484447184,False,4236,4702.328063241107
17,13801,17947,4147,4000,4000.0,3930,4023,3967.2,4016.4,0.9633155450246941,1.0,0.9739130434782601,0.9173913043478024,0.925414078674894,255,35,240,35,530,63.75,8.75,60.0,8.75,True,0.05908976615539351,0.012509382036527395,0.08570708343836653,0.026617317282973015,0.09758551307847083,0.20439448134900357,0.07890781563126252,-0.12548666571774103,0.17606532278642512,0.21554589619023268,0.08534085084572014,-0.13020504534451255,1,-0.13020504534451255,False,3883,3948.687747035573
18,13801,17437,3637,3500,3500.0,3435,3518,3473.6,3513.8,0.9611720122891582,1.0,1.0,0.9173913043478024,0.9086956521738466,250,31,214,31,495,71.42857142857143,8.857142857142858,61.142857142857146,8.857142857142858,True,0.061084026383710924,0.008004574042309892,0.090595340811044,0.029511314427333082,0.10411274086856485,0.2114653407429073,0.08159175493844832,-0.12987358580445896,0.18062445287423404,0.22423887587822014,0.08541238626357499,-0.13882648961464517,1,-0.13882648961464517,False,3389,3453.316205533597
19,13101,14658,1558,1500,1500.0,1487,1518,1496.4,1515.0,0.9649494893118302,0.9056521739130767,1.0,0.9162631429382964,0.9108695652174174,67,30,125,30,222,44.666666666666664,20.0,83.33333333333333,20.0,True,0.08523489932885905,0.008742434431741762,0.07104557640750671,-0.014189322921352346,0.08809683927370544,0.24814565070802427,0.09549428379287156,-0.15265136691515271,0.21447721179624665,0.25739247311827956,0.1072618254497002,-0.15013064766857936,0,-0.15265136691515271,False,1469,1488.0632411067193
20,13901,17537,3637,3500,3500.0,3435,3518,3473.6,3513.8,0.9611720122891582,1.0,1.0,0.9243478260869415,0.9486956521739194,248,29,212,29,489,70.85714285714286,8.285714285714286,60.57142857142857,8.285714285714286,True,0.05965012905075997,0.008290451686678102,0.090882945067587,0.03123281601682703,0.10382513661202186,0.20795554255630302,0.08073289436014887,-0.12722264819615414,0.17945725124015174,0.21955503512880561,0.08394481948928677,-0.13561021563951886,1,-0.13561021563951886,False,3389,3453.316205533597
21,13801,16918,3118,3000,3000.0,2935,3018,2972.2,3013.8,0.9604121928772646,1.0,1.0,0.9173913043478024,0.9352173913043407,233,25,186,25,444,77.66666666666667,8.333333333333334,62.0,8.333333333333334,True,0.061955793703951774,0.008002667555851951,0.09674168626133692,0.034785892557385144,0.10946944257891202,0.22226027397260273,0.08486468426328099,-0.13739558970932175,0.19063887939870175,0.23353909465020575,0.08806329549363605,-0.14547579915656972,1,-0.14547579915656972,False,2890,2953.4347826086955
22,14201,17843,3643,3500,3500.0,3435,3522,3468.8,3516.4,0.9596009022664114,0.9595652173913004,0.9717391304347984,0.9058742706568591,0.9083043478260697,228,25,209,25,462,65.14285714285714,7.142857142857143,59.714285714285715,7.142857142857143,True,0.05899198167239404,0.012296253931941665,0.09402942024805307,0.035037438575659025,0.10040276179516686,0.2077238150965477,0.07731958762886598,-0.1304042274676817,0.17889505992399882,0.21815519765739386,0.0848253595538597,-0.13332983810353416,1,-0.13332983810353416,False,3388,3451.300395256917
23,13901,17018,3118,3000,3000.0,2935,3018,2972.2,3013.8,0.9604121928772646,1.0,1.0,0.9243478260869415,0.9265217391304031,229,23,188,23,440,76.33333333333333,7.666666666666667,62.666666666666664,7.666666666666667,True,0.06128600133958473,0.008336112037345782,0.09674168626133692,0.03545568492175219,0.10883439704400404,0.22157534246575342,0.0845305713331106,-0.13704477113264282,0.18961393918688077,0.23216735253772292,0.08668730650154799,-0.14548004603617493,1,-0.14548004603617493,False,2890,2953.4347826086955
24,14001,17118,3118,3000,3000.0,2935,3018,2972.2,3013.8,0.9604121928772646,1.0,1.0,0.9113043478260443,0.9526086956521612,231,23,180,23,434,77.0,7.666666666666667,60.0,7.666666666666667,True,0.06028131279303416,0.008336112037345782,0.09808532079274437,0.03780400799971021,0.10984212294255963,0.21986301369863015,0.0845305713331106,-0.13533244236551956,0.1885889989750598,0.22908093278463648,0.08427932576539388,-0.1448016070192426,1,-0.1448016070192426,False,2890,2953.4347826086955
25,8601,11866,3266,3000,3000.0,2816,3167,2836.2,3166.0,0.9171836310870594,1.0,0.9521739130434981,0.9621739130434799,0.9130434782608426,22,75,207,22,304,7.333333333333333,25.0,69.0,7.333333333333333,True,0.11091234347048301,0.06975088967971531,0.0066972153683468455,-0.10421512810213616,0.11122881355932203,0.21817595874959717,0.10691601976005646,-0.1112599389895407,0.1640675763482781,0.24001426533523537,0.09381933438985737,-0.146194930945378,0,-0.146194930945378,False,2616,2863.893280632411
26,9101,11866,2766,2500,2500.0,2316,2667,2336.2,2666.0,0.9022132100977353,1.0,0.9521739130434981,0.9417391304347893,0.9130434782608426,21,75,169,21,265,8.4,30.0,67.6,8.4,True,0.12735849056603774,0.07575757575757576,0.007702182284980745,-0.11965630828105699,0.12735849056603774,0.23549750288129082,0.12257281553398058,-0.11292468734731023,0.17882079131109388,0.26444833625218916,0.09981167608286252,-0.16463666016932665,0,-0.16463666016932665,False,2116,2363.893280632411
27,14801,17940,3140,3000,3000.0,2931,3023,2964.8,3016.4,0.9535862641927492,1.0,0.9739130434782601,0.9226086956522158,0.9249792960661943,189,21,171,21,381,63.0,7.0,57.0,7.0,True,0.061163101604278076,0.014014014014014014,0.09158249158249158,0.030419389978213508,0.09952925353059852,0.20411663807890223,0.07720588235294118,-0.12691075572596106,0.17602739726027397,0.21642047406389556,0.08887357905614882,-0.12754689500774674,1,-0.12754689500774674,False,2884,2949.0
28,6501,10602,4102,3500,3500.0,3412,3867,3467.0,3566.8,0.8604286350242656,0.9530434782609336,0.9026086956521976,0.9106625258799067,0.9171532091096742,21,37,286,21,344,6.0,10.571428571428571,81.71428571428571,6.0,True,0.08736751647092524,0.03721869590305828,0.00429553264604811,-0.08307198382487713,0.0897510133178923,0.3154471544715447,0.043590478921709204,-0.2718566755498355,0.19687771032090198,0.3230161343431017,0.2109420713867759,-0.11207406295632583,0,-0.2718566755498355,False,2991,3365.106719367589
29,15201,17832,2632,2500,2500.0,2436,2522,2468.0,2515.8,0.9480970001321569,1.0,0.9717391304347984,0.9008695652173446,0.915695652173872,158,20,134,20,312,63.2,8.0,53.6,8.0,True,0.06540930979133226,0.012409927942353884,0.09473684210526316,0.0293275323139309,0.10092854259184497,0.1989247311827957,0.07865168539325842,-0.12027304578953726,0.171345995045417,0.2124223602484472,0.08803986710963455,-0.12438249313881267,1,-0.12438249313881267,False,2390,2451.798418972332
30,15301,17933,2633,2500,2500.0,2431,2523,2464.0,2515.8,0.9471259432949727,1.0,0.9739130434782601,0.9252173913043589,0.9149792960662125,156,20,133,20,309,62.4,8.0,53.2,8.0,True,0.06540930979133226,0.014811849479583666,0.09352226720647773,0.028112957415145468,0.10129136400322841,0.19594034797017398,0.07704654895666131,-0.11889379901351267,0.1696317749275962,0.2098714226462049,0.08780690803162713,-0.12206451461457776,1,-0.12206451461457776,False,2385,2449.0671936758895
31,14601,17735,3135,3000,3000.0,2937,3018,2969.8,3012.4,0.9552458220650484,1.0,1.0,0.9147826086956957,0.9378260869564837,206,20,168,20,394,68.66666666666667,6.666666666666667,56.0,6.666666666666667,True,0.058803875709989975,0.011007338225483656,0.09525412319084484,0.03645024748085486,0.10278804165267047,0.20616438356164385,0.07885065152021384,-0.12731373204143,0.17858364693807732,0.21604938271604937,0.08525266414575455,-0.13079671857029482,1,-0.13079671857029482,False,2890,2951.8418972332015
32,14701,17839,3139,3000,3000.0,2936,3022,2968.8,3016.4,0.9544025375015631,1.0,0.9717391304347984,0.9091304347825826,0.9087391304347693,199,20,168,20,387,66.33333333333333,6.666666666666667,56.0,6.666666666666667,True,0.05982620320855615,0.012345679012345678,0.0946127946127946,0.034786591404238454,0.10087424344317418,0.20726276121959575,0.07921122994652406,-0.12805153127307167,0.17830253251197808,0.21715265866209263,0.08803301237964237,-0.12911964628245026,1,-0.12911964628245026,False,2889,2951.7312252964425
33,7101,10630,3530,3000,3000.0,2902,3357,2966.0,3145.0,0.8590713142012458,0.9721739130435162,0.9365217391304487,0.9198550724637607,0.9080227743270735,20,35,260,20,315,6.666666666666667,11.666666666666666,86.66666666666667,6.666666666666667,True,0.09090909090909091,0.040134907251264756,0.004680708793045804,-0.08622838211604511,0.09200805910006717,0.2812041116005874,0.05123911587407903,-0.22996499572650836,0.20990166158019669,0.2889216047110784,0.19889142484512554,-0.09003017986595288,0,-0.22996499572650836,False,2631,2888.0711462450595
34,13901,16518,2618,2500,2500.0,2435,2518,2472.2,2513.8,0.9528514963297599,1.0,1.0,0.9243478260869415,0.9178260869565019,207,19,165,19,391,82.8,7.6,66.0,7.6,True,0.06556717618664522,0.008403361344537815,0.10415825595478401,0.03859107976813879,0.11864406779661017,0.24173553719008264,0.08948635634028893,-0.15224918084979372,0.20972393901936548,0.25289735099337746,0.09472372247611134,-0.15817362851726613,1,-0.15817362851726613,False,2390,2453.4347826086955
35,14001,16618,2618,2500,2500.0,2435,2518,2472.2,2513.8,0.9528514963297599,1.0,1.0,0.9113043478260443,0.9465217391304396,210,19,158,19,387,84.0,7.6,63.2,7.6,True,0.06315366049879324,0.008403361344537815,0.1065805409769883,0.043426880478195054,0.12066182405165456,0.23884297520661157,0.09109149277688604,-0.14775148242972552,0.20848784507622578,0.24793046357615894,0.09181553801412547,-0.1561149255620335,1,-0.1561149255620335,False,2390,2453.4347826086955
36,14201,17334,3134,3000,3000.0,2935,3018,2971.2,3013.8,0.9556893537915202,0.9595652173913004,1.0,0.9058742706568591,0.9417391304347621,222,19,179,19,420,74.0,6.333333333333333,59.666666666666664,6.333333333333333,True,0.061476779151353154,0.009339559706470981,0.10178031575411488,0.04030353660276172,0.10984212294255963,0.21514217197670435,0.07951887738055463,-0.13562329459614972,0.18312265117868123,0.2266803840877915,0.08393532851737186,-0.14274505557041967,1,-0.14274505557041967,False,2889,2953.197628458498
37,14901,17530,2630,2500,2500.0,2436,2518,2471.2,2512.4,0.9487353281534199,1.0,1.0,0.9013043478260988,0.9382608695652198,179,18,146,18,343,71.6,7.2,58.4,7.2,True,0.0645808263136783,0.008406725380304243,0.09838709677419355,0.03380627046051525,0.10738796931772306,0.2104175279040926,0.07942238267148015,-0.13099514523261246,0.17957166392092258,0.2255794701986755,0.08845514950166113,-0.13712432069701436,1,-0.13712432069701436,False,2390,2453.6284584980235
38,14201,16815,2615,2500,2500.0,2435,2518,2469.8,2513.8,0.9536952365117657,0.9595652173913004,1.0,0.9058742706568591,0.9599999999999637,199,16,158,16,373,79.6,6.4,63.2,6.4,True,0.060995184590690206,0.008803521408563426,0.10819539765845781,0.04720021306776761,0.11384739604360113,0.23099173553719007,0.08343361411953469,-0.1475581214176554,0.19777503090234858,0.24172185430463577,0.08849189862899876,-0.15322995567563702,1,-0.15322995567563702,False,2390,2453.316205533597
39,14801,17430,2630,2500,2500.0,2436,2518,2471.2,2512.4,0.9487353281534199,1.0,1.0,0.9226086956522158,0.9152173913042861,183,16,146,16,345,73.2,6.4,58.4,6.4,True,0.06377858002406739,0.008406725380304243,0.09959677419354838,0.035818194169480996,0.10940654016955995,0.21487603305785125,0.08062575210589651,-0.13425028095195474,0.18163097199341022,0.22889072847682118,0.08928571428571429,-0.13960501419110688,1,-0.13960501419110688,False,2390,2453.6284584980235
40,13801,15314,1514,1500,1500.0,1497,1504,1499.0,1503.8,0.9914709091953392,1.0,1.0,0.9173913043478024,0.9056521739130039,100,15,106,15,221,66.66666666666667,10.0,70.66666666666667,10.0,True,0.056112224448897796,0.008005336891260841,0.07147628590514363,0.015364061456245831,0.09206137424949967,0.21933333333333332,0.07666666666666666,-0.14266666666666666,0.18812541694462975,0.22866666666666666,0.08138759172781855,-0.14727907493884812,1,-0.14727907493884812,False,1496,1499.6205533596838
41,15301,17423,2123,2000,2000.0,1936,2018,1970.4,2012.4,0.9395646030023197,1.0,1.0,0.9252173913043589,0.9126086956521249,150,15,108,15,273,75.0,7.5,54.0,7.5,True,0.07024586051179127,0.0080040020010005,0.10404040404040404,0.033794543528612775,0.11380880121396054,0.2068785825951016,0.08128449573507275,-0.12559408686002888,0.17479253112033194,0.22338204592901878,0.0870020964360587,-0.13637994949296006,1,-0.13637994949296006,False,1891,1953.695652173913
42,16401,17926,1526,1500,1500.0,1488,1513,1490.0,1501.8,0.9811955097156587,1.0,0.9739130434782601,0.9091304347826008,0.9106314699792528,53,14,72,14,139,35.333333333333336,9.333333333333334,48.0,9.333333333333334,True,0.05744822979291917,0.018729096989966554,0.060626249167221855,0.0031780193743026833,0.07157190635451505,0.14151576123407109,0.06216577540106952,-0.07934998583300157,0.12827400940228342,0.1554959785522788,0.06970509383378017,-0.08579088471849865,1,-0.08579088471849865,False,1482,1492.2529644268775
43,16501,18026,1526,1500,1500.0,1488,1513,1490.0,1501.8,0.9811955097156587,1.0,1.0,0.9530434782608609,0.9156521739130039,44,14,74,14,132,29.333333333333332,9.333333333333334,49.333333333333336,9.333333333333334,True,0.05477621910487642,0.024080267558528427,0.05396402398401066,-0.0008121951208657635,0.06755852842809365,0.13950368879946345,0.05862758161225849,-0.08087610718720496,0.12693082605775688,0.15214477211796246,0.06702412868632708,-0.08512064343163538,0,-0.08512064343163538,False,1482,1492.2529644268775
44,15201,17323,2123,2000,2000.0,1936,2018,1970.4,2012.4,0.9395646030023197,1.0,1.0,0.9008695652173446,0.9317391304347802,152,14,105,14,271,76.0,7.0,52.5,7.0,True,0.07175112895132965,0.008504252126063032,0.10707070707070707,0.035319578119377415,0.11532625189681335,0.21000521104742054,0.08228800802809834,-0.1277172030193222,0.17738589211618258,0.22599164926931106,0.0880503144654088,-0.13794133480390225,1,-0.13794133480390225,False,1891,1953.695652173913
45,14701,17330,2630,2500,2500.0,2436,2518,2471.2,2512.4,0.9487353281534199,1.0,1.0,0.9091304347825826,0.9343478260869414,193,14,138,14,345,77.2,5.6,55.2,5.6,True,0.06337745687926194,0.008807045636509208,0.10403225806451613,0.04065480118525419,0.11303996770286637,0.21579164944191814,0.08223024468511833,-0.1335614047567998,0.18410214168039538,0.22723509933774835,0.08762458471760798,-0.13961051462014037,1,-0.13961051462014037,False,2390,2453.6284584980235
46,13901,15414,1514,1500,1500.0,1497,1504,1499.0,1503.8,0.9914709091953392,1.0,1.0,0.9243478260869415,0.9069565217391391,106,13,102,13,221,70.66666666666667,8.666666666666666,68.0,8.666666666666666,True,0.05477621910487642,0.009339559706470981,0.0781563126252505,0.023380093520374075,0.09733333333333333,0.22,0.078,-0.14200000000000002,0.1934623082054703,0.22866666666666666,0.08138759172781855,-0.14727907493884812,1,-0.14727907493884812,False,1496,1499.6205533596838
47,14001,15514,1514,1500,1500.0,1497,1504,1499.0,1503.8,0.9914709091953392,1.0,1.0,0.9113043478260443,0.9047826086957138,118,12,97,12,227,78.66666666666667,8.0,64.66666666666667,8.0,True,0.052772211088844355,0.009339559706470981,0.08617234468937876,0.033400133600534405,0.106,0.22333333333333333,0.08066666666666666,-0.14266666666666666,0.1981320880587058,0.23333333333333334,0.07671781187458306,-0.1566155214587503,1,-0.1566155214587503,False,1496,1499.6205533596838
48,14601,16711,2111,2000,2000.0,1936,2018,1969.8,2013.0,0.9445554342677107,1.0,1.0,0.9147826086956957,0.9282608695652379,174,12,121,12,307,87.0,6.0,60.5,6.0,True,0.06224899598393574,0.009004502251125562,0.11565656565656565,0.05340756967262991,0.121840242669363,0.23958333333333334,0.08931259407927747,-0.15027073925405587,0.2059128630705394,0.24947807933194155,0.09276729559748427,-0.1567107837344573,1,-0.1567107837344573,False,1891,1953.7470355731225
49,14901,17011,2111,2000,2000.0,1936,2018,1969.8,2013.0,0.9445554342677107,1.0,1.0,0.9013043478260988,0.9343478260869233,160,12,121,12,293,80.0,6.0,60.5,6.0,True,0.06475903614457831,0.008504252126063032,0.10909090909090909,0.04433187294633077,0.11532625189681335,0.2328125,0.08433734939759036,-0.14847515060240965,0.19346473029045644,0.2453027139874739,0.09433962264150944,-0.15096309134596447,1,-0.15096309134596447,False,1891,1953.7470355731225
50,8701,10808,2108,2000,2000.0,1860,2035,1977.0,2034.0,0.9449509116409582,1.0,0.9808695652173992,0.9469565217391209,0.9008695652173628,12,46,166,12,224,6.0,23.0,83.0,6.0,True,0.0992023928215354,0.058704453441295545,0.0015,-0.0977023928215354,0.10470941883767534,0.2251889168765743,0.08512769153730596,-0.14006122533926835,0.17574511819116137,0.24127310061601642,0.08601087493821058,-0.15526222567780584,0,-0.15526222567780584,False,1779,1942.901185770751
51,15201,16804,1604,1500,1500.0,1436,1518,1469.0,1513.0,0.93109617261195,1.0,1.0,0.9008695652173446,0.9569565217391209,129,11,84,11,224,86.0,7.333333333333333,56.0,7.333333333333333,True,0.07439678284182305,0.007333333333333333,0.11891891891891893,0.044522136077095875,0.12525389302640488,0.23661971830985915,0.08975217682518419,-0.14686754148467496,0.20098039215686275,0.2514124293785311,0.09872159090909091,-0.15269083846944018,1,-0.15269083846944018,False,1392,1453.8142292490118
52,9201,10808,1608,1500,1500.0,1360,1535,1477.0,1534.0,0.9278336577979727,0.9526086956521885,0.9808695652173992,0.9124275362318531,0.9008695652173628,11,46,123,11,180,7.333333333333333,30.666666666666668,82.0,7.333333333333333,True,0.12299465240641712,0.06504065040650407,0.002,-0.12099465240641712,0.12566844919786097,0.25488873904248144,0.10897009966777409,-0.14591863937470734,0.2012448132780083,0.2776243093922652,0.09389363099146422,-0.18373067840080096,0,-0.18373067840080096,False,1279,1442.901185770751
53,14701,16811,2111,2000,2000.0,1936,2018,1969.8,2013.0,0.9445554342677107,1.0,1.0,0.9091304347825826,0.9582608695652016,170,11,117,11,298,85.0,5.5,58.5,5.5,True,0.06325301204819277,0.0080040020010005,0.11262626262626263,0.04937325057806986,0.11886697015680324,0.23802083333333332,0.08780732563973909,-0.15021350769359423,0.20228215767634855,0.24634655532359082,0.09433962264150944,-0.15200693268208137,1,-0.15200693268208137,False,1891,1953.7470355731225
54,14801,16911,2111,2000,2000.0,1936,2018,1969.8,2013.0,0.9445554342677107,1.0,1.0,0.9226086956522158,0.9365217391304214,166,11,118,11,295,83.0,5.5,59.0,5.5,True,0.06375502008032129,0.0080040020010005,0.1111111111111111,0.04735609103078982,0.1178553363682347,0.234375,0.08580030105368791,-0.1485746989463121,0.19761410788381742,0.24478079331941544,0.09538784067085954,-0.1493929526485559,1,-0.1493929526485559,False,1891,1953.7470355731225
55,8501,10606,2106,2000,2000.0,1860,2035,1977.0,2034.0,0.9458070110244066,1.0,0.9026086956521976,0.9530434782608609,0.9128053830227145,11,35,168,11,214,5.5,17.5,84.0,5.5,True,0.08374875373878365,0.05313765182186235,0.0015,-0.08224875373878365,0.09018036072144289,0.218639798488665,0.06810215322984477,-0.15053764525882024,0.1685508735868448,0.23049281314168377,0.08848245180425111,-0.14201036133743267,0,-0.15053764525882024,False,1779,1942.901185770751
56,15301,16904,1604,1500,1500.0,1436,1518,1469.0,1513.0,0.93109617261195,1.0,1.0,0.9252173913043589,0.9469565217391209,133,10,79,10,222,88.66666666666667,6.666666666666667,52.666666666666664,6.666666666666667,True,0.07171581769436998,0.007333333333333333,0.12094594594594595,0.049230128251575966,0.12660798916723087,0.22816901408450704,0.08774279973208306,-0.14042621435242397,0.19327731092436976,0.24293785310734464,0.09517045454545454,-0.14776739856189008,1,-0.14776739856189008,False,1392,1453.8142292490118
57,9001,10606,1606,1500,1500.0,1360,1535,1477.0,1534.0,0.9289349721154422,1.0,0.9026086956521976,0.9326086956521522,0.9128053830227145,10,35,137,10,182,6.666666666666667,23.333333333333332,91.33333333333333,6.666666666666667,True,0.10093582887700535,0.056910569105691054,0.0013333333333333333,-0.09960249554367201,0.10695187165775401,0.2494942683749157,0.08817635270541083,-0.16131791566950487,0.1908713692946058,0.26726519337016574,0.09520682862770848,-0.17205836474245728,0,-0.17205836474245728,False,1279,1442.901185770751
58,14901,16511,1611,1500,1500.0,1436,1518,1469.8,1513.0,0.9273473133079685,1.0,1.0,0.9013043478260988,0.9139130434782419,138,8,99,8,245,92.0,5.333333333333333,66.0,5.333333333333333,True,0.07372654155495978,0.00867244829886591,0.1250845165652468,0.05135797501028702,0.13396481732070364,0.2711267605633803,0.09249329758713137,-0.17863346297624894,0.23039215686274508,0.2867231638418079,0.11008522727272728,-0.1766379365690806,1,-0.17863346297624894,False,1391,1453.7470355731225
59,25401,27625,2225,2000,2000.0,1946,2067,1946.2,2037.0,0.8967659990229232,0.9995652173913185,1.0,0.9339130434783146,0.9626086956522341,5,23,121,5,149,2.5,11.5,60.5,2.5,True,0.08148893360160966,0.04435483870967742,0.028,-0.05348893360160967,0.08148893360160966,0.1727884117951371,0.05271084337349398,-0.12007756842164312,0.14573643410852713,0.17292846114256305,0.08787878787878788,-0.08504967326377517,0,-0.12007756842164312,False,1904,1949.901185770751
60,25501,27725,2225,2000,2000.0,1946,2067,1946.2,2037.0,0.8967855398143246,1.0,1.0,0.9369565217390118,0.9530434782608063,5,23,120,5,148,2.5,11.5,60.0,2.5,True,0.08048289738430583,0.04433249370277078,0.0275,-0.05298289738430584,0.08048289738430583,0.17330574236937402,0.05471887550200803,-0.11858686686736598,0.14418604651162792,0.17601646937725168,0.08888888888888889,-0.08712758048836279,0,-0.11858686686736598,False,1904,1949.98814229249
61,24801,27554,2754,2500,2500.0,2438,2567,2438.2,2529.0,0.9060496984622729,1.0,1.0,0.9447826086956047,0.9486956521738102,5,30,158,5,193,2.0,12.0,63.2,2.0,True,0.07800562927221552,0.04139871382636656,0.024351297405189622,-0.053654331867025895,0.07800562927221552,0.17690721649484537,0.05098354074668808,-0.12592367574815727,0.1450350226617223,0.17946611909650925,0.09021035598705501,-0.08925576310945424,0,-0.12592367574815727,False,2396,2445.411067193676
62,24901,27654,2754,2500,2500.0,2438,2567,2438.2,2529.0,0.9060496984622729,1.0,1.0,0.9213043478258988,0.9669565217391937,5,28,157,5,190,2.0,11.2,62.8,2.0,True,0.07679935665460394,0.04019292604501608,0.023552894211576848,-0.053246462443027096,0.07679935665460394,0.177319587628866,0.05058209554395825,-0.12673749208490775,0.14256283477544293,0.17741273100616017,0.0889967637540453,-0.08841596725211487,0,-0.12673749208490775,False,2396,2445.411067193676
63,25001,27754,2754,2500,2500.0,2438,2567,2438.2,2529.0,0.9060496984622729,1.0,1.0,0.9213043478258988,0.9469565217390845,5,28,150,5,183,2.0,11.2,60.0,2.0,True,0.07760353839967833,0.040594855305466235,0.023952095808383235,-0.0536514425912951,0.07760353839967833,0.1736082474226804,0.05218787635487756,-0.12142037106780285,0.14173877214668315,0.17371663244353183,0.08737864077669903,-0.0863379916668328,0,-0.12142037106780285,False,2396,2445.411067193676
64,24301,27554,3254,3000,3000.0,2938,3067,2938.2,3029.0,0.9204724619865488,1.0,1.0,0.9421739130432979,0.9486956521738102,5,39,181,5,225,1.6666666666666667,13.0,60.333333333333336,1.6666666666666667,True,0.07666555071978574,0.038834951456310676,0.022296173044925125,-0.05436937767486062,0.07666555071978574,0.172991452991453,0.053493814777666335,-0.11949763821378666,0.14485821660403142,0.17389818927229245,0.09118438761776582,-0.08271380165452663,0,-0.11949763821378666,False,2896,2945.324110671937
65,24401,27654,3254,3000,3000.0,2938,3067,2938.2,3029.0,0.9204724619865488,0.9995652173913004,1.0,0.9491304347826736,0.9669565217391937,5,39,180,5,224,1.6666666666666667,13.0,60.0,1.6666666666666667,True,0.0763307666555072,0.03783059926347506,0.021630615640599003,-0.054700151014908195,0.0763307666555072,0.17094017094017094,0.05382815112002675,-0.11711201982014419,0.14041680901947387,0.1714092140921409,0.08815612382234186,-0.08325309026979905,0,-0.11711201982014419,False,2896,2945.324110671937
66,25801,27519,1719,1500,1500.0,1451,1567,1451.2,1542.0,0.8713357108530838,0.9917391304347984,1.0,0.90391304347806,0.9243478260868505,4,19,103,4,126,2.6666666666666665,12.666666666666666,68.66666666666667,2.6666666666666665,True,0.08646112600536193,0.05185185185185185,0.032,-0.05446112600536193,0.08646112600536193,0.19361554476058293,0.053475935828877004,-0.14013960893170593,0.15347222222222223,0.19361554476058293,0.09427609427609428,-0.09933945048448865,0,-0.14013960893170593,False,1412,1454.699604743083
67,25301,27525,2225,2000,2000.0,1946,2067,1946.2,2037.0,0.8967659990229232,1.0,1.0,0.9439130434781692,0.9243478260868505,4,23,121,4,148,2.0,11.5,60.5,2.0,True,0.08048289738430583,0.04435483870967742,0.0265,-0.05398289738430584,0.08048289738430583,0.17589239524055872,0.051706827309236945,-0.12418556793132177,0.14935400516795866,0.17653113741636645,0.0893939393939394,-0.08713719802242705,0,-0.12418556793132177,False,1904,1949.901185770751
68,32901,36175,3275,3000,3000.0,2902,3031,2905.4,3020.6,0.9104148689013767,0.9304347826086814,1.0,0.9020638057592805,0.9426086956520158,4,37,197,4,238,1.3333333333333333,12.333333333333334,65.66666666666667,1.3333333333333333,True,0.05465587044534413,0.03313253012048193,0.009336445481827277,-0.045319424963516854,0.057036787040162,0.20178143199725934,0.041750167000668005,-0.16003126499659134,0.1785967399007796,0.20309278350515464,0.09928106812735364,-0.103811715377801,0,-0.16003126499659134,False,2822,2911.0
69,32901,36675,3775,3500,3500.0,3402,3531,3405.4,3520.6,0.9222458969190475,0.9304347826086814,1.0,0.9020638057592805,0.9230434782607699,4,38,232,4,274,1.1428571428571428,10.857142857142858,66.28571428571429,1.1428571428571428,True,0.05456120092378753,0.03583715596330275,0.008859674192626465,-0.04570152673116107,0.05717585908172105,0.19537876572097104,0.03777904979965655,-0.1575997159213145,0.17188440698374474,0.19648093841642228,0.09617071031862029,-0.10031022809780199,0,-0.1575997159213145,False,3322,3410.7391304347825
70,32901,37177,4277,4000,4000.0,3900,4033,3906.4,4022.2,0.9310264203880851,0.9304347826086814,1.0,0.9020638057592805,0.9430434782611701,4,38,267,4,309,1.0,9.5,66.75,1.0,True,0.051715438950555,0.03635907723169508,0.008002000500125032,-0.043713438450429964,0.05425182942215493,0.1913643331630046,0.03655483224837256,-0.15480950091463205,0.17272965192358022,0.19197341513292435,0.09772901250318959,-0.09424440262973476,0,-0.15480950091463205,False,3819,3910.102766798419
71,32901,35675,2775,2500,2500.0,2402,2531,2405.4,2520.6,0.8942890716803159,0.9304347826086814,1.0,0.9020638057592805,0.9686956521738103,3,36,165,3,204,1.2,14.4,66.0,1.2,True,0.05844155844155844,0.03294495781438329,0.010804321728691477,-0.04763723671286696,0.06090133982947625,0.21000413393964448,0.04891740176423416,-0.1610867321754103,0.18863049095607234,0.2112033195020747,0.11152416356877323,-0.09967915593330146,0,-0.1610867321754103,False,2322,2411.086956521739
72,24701,27454,2754,2500,2500.0,2438,2567,2438.2,2529.0,0.9060496984622729,1.0,1.0,0.9339130434781692,0.9226086956519793,3,31,162,3,196,1.2,12.4,64.8,1.2,True,0.07961399276236429,0.04019292604501608,0.021956087824351298,-0.057657904938013,0.07961399276236429,0.17938144329896907,0.051384985949417906,-0.12799645734955117,0.1442109600329625,0.18234086242299793,0.09101941747572816,-0.09132144494726978,0,-0.12799645734955117,False,2396,2445.411067193676
73,33401,36105,2705,2500,2500.0,2448,2536,2451.4,2510.6,0.920421120308566,0.9569565217389754,0.9995652173913185,0.9383524027458406,0.9294071146243368,3,30,157,3,190,1.2,12.0,62.8,1.2,True,0.051189036678758564,0.03577170418006431,0.008003201280512205,-0.04318583539824636,0.05265289590927501,0.2007358953393295,0.03931006819093462,-0.16142582714839487,0.17358490566037735,0.20163934426229507,0.09480997139354311,-0.10682937286875197,0,-0.16142582714839487,False,2382,2439.9367588932805
74,33501,36203,2703,2500,2500.0,2450,2547,2453.4,2508.6,0.9219546719425725,1.0,1.0,0.948695652173883,0.9539130434781691,3,30,156,3,189,1.2,12.0,62.4,1.2,True,0.050362610797743755,0.035355564483728404,0.0076,-0.04276261079774375,0.05155054369714056,0.1986161986161986,0.04014452027298274,-0.15847167834321588,0.17195325542570952,0.20032639738882088,0.09316517493897478,-0.1071612224498461,0,-0.15847167834321588,False,2393,2444.375494071146
75,33501,36706,3206,3000,3000.0,2953,3050,2956.4,3011.6,0.9341587783774701,1.0,1.0,0.948695652173883,0.9578260869564837,3,30,191,3,224,1.0,10.0,63.666666666666664,1.0,True,0.04946164199192463,0.03843582887700535,0.007326007326007326,-0.042135634665917306,0.05179952909519004,0.1912162162162162,0.036072144288577156,-0.15514407192763904,0.16557433597792343,0.1922816519972918,0.09050996285038838,-0.10177168914690342,0,-0.15514407192763904,False,2896,2947.114624505929
76,33501,37206,3706,3500,3500.0,3449,3548,3455.4,3511.6,0.9426429526736657,1.0,1.0,0.948695652173883,0.9286956521741376,3,30,230,3,263,0.8571428571428571,8.571428571428571,65.71428571428571,0.8571428571428571,True,0.04697406340057637,0.038395415472779366,0.006569551556698086,-0.040404511843878284,0.049265341400172864,0.18883747831116252,0.03392754456584244,-0.15490993374532008,0.16784452296819788,0.1899942163100058,0.0934336129592132,-0.0965606033507926,0,-0.15490993374532008,False,3390,3444.478260869565
77,33401,37108,3708,3500,3500.0,3447,3537,3453.4,3512.8,0.9415130622390784,0.9569565217389754,1.0,0.9383524027458406,0.9391304347829282,3,31,227,3,261,0.8571428571428571,8.857142857142858,64.85714285714286,0.8571428571428571,True,0.04871720957048141,0.03926626540556033,0.006857142857142857,-0.041860066713338556,0.050720461095100866,0.18856977081520163,0.03463079564968517,-0.15393897516551647,0.16779911373707534,0.18973020017406442,0.09315147997678468,-0.09657872019727974,0,-0.15393897516551647,False,3379,3440.0395256916995
78,25701,27425,1725,1500,1500.0,1446,1567,1446.2,1537.0,0.866868304977897,0.9152173913042134,1.0,0.9258049108276828,0.9417391304346165,2,19,104,2,125,1.3333333333333333,12.666666666666666,69.33333333333333,1.3333333333333333,True,0.0846774193548387,0.04983164983164983,0.028666666666666667,-0.05601075268817204,0.0846774193548387,0.19456066945606695,0.05294906166219839,-0.14161160779386855,0.15121951219512195,0.19473319473319473,0.09594594594594595,-0.09878724878724877,0,-0.14161160779386855,False,1404,1449.98814229249
79,33401,35079,1679,1500,1500.0,1444,1524,1444.0,1506.6,0.8859828572907544,0.9569565217389754,0.9895652173913185,0.9383524027458406,0.927826086956411,2,26,93,2,121,1.3333333333333333,17.333333333333332,62.0,1.3333333333333333,True,0.05166553365057784,0.029490616621983913,0.007989347536617843,-0.04367618611396,0.053778080326752895,0.20206896551724138,0.041278295605858856,-0.16079066991138252,0.18056562726613487,0.2050034746351633,0.09547038327526132,-0.10953309135990198,0,-0.16079066991138252,False,1379,1443.2727272727273
80,33501,35187,1687,1500,1500.0,1449,1545,1453.0,1505.2,0.8837916548542011,1.0,0.9108695652175811,0.948695652173883,0.9006935817803969,2,25,92,2,119,1.3333333333333333,16.666666666666668,61.333333333333336,1.3333333333333333,True,0.05398110661268556,0.030201342281879196,0.008666666666666666,-0.0453144399460189,0.055967633175994604,0.20713305898491083,0.04542418169672679,-0.16170887728818403,0.19255547602004294,0.20798898071625344,0.10370879120879122,-0.10428018950746222,0,-0.16170887728818403,False,1394,1444.695652173913
81,33401,35605,2205,2000,2000.0,1948,2036,1951.4,2010.6,0.9023957409050064,0.9569565217389754,1.0,0.9383524027458406,0.9504347826085723,2,29,128,2,159,1.0,14.5,64.0,1.0,True,0.05502271580010096,0.036701860231272,0.009004502251125562,-0.046018213548975395,0.056508577194752774,0.21017471736896198,0.0481685900652283,-0.16200612730373368,0.1856763925729443,0.21082474226804124,0.10734463276836158,-0.10348010949967966,0,-0.16200612730373368,False,1882,1940.0237154150198
82,33501,35703,2203,2000,2000.0,1950,2047,1953.4,2008.6,0.9042609879807725,1.0,1.0,0.948695652173883,0.9569565217390482,2,28,124,2,154,1.0,14.0,62.0,1.0,True,0.0549949545913219,0.03768844221105527,0.0085,-0.0464949545913219,0.05698436712052446,0.20899335717935616,0.048719236564540434,-0.16027412061481572,0.18354430379746836,0.2096360840594567,0.10674157303370786,-0.10289451102574883,0,-0.16027412061481572,False,1893,1944.4624505928855
83,33601,36303,2703,2500,2500.0,2450,2547,2453.4,2508.6,0.9219546719425725,1.0,1.0,0.9139130434780963,0.9447826086955683,2,29,159,2,190,0.8,11.6,63.6,0.8,True,0.050362610797743755,0.035355564483728404,0.0076,-0.04276261079774375,0.05155054369714056,0.1986161986161986,0.03853873946206343,-0.16007745915413518,0.17153589315525877,0.20155038759689922,0.096826688364524,-0.10472369923237522,0,-0.16007745915413518,False,2393,2444.375494071146
84,33701,36403,2703,2500,2500.0,2450,2547,2453.4,2508.6,0.9219546719425725,1.0,1.0,0.9256521739129312,0.905652173912822,2,29,158,2,189,0.8,11.6,63.2,0.8,True,0.04915390813859791,0.03495379670550422,0.0072,-0.04195390813859791,0.04993958920660491,0.19983719983719983,0.03773584905660377,-0.16210135078059607,0.17612687813021702,0.20195838433292534,0.096826688364524,-0.10513169596840134,0,-0.16210135078059607,False,2393,2444.375494071146
85,33801,36503,2703,2500,2500.0,2450,2547,2453.4,2508.6,0.9219546719425725,0.9934782608695605,1.0,0.9294685990337166,0.954347826086887,2,24,158,2,184,0.8,9.6,63.2,0.8,True,0.046736502820306204,0.03495379670550422,0.0068,-0.039936502820306204,0.04792589609343536,0.19658119658119658,0.03492573263749498,-0.1616554639437016,0.17529215358931552,0.19910240718074254,0.09438567941415785,-0.1047167277665847,0,-0.1616554639437016,False,2393,2444.375494071146
86,33701,36906,3206,3000,3000.0,2953,3049,2956.4,3011.6,0.9340502861482262,1.0,1.0,0.9256521739129312,0.927391304348057,2,29,196,2,227,0.6666666666666666,9.666666666666666,65.33333333333333,0.6666666666666666,True,0.04946164199192463,0.03877005347593583,0.006993006993006993,-0.04246863499891764,0.05146316851664985,0.1953362622507604,0.03406813627254509,-0.1612681259782153,0.17017604418363824,0.19607179139857772,0.09465855307640297,-0.10141323832217475,0,-0.1612681259782153,False,2894,2946.4308300395255
87,8401,9939,1539,1500,1500.0,1384,1509,1493.0,1501.0,0.9679068847642568,1.0,0.9252173913043862,0.9347826086956593,0.914770258980734,1,5,125,1,131,0.6666666666666666,3.3333333333333335,83.33333333333333,0.6666666666666666,True,0.060828877005347594,0.04536357571714476,0.0013333333333333333,-0.05949554367201426,0.060828877005347594,0.18733153638814015,0.02068045363575717,-0.166651082752383,0.1500672947510094,0.18838622552329506,0.08137188971082716,-0.1070143358124679,0,-0.166651082752383,False,1369,1470.1699604743083
88,33601,35289,1689,1500,1500.0,1449,1545,1453.4,1505.2,0.8827966123509613,1.0,0.9808695652173628,0.9139130434780963,0.9243478260868869,1,25,98,1,124,0.6666666666666666,16.666666666666668,65.33333333333333,0.6666666666666666,True,0.05735492577597841,0.02953020134228188,0.01,-0.047354925775978406,0.05799055967633176,0.21193415637860083,0.047428189712758854,-0.16450596666584197,0.1968503937007874,0.2128099173553719,0.1092032967032967,-0.10360662065207521,0,-0.16450596666584197,False,1394,1444.695652173913
89,25501,27214,1714,1500,1500.0,1445,1557,1446.0,1536.0,0.8722287047840861,1.0,1.0,0.9369565217390118,0.9408695652173265,1,19,96,1,116,0.6666666666666666,12.666666666666666,64.0,0.6666666666666666,True,0.08338937457969066,0.04107744107744108,0.022,-0.06138937457969066,0.08338937457969066,0.18043025676613464,0.05003335557038025,-0.1303969011957544,0.14714086471408647,0.18377253814147018,0.09330628803245436,-0.09046625010901582,0,-0.1303969011957544,False,1409,1451.509881422925
90,25401,27114,1714,1500,1500.0,1445,1557,1446.0,1536.0,0.8722033382374886,0.9995652173913185,1.0,0.9339130434783146,0.9208695652172537,1,19,95,1,115,0.6666666666666666,12.666666666666666,63.333333333333336,0.6666666666666666,True,0.08338937457969066,0.03840970350404313,0.021333333333333333,-0.06205604124635733,0.08338937457969066,0.1798611111111111,0.049366244162775186,-0.13049486694833592,0.1506276150627615,0.18377253814147018,0.09330628803245436,-0.09046625010901582,0,-0.13049486694833592,False,1409,1451.4229249011858
91,25301,27014,1714,1500,1500.0,1445,1557,1446.0,1536.0,0.8722033382374886,1.0,1.0,0.9439130434781692,0.9373913043477295,1,19,89,1,109,0.6666666666666666,12.666666666666666,59.333333333333336,0.6666666666666666,True,0.08271687962340282,0.03571428571428571,0.016,-0.06671687962340282,0.08271687962340282,0.175,0.04679144385026738,-0.12820855614973262,0.15271966527196654,0.18169209431345354,0.09465855307640297,-0.08703354123705057,0,-0.12820855614973262,False,1409,1451.4229249011858
92,35201,36716,1516,1500,1500.0,1497,1509,1500.0,1502.0,0.990076861305496,0.9808695652173628,1.0,0.9269565217390482,0.958695652173883,1,5,99,1,105,0.6666666666666666,3.3333333333333335,66.0,0.6666666666666666,True,0.04533333333333334,0.047364909939959975,0.005333333333333333,-0.04203157660662664,0.048,0.1781187458305537,0.015333333333333332,-0.16278541249722037,0.14209472981987992,0.1781187458305537,0.0758988015978695,-0.1022199442326842,0,-0.16278541249722037,False,1496,1499.4189723320158
93,35601,37102,1502,1500,1500.0,1497,1502,1499.0,1502.0,0.9989000173681514,1.0,0.9991304347826372,0.9586956521738466,0.9303557312256453,1,2,99,1,102,0.6666666666666666,1.3333333333333333,66.0,0.6666666666666666,True,0.042,0.04336224149432955,0.0033333333333333335,-0.04002890816099622,0.04466666666666667,0.1628838451268358,0.013981358189081226,-0.14890248693775457,0.15076717811874582,0.16333333333333333,0.07476635514018691,-0.08856697819314642,0,-0.14890248693775457,False,1493,1499.0158102766798
94,35001,36529,1529,1500,1500.0,1498,1514,1499.0,1514.0,0.9837347513293828,0.9895652173913185,1.0,0.9230434782607335,0.9373913043477295,1,5,93,1,99,0.6666666666666666,3.3333333333333335,62.0,0.6666666666666666,True,0.04269513008672448,0.04138851802403204,0.0066711140760507,-0.03602401601067378,0.04469646430953969,0.18090787716955942,0.01801200800533689,-0.16289586916422252,0.15384615384615385,0.18090787716955942,0.08586525759577279,-0.09504261957378662,0,-0.16289586916422252,False,1491,1498.5770750988142
95,24901,27138,2238,2000,2000.0,1932,2060,1933.0,2023.0,0.8891479193378691,1.0,1.0,0.9213043478258988,0.9091304347824917,1,25,131,1,157,0.5,12.5,65.5,0.5,True,0.07925290257445734,0.03530005042864347,0.018,-0.06125290257445734,0.07925290257445734,0.1842241826673586,0.04716507777220271,-0.13705910489515588,0.14731910463300366,0.18766200103680664,0.09409969481180061,-0.09356230622500603,0,-0.13705910489515588,False,1895,1941.9328063241107
96,25001,27248,2248,2000,2000.0,1938,2066,1939.0,2029.0,0.8874748568775618,1.0,0.9513043478260806,0.9213043478258988,0.9268913043477369,1,25,130,1,156,0.5,12.5,65.0,0.5,True,0.0790135883241067,0.038712921065862244,0.018943170488534396,-0.0600704178355723,0.0790135883241067,0.18181818181818182,0.048719236564540434,-0.13309894525364138,0.14374675661650232,0.18294573643410852,0.0922920892494929,-0.09065364718461562,0,-0.13309894525364138,False,1896,1945.9407114624505
97,33701,35903,2203,2000,2000.0,1950,2047,1953.4,2008.6,0.9042609879807725,1.0,1.0,0.9256521739129312,0.9334782608692694,1,27,127,1,155,0.5,13.5,63.5,0.5,True,0.05751765893037336,0.035678391959798994,0.0085,-0.04901765893037336,0.05799293998991427,0.21359223300970873,0.045203415369161226,-0.1683888176405475,0.19040084388185655,0.21476166068682725,0.10520939734422881,-0.10955226334259845,0,-0.1683888176405475,False,1893,1944.4624505928855
98,34301,36456,2156,2000,2000.0,1976,2034,1982.0,2023.2,0.9287327579252553,0.936521739130294,1.0,0.9420115506156072,0.9313043478259715,1,16,138,1,155,0.5,8.0,69.0,0.5,True,0.04602301150575288,0.03662819869543402,0.0055,-0.04052301150575288,0.04702351175587794,0.20827029752899648,0.031108881083793276,-0.1771614164452032,0.17357512953367876,0.21068548387096775,0.09969635627530364,-0.11098912759566411,0,-0.1771614164452032,False,1927,1969.399209486166
99,24801,27038,2238,2000,2000.0,1932,2060,1933.0,2023.0,0.8891479193378691,1.0,1.0,0.9447826086956047,0.9491304347824916,1,26,127,1,154,0.5,13.0,63.5,0.5,True,0.07874810701665826,0.03328290468986384,0.0145,-0.06424810701665826,0.07874810701665826,0.1785158277114686,0.0481685900652283,-0.1303472376462403,0.14575741801145237,0.18506998444790046,0.0935910478128179,-0.09147893663508255,0,-0.1303472376462403,False,1895,1941.9328063241107
100,33801,36003,2203,2000,2000.0,1950,2047,1953.4,2008.6,0.9042609879807725,0.9934782608695605,1.0,0.9294685990337166,0.9582608695651288,1,22,126,1,149,0.5,11.0,63.0,0.5,True,0.05348133198789102,0.035678391959798994,0.008,-0.04548133198789102,0.05446293494704992,0.2110373019928462,0.04118533400301356,-0.16985196798983265,0.19040084388185655,0.21168631471040492,0.10265577119509704,-0.10903054351530787,0,-0.16985196798983265,False,1893,1944.4624505928855
101,35201,37218,2018,2000,2000.0,1994,2011,1996.2,2002.8,0.9911880036195976,0.9808695652173628,0.9873913043478023,0.9269565217390482,0.9213677536234173,1,5,138,1,144,0.5,2.5,69.0,0.5,True,0.0415,0.04452226113056528,0.0045,-0.040022261130565284,0.04452226113056528,0.17826740110165248,0.014985014985014986,-0.1632823861166375,0.154039136979428,0.17826740110165248,0.08608608608608609,-0.0921813150155664,0,-0.1632823861166375,False,1988,1996.5454545454545
102,34301,36956,2656,2500,2500.0,2474,2533,2482.0,2523.2,0.9419689628077146,0.936521739130294,1.0,0.9420115506156072,0.9278260869566293,1,16,179,1,196,0.4,6.4,71.6,0.4,True,0.04771451483560545,0.04131568391496189,0.0056,-0.04211451483560545,0.04971932638331997,0.20362903225806453,0.02807862013638187,-0.17555041212168265,0.16762767710049423,0.20362903225806453,0.09745248685806712,-0.10617654539999741,0,-0.17555041212168265,False,2425,2468.4545454545455
103,24401,27138,2738,2500,2500.0,2432,2560,2433.0,2523.0,0.909375297741885,0.9995652173913004,1.0,0.9491304347826736,0.9091304347824917,1,36,154,1,191,0.4,14.4,61.6,0.4,True,0.07819427650141073,0.033440773569701855,0.0168,-0.06139427650141073,0.07819427650141073,0.17511330861145447,0.05174488567990373,-0.12336842293155073,0.14415530772408097,0.17620605069501227,0.09124087591240876,-0.08496517478260351,0,-0.12336842293155073,False,2394,2441.8458498023715
104,24301,27038,2738,2500,2500.0,2432,2560,2433.0,2523.0,0.909375297741885,1.0,1.0,0.9421739130432979,0.9491304347824916,1,35,150,1,186,0.4,14.0,60.0,0.4,True,0.0769850866586054,0.031829170024174055,0.014,-0.0629850866586054,0.0769850866586054,0.1734651833539349,0.05174488567990373,-0.12172029767403117,0.14539446509706733,0.1753808151502676,0.09407948094079481,-0.08130133420947279,0,-0.12172029767403117,False,2394,2441.8458498023715
105,24601,26838,2238,2000,2000.0,1932,2060,1933.0,2023.0,0.8891479193378691,1.0,1.0,0.9347826086956047,0.9273913043476932,0,29,126,0,155,0.0,14.5,63.0,0.0,False,0.08278647147905098,0.030257186081694403,0.012,-0.07078647147905098,0.08278647147905098,0.1800726517903477,0.0481685900652283,-0.1319040617251194,0.14888079125455492,0.1871435977190254,0.09460834181078331,-0.09253525590824208,0,-0.1319040617251194,False,1895,1941.9328063241107
106,24701,26938,2238,2000,2000.0,1932,2060,1933.0,2023.0,0.8891479193378691,1.0,1.0,0.9339130434781692,0.9443478260868505,0,27,125,0,152,0.0,13.5,62.5,0.0,False,0.0812720848056537,0.03277861825516894,0.014,-0.0672720848056537,0.0812720848056537,0.1774779449922159,0.04917210235825389,-0.128305842633962,0.15096304008328995,0.1855883877656817,0.09562563580874874,-0.08996275195693297,0,-0.128305842633962,False,1895,1941.9328063241107
107,34301,35956,1656,1500,1500.0,1476,1534,1482.0,1523.2,0.9072411258138398,0.936521739130294,1.0,0.9420115506156072,0.9408695652171446,0,14,108,0,122,0.0,9.333333333333334,72.0,0.0,False,0.05537024683122081,0.039491298527443104,0.007333333333333333,-0.04803691349788748,0.05670446964643095,0.2306136210384356,0.036838580040187544,-0.19377504099824805,0.1944055944055944,0.23247978436657682,0.11246612466124661,-0.1200136597053302,0,-0.19377504099824805,False,1427,1469.4861660079052
108,25101,26838,1738,1500,1500.0,1432,1560,1433.0,1523.0,0.857257217191111,0.9721739130435162,1.0,0.9439130434781692,0.9273913043476932,0,22,96,0,118,0.0,14.666666666666666,64.0,0.0,False,0.08710330857528698,0.03169251517194875,0.012,-0.07510330857528698,0.08710330857528698,0.18710581639803783,0.04956463496316142,-0.13754118143487643,0.1534130893736805,0.19244226731980407,0.09754433833560709,-0.09489792898419698,0,-0.13754118143487643,False,1395,1441.9328063241107
109,25001,26738,1738,1500,1500.0,1432,1560,1433.0,1523.0,0.857257217191111,1.0,1.0,0.9213043478258988,0.9199999999998181,0,22,96,0,118,0.0,14.666666666666666,64.0,0.0,False,0.08912896691424713,0.028320971004720162,0.010666666666666666,-0.07846230024758045,0.08912896691424713,0.1920112123335669,0.04956463496316142,-0.1424465773704055,0.16045038705137227,0.1994401679496151,0.10163710777626193,-0.09780306017335318,0,-0.1424465773704055,False,1395,1441.9328063241107
110,24301,25837,1537,1500,1500.0,1489,1527,1489.0,1507.0,0.9755311023733108,1.0,0.9921739130434798,0.9421739130432979,0.9186931095853288,0,20,80,0,100,0.0,13.333333333333334,53.333333333333336,0.0,False,0.06947227788911156,0.026595744680851064,0.009953550099535502,-0.05951872778957606,0.06947227788911156,0.15746971736204576,0.047428189712758854,-0.1100415276492869,0.13901947615849564,0.1595959595959596,0.08596373404969779,-0.07363222554626181,0,-0.1100415276492869,False,1485,1492.6245059288538
