overall_rank,alignment_start,alignment_end,alignment_width_columns,target_length_bp,median_length_bp,min_length_bp,max_length_bp,q10_length_bp,q90_length_bp,mean_candidate_coverage,left_end_coverage,right_end_coverage,left_end_conservation,right_end_conservation,left_site_start,left_site_end,left_site_consensus_5to3,left_site_mean_conservation,left_site_exact_fraction,left_site_max_mismatches,left_site_max_3prime_mismatches,right_site_start,right_site_end,right_site_consensus_5to3,right_site_mean_conservation,right_site_exact_fraction,right_site_max_mismatches,right_site_max_3prime_mismatches,minimum_pair_comparable_bp,mean_pair_comparable_bp,diagnostic_sites_t2_typeb,diagnostic_density_t2_typeb_per_kb,within_t2_typeb_group_a_max,within_t2_typeb_group_b_max,between_t2_typeb_min,margin_t2_typeb,balanced_diagnostic_sites,total_diagnostic_sites,balanced_diagnostic_density_per_kb,positive_margin_count,balanced_margin,all_required_margins_positive
1,32801,35073,2273,2000,2000.0,1945,2067,1945.0,2040.0,0.8779624705904433,0.9689855072463252,0.987536231884078,0.9263496859948525,0.9353359683794163,32985,33006,CGATGTTACAATATAATGCAAG,1.0,1.0,0,0,34796,34817,GACTACAGGCTTCCCTCCAAAC,0.9980237154150197,0.9565217391304348,1,0,1892,1940.8656126482213,110,55.0,0.15181347150259067,0.1729478575116159,0.09228441754916793,-0.08066343996244797,110,110,55.0,0,-0.08066343996244797,False
2,41301,44024,2724,2500,2500.0,2456,2550,2459.4,2511.6,0.9161399476472869,0.8153623188405739,0.9995652173913185,0.9389467425425392,0.910678524374404,41334,41355,GTTGGTGATTCATAGTCGTTTA,1.0,1.0,0,0,43808,43829,TACCCTCATCGAGCATTCGCTC,0.9940711462450593,0.8695652173913043,1,0,2383,2445.99604743083,167,66.8,0.16911456147712967,0.2016260162601626,0.09653767820773931,-0.10508833805242329,167,167,66.8,0,-0.10508833805242329,False
3,41201,43921,2721,2500,2500.0,2450,2547,2453.4,2508.6,0.9158557435724991,0.8868115942028696,1.0,0.9514895330114814,0.9343478260871052,41334,41355,GTTGGTGATTCATAGTCGTTTA,1.0,1.0,0,0,43808,43829,TACCCTCATCGAGCATTCGCTC,0.9940711462450593,0.8695652173913043,1,0,2377,2442.0711462450595,154,61.6,0.17248632730332353,0.19617419617419618,0.09461663947797716,-0.10155755669621902,154,154,61.6,0,-0.10155755669621902,False
4,41301,44524,3224,3000,3000.0,2952,3048,2958.4,3011.6,0.928687021253612,0.8153623188405739,0.9962318840579731,0.9389467425425392,0.9225744429422533,41334,41355,GTTGGTGATTCATAGTCGTTTA,1.0,1.0,0,0,44229,44250,TCCATCGCTCAGGCTTGAACTT,0.9881422924901186,0.8260869565217391,2,0,2877,2943.280632411067,200,66.66666666666667,0.16741924279263634,0.1947261663286004,0.09793290410030499,-0.09679326222829542,200,200,66.66666666666667,0,-0.09679326222829542,False
5,41201,44424,3224,3000,3000.0,2949,3048,2955.4,3011.6,0.9284847340597399,0.8868115942028696,0.9950724637681196,0.9514895330114814,0.9136049341902011,41334,41355,GTTGGTGATTCATAGTCGTTTA,1.0,1.0,0,0,44229,44250,TCCATCGCTCAGGCTTGAACTT,0.9881422924901186,0.8260869565217391,2,0,2874,2942.094861660079,197,65.66666666666667,0.17072322670375523,0.19574036511156187,0.09691629955947137,-0.0988240655520905,197,197,65.66666666666667,0,-0.0988240655520905,False
6,41101,44324,3224,3000,3000.0,2953,3049,2956.4,3011.6,0.9288353651957846,0.8868115942028696,0.9988405797101465,0.9410547504028121,0.9308855637119026,41334,41355,GTTGGTGATTCATAGTCGTTTA,1.0,1.0,0,0,44057,44078,TCTCCTGAGTAGCCACACGTCC,0.992094861660079,0.8260869565217391,1,0,2878,2944.1264822134385,189,63.0,0.16712995135510772,0.194322406218317,0.09417344173441734,-0.10014896448389966,189,189,63.0,0,-0.10014896448389966,False
7,32901,35173,2273,2000,2000.0,1944,2068,1945.0,2039.0,0.8778668298934138,0.9027536231883642,0.9862318840579852,0.9074211145662412,0.9153152644456228,32985,33006,CGATGTTACAATATAATGCAAG,1.0,1.0,0,0,34877,34898,ATTTGCACTATGCTTACAACAA,0.992094861660079,0.8260869565217391,1,0,1892,1940.4387351778655,112,56.0,0.15723923196678774,0.1802685950413223,0.09545454545454546,-0.08481404958677685,112,112,56.0,0,-0.08481404958677685,False
8,41101,43821,2721,2500,2500.0,2450,2547,2453.4,2508.6,0.9158557435724991,0.8868115942028696,1.0,0.9410547504028121,0.9356521739131616,41334,41355,GTTGGTGATTCATAGTCGTTTA,1.0,1.0,0,0,43553,43574,TGGTAAGACCCAAGAATCCGTC,0.9901185770750988,0.782608695652174,1,0,2377,2442.0711462450595,151,60.4,0.17206562894404712,0.19787841697266423,0.09543230016313213,-0.1024461168095321,151,151,60.4,0,-0.1024461168095321,False
9,41201,42921,1721,1500,1500.0,1450,1547,1453.4,1508.6,0.8669883535860767,0.8868115942028696,0.9504347826086814,0.9514895330114814,0.9127536231886431,41334,41355,GTTGGTGATTCATAGTCGTTTA,1.0,1.0,0,0,42633,42654,TGACGAAAAATGAAGCATTAGG,0.9901185770750988,0.782608695652174,1,0,1377,1442.1581027667985,97,64.66666666666667,0.20624546114742193,0.22717913520933425,0.11914600550964187,-0.10803312969969238,97,97,64.66666666666667,0,-0.10803312969969238,False
10,41101,42819,1719,1500,1500.0,1449,1547,1453.4,1508.4,0.8678958949843852,0.8868115942028696,0.9526086956521491,0.9410547504028121,0.9121957671961233,41334,41355,GTTGGTGATTCATAGTCGTTTA,1.0,1.0,0,0,42633,42654,TGACGAAAAATGAAGCATTAGG,0.9901185770750988,0.782608695652174,1,0,1377,1442.1501976284585,90,60.0,0.19898329702251272,0.21962937542896363,0.11363636363636363,-0.1059930117926,90,90,60.0,0,-0.1059930117926,False
11,41301,43521,2221,2000,2000.0,1953,2047,1956.4,2008.6,0.8972065070570976,0.8153623188405739,0.9998550724637728,0.9389467425425392,0.9405270092228359,41334,41355,GTTGGTGATTCATAGTCGTTTA,1.0,1.0,0,0,43367,43388,GCTCATGGATGAAAGGCTCGAG,0.9861660079051383,0.7391304347826086,2,0,1880,1943.2569169960475,130,65.0,0.17712765957446808,0.2106611993849308,0.1019467213114754,-0.1087144780734554,130,130,65.0,0,-0.1087144780734554,False
12,41201,43421,2221,2000,2000.0,1950,2047,1953.4,2008.6,0.8969324432785403,0.8868115942028696,1.0,0.9514895330114814,0.9336231884061029,41334,41355,GTTGGTGATTCATAGTCGTTTA,1.0,1.0,0,0,43178,43199,AGGATGAATCCCTGATGTGAAC,0.9861660079051383,0.7391304347826086,2,0,1877,1942.1581027667985,123,61.5,0.18540223761321256,0.2085889570552147,0.10245901639344263,-0.10612994066177209,123,123,61.5,0,-0.10612994066177209,False
13,41101,43321,2221,2000,2000.0,1950,2047,1953.4,2008.6,0.8969324432785403,0.8868115942028696,1.0,0.9410547504028121,0.9255072463771163,41334,41355,GTTGGTGATTCATAGTCGTTTA,1.0,1.0,0,0,43178,43199,AGGATGAATCCCTGATGTGAAC,0.9861660079051383,0.7391304347826086,2,0,1877,1942.1581027667985,122,61.0,0.18540223761321256,0.2120592743995912,0.10450819672131148,-0.10755107767827973,122,122,61.0,0,-0.10755107767827973,False
14,41301,43021,1721,1500,1500.0,1453,1547,1456.4,1508.6,0.8673673041456607,0.8153623188405739,0.9650724637680954,0.9389467425425392,0.9252173913045165,41334,41355,GTTGGTGATTCATAGTCGTTTA,1.0,1.0,0,0,43000,43021,CAAGGTAGGGTCCAATGGCAGC,0.9782608695652175,0.6956521739130435,3,0,1380,1443.3438735177865,99,66.0,0.19492753623188405,0.2299245024021963,0.12190082644628099,-0.10802367595591532,99,99,66.0,0,-0.10802367595591532,False
15,41101,44834,3734,3500,3500.0,3437,3536,3440.6,3511.2,0.9345846626766632,0.8868115942028696,0.9543478260868626,0.9410547504028121,0.8770491975717596,41334,41355,GTTGGTGATTCATAGTCGTTTA,1.0,1.0,0,0,44570,44591,CTTACAAAGCCTTGAGAACCTT,0.9782608695652173,0.6086956521739131,2,0,3352,3431.1739130434785,227,64.85714285714286,0.17829457364341086,0.19982573337205925,0.10451237263464337,-0.09531336073741588,227,227,64.85714285714286,0,-0.09531336073741588,False
16,15301,18619,3319,3000,3000.0,2818,3167,2838.2,3166.0,0.9027601294260666,1.0,0.7010144927534263,0.9533333333332787,0.8824802009584285,15567,15588,GCAGTCTTGAACTCGTGGTAAG,1.0,1.0,0,0,18363,18384,TGCTTACCTCTCCTTGCATCAT,0.9723320158102768,0.5652173913043478,3,0,2587,2853.889328063241,206,68.66666666666667,0.16351174934725848,0.23299928418038654,0.08886067914947636,-0.1441386050309102,206,206,68.66666666666667,0,-0.1441386050309102,False
17,15301,17937,2637,2500,2500.0,2360,2535,2439.0,2534.0,0.9435458607442496,1.0,0.9675362318839537,0.9533333333332787,0.8893688437166748,15567,15588,GCAGTCTTGAACTCGTGGTAAG,1.0,1.0,0,0,17790,17811,CCAAACTCGCACAAGTCTCATG,0.9565217391304348,0.2608695652173913,2,0,2212,2429.1343873517785,188,75.2,0.16310599835661463,0.22299794661190966,0.08561236623067776,-0.1373855803812319,188,188,75.2,0,-0.1373855803812319,False
18,42901,44402,1502,1500,1500.0,1497,1502,1499.0,1502.0,0.9989000173681514,1.0,0.9950724637681196,0.9349275362320623,0.9046194269438275,42973,42994,CTGAGAAAGATCCCGGGACCAA,0.9940711462450593,0.8695652173913043,1,0,44229,44250,TCCATCGCTCAGGCTTGAACTT,0.9881422924901186,0.8260869565217391,2,0,1493,1498.9367588932807,101,67.33333333333333,0.14552736982643524,0.16822429906542055,0.07676902536715621,-0.09145527369826434,101,101,67.33333333333333,0,-0.09145527369826434,False
19,42801,44302,1502,1500,1500.0,1495,1501,1498.2,1501.0,0.998436866786319,0.9939130434782661,0.9988405797101465,0.9320289855073255,0.92740730284233,42973,42994,CTGAGAAAGATCCCGGGACCAA,0.9940711462450593,0.8695652173913043,1,0,44057,44078,TCTCCTGAGTAGCCACACGTCC,0.992094861660079,0.8260869565217391,1,0,1493,1498.9762845849802,100,66.66666666666667,0.14485981308411214,0.17478318879252835,0.07748830995323981,-0.09729487883928854,100,100,66.66666666666667,0,-0.09729487883928854,False
20,42701,44214,1514,1500,1500.0,1495,1509,1500.0,1501.0,0.9910975819884013,0.9568115942028939,0.998405797101465,0.9172463768117936,0.9104046677963197,42973,42994,CTGAGAAAGATCCCGGGACCAA,0.9940711462450593,0.8695652173913043,1,0,44057,44078,TCTCCTGAGTAGCCACACGTCC,0.992094861660079,0.8260869565217391,1,0,1492,1498.7351778656127,100,66.66666666666667,0.14428857715430862,0.18090787716955942,0.07938625750500333,-0.10152161966455608,100,100,66.66666666666667,0,-0.10152161966455608,False
21,42701,44716,2016,2000,2000.0,1988,2011,1990.0,2002.8,0.9907479296066196,0.9568115942028939,0.9865217391303789,0.9172463768117936,0.9128670634924977,42973,42994,CTGAGAAAGATCCCGGGACCAA,0.9940711462450593,0.8695652173913043,1,0,44522,44543,TCTTGCCTGGAATTGCCTTGGG,0.9861660079051383,0.6956521739130435,1,0,1981,1991.790513833992,139,69.5,0.15725806451612903,0.18158953722334004,0.0925553319919517,-0.08903420523138833,139,139,69.5,0,-0.08903420523138833,False
22,42801,44810,2010,2000,2000.0,1983,2003,1985.0,2002.0,0.9929050400173018,0.9939130434782661,0.9640579710144448,0.9320289855073255,0.8879314757308505,42973,42994,CTGAGAAAGATCCCGGGACCAA,0.9940711462450593,0.8695652173913043,1,0,44522,44543,TCTTGCCTGGAATTGCCTTGGG,0.9861660079051383,0.6956521739130435,1,0,1975,1989.3833992094862,138,69.0,0.1662455785750379,0.18731117824773413,0.09773299748110831,-0.08957818076662583,138,138,69.0,0,-0.08957818076662583,False
23,31401,34205,2805,2500,2500.0,2443,2560,2444.0,2531.0,0.8890335580872196,0.9660869565217278,1.0,0.9197059678179964,0.9276811594201232,31659,31680,GAAAAAGTCCTTATGACTTTCT,0.9901185770750988,0.8260869565217391,2,0,34061,34082,AGGTGATGGACACGATTGAGTG,1.0,1.0,0,0,2380,2433.0,146,58.4,0.1537510305028854,0.1798590965602984,0.09745248685806712,-0.08240660970223126,146,146,58.4,0,-0.08240660970223126,False
24,31501,34291,2791,2500,2500.0,2432,2560,2433.0,2523.0,0.8921066159861206,0.9998550724637668,1.0,0.9355072463767161,0.9421739130433586,31659,31680,GAAAAAGTCCTTATGACTTTCT,0.9901185770750988,0.8260869565217391,2,0,34061,34082,AGGTGATGGACACGATTGAGTG,1.0,1.0,0,0,2383,2433.7628458498025,141,56.4,0.14439387670666115,0.16990491938817692,0.09367396593673966,-0.07623095345143727,141,141,56.4,0,-0.07623095345143727,False
25,31601,33150,1550,1500,1500.0,1488,1526,1488.0,1506.0,0.9667601683029152,0.9998550724637668,0.9620289855072042,0.9260869565216611,0.9035960628063671,31659,31680,GAAAAAGTCCTTATGACTTTCT,0.9901185770750988,0.8260869565217391,2,0,32985,33006,CTTGCATTATATTGTAACATCG,1.0,1.0,0,0,1482,1490.3399209486165,90,60.0,0.14919354838709678,0.1711590296495957,0.09005376344086022,-0.08110526620873548,90,90,60.0,0,-0.08110526620873548,False
26,31501,33048,1548,1500,1500.0,1488,1526,1488.0,1506.0,0.9680653859116634,0.9998550724637668,0.9689855072463252,0.9355072463767161,0.9333062077339976,31659,31680,GAAAAAGTCCTTATGACTTTCT,0.9901185770750988,0.8260869565217391,2,0,32985,33006,CTTGCATTATATTGTAACATCG,1.0,1.0,0,0,1483,1491.0158102766798,79,52.666666666666664,0.13978494623655913,0.15778826702629806,0.08602150537634409,-0.07176676164995396,79,79,52.666666666666664,0,-0.07176676164995396,False
27,31601,34909,3309,3000,3000.0,2938,3067,2938.2,3029.0,0.9051729801463317,0.9998550724637668,1.0,0.9260869565216611,0.9456521739129797,31659,31680,GAAAAAGTCCTTATGACTTTCT,0.9901185770750988,0.8260869565217391,2,0,34796,34817,GACTACAGGCTTCCCTCCAAAC,0.9980237154150197,0.9565217391304348,1,0,2885,2936.5573122529645,171,57.0,0.14026684912760862,0.167409948542024,0.08781965006729475,-0.07959029847472926,171,171,57.0,0,-0.07959029847472926,False
28,31601,34391,2791,2500,2500.0,2432,2560,2433.0,2523.0,0.8921066159861206,0.9998550724637668,1.0,0.9260869565216611,0.9313043478259715,31659,31680,GAAAAAGTCCTTATGACTTTCT,0.9901185770750988,0.8260869565217391,2,0,34214,34235,AGGAATTCGACGATGAGCGTGA,0.9901185770750989,0.8695652173913043,2,0,2383,2433.7628458498025,147,58.8,0.1439801406702524,0.17238528317486565,0.0908353609083536,-0.08154992226651205,147,147,58.8,0,-0.08154992226651205,False
29,31501,34809,3309,3000,3000.0,2938,3067,2938.2,3029.0,0.9051729801463317,0.9998550724637668,0.9775362318840416,0.9355072463767161,0.934807656111916,31659,31680,GAAAAAGTCCTTATGACTTTCT,0.9901185770750988,0.8260869565217391,2,0,34787,34808,CTTCCCTCCAAACAATCGTTGG,0.9881422924901184,0.8260869565217391,2,0,2885,2936.5573122529645,170,56.666666666666664,0.14368799178925762,0.16912521440823328,0.0908479138627187,-0.07827730054551457,170,170,56.666666666666664,0,-0.07827730054551457,False
30,31601,33891,2291,2000,2000.0,1932,2060,1933.0,2023.0,0.8685593911904246,0.9998550724637668,0.714782608695532,0.9260869565216611,0.9175704231355364,31659,31680,GAAAAAGTCCTTATGACTTTCT,0.9901185770750988,0.8260869565217391,2,0,33734,33755,TGGAAGTATGTTTTGCGGGTAC,0.9901185770750988,0.782608695652174,1,0,1883,1933.7628458498023,115,57.5,0.1564945226917058,0.18082334549244397,0.09816887080366225,-0.08265447468878172,115,115,57.5,0,-0.08265447468878172,False
31,31501,33758,2258,2000,2000.0,1936,2060,1937.0,2018.0,0.8808487695921278,0.9998550724637668,0.7110144927535172,0.9355072463767161,0.9201389343345121,31659,31680,GAAAAAGTCCTTATGACTTTCT,0.9901185770750988,0.8260869565217391,2,0,33734,33755,TGGAAGTATGTTTTGCGGGTAC,0.9901185770750988,0.782608695652174,1,0,1887,1936.110671936759,110,55.0,0.15773034877667882,0.17576703068122726,0.09688934217236105,-0.07887768850886621,110,110,55.0,0,-0.07887768850886621,False
32,31401,32961,1561,1500,1500.0,1496,1527,1497.0,1507.0,0.9627607720802942,0.9660869565217278,0.9737681159419783,0.9197059678179964,0.9335452762339749,31659,31680,GAAAAAGTCCTTATGACTTTCT,0.9901185770750988,0.8260869565217391,2,0,32826,32847,AGACGAGCCTGTTGATGTACTA,0.9901185770750988,0.782608695652174,1,0,1479,1491.4426877470355,82,54.666666666666664,0.14963259853039412,0.16700473292765383,0.09163879598662207,-0.07536593694103176,82,82,54.666666666666664,0,-0.07536593694103176,False
33,31401,34720,3320,3000,3000.0,2946,3064,2946.2,3034.0,0.9024358302775903,0.9660869565217278,0.957826086956496,0.9197059678179964,0.9146892986239861,31659,31680,GAAAAAGTCCTTATGACTTTCT,0.9901185770750988,0.8260869565217391,2,0,34424,34445,GGATTGAGCAGTACAACTTTGG,0.9703557312252965,0.5652173913043478,2,0,2879,2932.794466403162,177,59.0,0.14919767838852852,0.17626886145404663,0.09375,-0.08251886145404663,177,177,59.0,0,-0.08251886145404663,False
34,15801,18619,2819,2500,2500.0,2318,2667,2338.2,2666.0,0.8855129015839358,1.0,0.7010144927534263,0.9392753623188097,0.8824802009584285,16038,16059,AGCGGGTTCGGGCTGGCTGAAT,0.992094861660079,0.8260869565217391,1,0,18363,18384,TGCTTACCTCTCCTTGCATCAT,0.9723320158102768,0.5652173913043478,3,0,2087,2353.889328063241,176,70.4,0.1751170046801872,0.25501307759372277,0.0912863070539419,-0.16372677053978085,176,176,70.4,0,-0.16372677053978085,False
35,31401,35226,3826,3500,3500.0,3443,3564,3444.0,3537.0,0.9136684924657029,0.9660869565217278,0.9786956521739315,0.9197059678179964,0.8927288653374247,31659,31680,GAAAAAGTCCTTATGACTTTCT,0.9901185770750988,0.8260869565217391,2,0,34952,34973,TCAACACTAGCGTGCGCCTTCT,0.9505928853754941,0.4782608695652174,3,0,3376,3430.7272727272725,193,55.142857142857146,0.15537383177570094,0.17778430796356157,0.09553956834532375,-0.08224473961823782,193,193,55.142857142857146,0,-0.08224473961823782,False
36,15801,17937,2137,2000,2000.0,1860,2035,1939.0,2034.0,0.9303371243718233,1.0,0.9675362318839537,0.9392753623188097,0.8893688437166748,16038,16059,AGCGGGTTCGGGCTGGCTGAAT,0.992094861660079,0.8260869565217391,1,0,17790,17811,CCAAACTCGCACAAGTCTCATG,0.9565217391304348,0.2608695652173913,2,0,1712,1929.1343873517787,158,79.0,0.1778697001034126,0.2470284237726098,0.087988136431043,-0.1590402873415668,158,158,79.0,0,-0.1590402873415668,False
37,32601,34356,1756,1500,1500.0,1445,1557,1446.0,1536.0,0.8513419827671055,0.9992753623188401,1.0,0.938985507246313,0.9388405797100252,32826,32847,TAGTACATCAACAGGCTCGTCT,0.9901185770750988,0.782608695652174,1,0,34061,34082,AGGTGATGGACACGATTGAGTG,1.0,1.0,0,0,1396,1443.6166007905138,87,58.0,0.15104895104895105,0.17667597765363127,0.09330628803245436,-0.08336968962117691,87,87,58.0,0,-0.08336968962117691,False
38,32601,34869,2269,2000,2000.0,1946,2067,1946.2,2037.0,0.8793760898307563,0.9992753623188401,1.0,0.938985507246313,0.9428985507245671,32826,32847,TAGTACATCAACAGGCTCGTCT,0.9901185770750988,0.782608695652174,1,0,34796,34817,GACTACAGGCTTCCCTCCAAAC,0.9980237154150197,0.9565217391304348,1,0,1893,1941.411067193676,112,56.0,0.14603832211289489,0.16761510605276772,0.08787878787878788,-0.07973631817397984,112,112,56.0,0,-0.07973631817397984,False
39,32701,34969,2269,2000,2000.0,1946,2067,1946.2,2037.0,0.8793952516909891,0.9717391304347378,1.0,0.9364277238989962,0.9471014492753238,32826,32847,TAGTACATCAACAGGCTCGTCT,0.9901185770750988,0.782608695652174,1,0,34796,34817,GACTACAGGCTTCCCTCCAAAC,0.9980237154150197,0.9565217391304348,1,0,1893,1941.498023715415,111,55.5,0.1444847229414811,0.1702017589239524,0.08888888888888889,-0.0813128700350635,111,111,55.5,0,-0.0813128700350635,False
40,32701,34456,1756,1500,1500.0,1445,1557,1446.0,1536.0,0.851366742596757,0.9717391304347378,1.0,0.9364277238989962,0.9327536231883035,32826,32847,TAGTACATCAACAGGCTCGTCT,0.9901185770750988,0.782608695652174,1,0,34214,34235,AGGAATTCGACGATGAGCGTGA,0.9901185770750989,0.8695652173913043,2,0,1396,1443.703557312253,88,58.666666666666664,0.14825174825174825,0.17597765363128492,0.09330628803245436,-0.08267136559883057,88,88,58.666666666666664,0,-0.08267136559883057,False
41,32301,35110,2810,2500,2500.0,2433,2564,2434.0,2529.0,0.8870029398111875,0.8665217391303183,0.9873913043478508,0.9112968191228114,0.9299736495388303,32485,32506,GGTGGATTCGTCTTACCTCAAA,0.9901185770750988,0.782608695652174,1,0,34877,34898,ATTTGCACTATGCTTACAACAA,0.992094861660079,0.8260869565217391,1,0,2380,2432.924901185771,139,55.6,0.14634146341463414,0.1697645600991326,0.08940129449838188,-0.08036326560075072,139,139,55.6,0,-0.08036326560075072,False
42,32301,34609,2309,2000,2000.0,1938,2067,1938.2,2029.0,0.8641233735665143,0.8665217391303183,0.957826086956496,0.9112968191228114,0.912950168189224,32485,32506,GGTGGATTCGTCTTACCTCAAA,0.9901185770750988,0.782608695652174,1,0,34334,34355,GGGCTTCTCTATGGCCCAAGGA,0.9802371541501976,0.8260869565217391,3,0,1885,1936.6442687747035,122,61.0,0.1435257410296412,0.1781818181818182,0.09178498985801217,-0.08639682832380602,122,122,61.0,0,-0.08639682832380602,False
43,15001,16526,1526,1500,1500.0,1309,1505,1478.0,1503.4,0.9712519231865244,0.9105797101450116,0.9589855072463798,0.8885877737822496,0.8945761747363455,15273,15294,TCCAACTCTTCTGTGATGTCCT,0.9822134387351779,0.782608695652174,2,0,16247,16268,ATATGGGCTATCCCGAGATGTT,0.9802371541501976,0.782608695652174,2,0,1297,1456.2766798418972,129,86.0,0.15950920245398773,0.1723076923076923,0.07674597083653108,-0.09556172147116122,129,129,86.0,0,-0.09556172147116122,False
44,43301,44808,1508,1500,1500.0,1482,1502,1485.0,1502.0,0.9917541229385257,0.9998550724637728,0.9640579710144448,0.9469038208169755,0.8874966931221571,43553,43574,GACGGATTCTTGGGTCTTACCA,0.9901185770750988,0.782608695652174,1,0,44522,44543,TCTTGCCTGGAATTGCCTTGGG,0.9861660079051383,0.6956521739130435,1,0,1475,1489.3754940711462,106,70.66666666666667,0.1724137931034483,0.18236877523553163,0.10235690235690235,-0.08001187287862928,106,106,70.66666666666667,0,-0.08001187287862928,False
45,15201,18516,3316,3000,3000.0,2901,3167,2921.2,3167.0,0.9145775423506353,0.9994202898550733,0.814782608695535,0.9283919944788855,0.875794594897828,15273,15294,TCCAACTCTTCTGTGATGTCCT,0.9822134387351779,0.782608695652174,2,0,18363,18384,TGCTTACCTCTCCTTGCATCAT,0.9723320158102768,0.5652173913043478,3,0,2673,2913.324110671937,219,73.0,0.16606851549755303,0.23402777777777778,0.08949539828625833,-0.14453237949151945,219,219,73.0,0,-0.14453237949151945,False
46,16201,18510,2310,2000,2000.0,1907,2167,1927.0,2166.0,0.8806324110671608,0.9711594202898596,0.8144927536230807,0.8993587834319866,0.8766084187551314,16247,16268,AACATCTCGGGATAGCCCATAT,0.9802371541501976,0.782608695652174,2,0,18363,18384,TGCTTACCTCTCCTTGCATCAT,0.9723320158102768,0.5652173913043478,3,0,1682,1918.2490118577075,136,68.0,0.19089147286821706,0.27739544732662785,0.09483960948396095,-0.1825558378426669,136,136,68.0,0,-0.1825558378426669,False
47,32401,34706,2306,2000,2000.0,1938,2067,1938.2,2029.0,0.8651532863229531,0.875652173912919,0.957826086956496,0.9121663843402712,0.9151240812326796,32485,32506,GGTGGATTCGTCTTACCTCAAA,0.9901185770750988,0.782608695652174,1,0,34424,34445,GGATTGAGCAGTACAACTTTGG,0.9703557312252965,0.5652173913043478,2,0,1885,1936.7193675889328,116,58.0,0.1497659906396256,0.1755844155844156,0.09178498985801217,-0.08379942572640342,116,116,58.0,0,-0.08379942572640342,False
48,15101,16633,1533,1500,1500.0,1400,1505,1486.0,1503.0,0.9722056779829363,0.9542028985507689,0.9317391304347863,0.9097504631142935,0.874200743404405,15273,15294,TCCAACTCTTCTGTGATGTCCT,0.9822134387351779,0.782608695652174,2,0,16391,16412,TATACACGATGTTGCCACAAGT,0.9505928853754942,0.5217391304347826,3,0,1388,1471.4822134387352,135,90.0,0.1519674355495251,0.1811646297627606,0.08106169296987087,-0.10010293679288973,135,135,90.0,0,-0.10010293679288973,False
49,32401,35212,2812,2500,2500.0,2436,2567,2437.0,2533.0,0.8872997711670004,0.875652173912919,0.9801449275362514,0.9121663843402712,0.9003877282136818,32485,32506,GGTGGATTCGTCTTACCTCAAA,0.9901185770750988,0.782608695652174,1,0,34952,34973,TCAACACTAGCGTGCGCCTTCT,0.9505928853754941,0.4782608695652174,3,0,2383,2435.3438735177865,133,53.2,0.15791649441918149,0.17664052827073876,0.09385113268608414,-0.08278939558465462,133,133,53.2,0,-0.08278939558465462,False
50,15201,17837,2637,2500,2500.0,2359,2534,2476.0,2534.0,0.9447329804949656,0.9994202898550733,0.978550724637674,0.9283919944788855,0.8911274233013077,15273,15294,TCCAACTCTTCTGTGATGTCCT,0.9822134387351779,0.782608695652174,2,0,17790,17811,CCAAACTCGCACAAGTCTCATG,0.9565217391304348,0.2608695652173913,2,0,2255,2435.399209486166,197,78.8,0.16639276910435497,0.223911257189811,0.08762886597938144,-0.13628239121042957,197,197,78.8,0,-0.13628239121042957,False
51,16201,17832,1632,1500,1500.0,1360,1535,1477.0,1534.0,0.9138427109974468,0.9711594202898596,0.97927536231884,0.8993587834319866,0.8923922454356883,16247,16268,AACATCTCGGGATAGCCCATAT,0.9802371541501976,0.782608695652174,2,0,17790,17811,CCAAACTCGCACAAGTCTCATG,0.9565217391304348,0.2608695652173913,2,0,1259,1437.608695652174,113,75.33333333333333,0.20223152022315202,0.2753824756606398,0.09323703217334209,-0.1821454434872977,113,113,75.33333333333333,0,-0.1821454434872977,False
52,43001,44502,1502,1500,1500.0,1497,1502,1499.0,1502.0,0.9989000173681514,1.0,0.9962318840579731,0.9284057971017077,0.919820819753877,43178,43199,GTTCACATCAGGGATTCATCCT,0.9861660079051383,0.7391304347826086,2,0,44229,44250,TCCATCGCTCAGGCTTGAACTT,0.9881422924901186,0.8260869565217391,2,0,1493,1498.9367588932807,99,66.0,0.14753004005340453,0.16221628838451269,0.07476635514018691,-0.08744993324432578,99,99,66.0,0,-0.08744993324432578,False
53,43101,44602,1502,1500,1500.0,1496,1502,1497.0,1502.0,0.9984947606090463,1.0,0.9942028985507204,0.9292753623191432,0.9197755298988098,43178,43199,GTTCACATCAGGGATTCATCCT,0.9861660079051383,0.7391304347826086,2,0,44522,44543,TCTTGCCTGGAATTGCCTTGGG,0.9861660079051383,0.6956521739130435,1,0,1491,1497.8853754940712,107,71.33333333333333,0.15240641711229946,0.16733333333333333,0.07620320855614973,-0.0911301247771836,107,107,71.33333333333333,0,-0.0911301247771836,False
54,15701,18515,2815,2500,2500.0,2401,2667,2421.2,2666.0,0.8995907019846823,1.0,0.8162318840578549,0.9240579710144691,0.8770766461798849,15913,15934,TCATCAAGTGGTCGGGTCCCGA,0.9861660079051383,0.7391304347826086,2,0,18363,18384,TGCTTACCTCTCCTTGCATCAT,0.9723320158102768,0.5652173913043478,3,0,2174,2413.3557312252965,188,75.2,0.17199687987519502,0.252834943301134,0.08864579403998492,-0.16418914926114908,188,188,75.2,0,-0.16418914926114908,False
55,15701,17837,2137,2000,2000.0,1860,2035,1976.0,2034.0,0.9318833797888172,1.0,0.978550724637674,0.9240579710144691,0.8911274233013077,15913,15934,TCATCAAGTGGTCGGGTCCCGA,0.9861660079051383,0.7391304347826086,2,0,17790,17811,CCAAACTCGCACAAGTCTCATG,0.9565217391304348,0.2608695652173913,2,0,1756,1935.7391304347825,166,83.0,0.17476732161323683,0.2454780361757106,0.08601087493821058,-0.15946716123750002,166,166,83.0,0,-0.15946716123750002,False
56,32001,34291,2291,2000,2000.0,1932,2060,1933.0,2023.0,0.8685783690432705,1.0,1.0,0.9317391304346407,0.9421739130433586,32272,32293,GGGCCTGATTGCAAAGCTGTGG,0.9782608695652173,0.6956521739130435,3,0,34061,34082,AGGTGATGGACACGATTGAGTG,1.0,1.0,0,0,1883,1933.8498023715415,119,59.5,0.14606155451225875,0.17926003126628454,0.0930824008138352,-0.08617763045244933,119,119,59.5,0,-0.08617763045244933,False
57,32501,34256,1756,1500,1500.0,1445,1557,1446.0,1536.0,0.8513419827671055,0.9998550724637728,1.0,0.9379710144926988,0.9352173913042133,32745,32766,AGTATAGTCAACAGCCACTCTC,0.9861660079051383,0.6956521739130435,1,0,34061,34082,AGGTGATGGACACGATTGAGTG,1.0,1.0,0,0,1396,1443.6166007905138,81,54.0,0.15314685314685314,0.17458100558659218,0.09533468559837728,-0.0792463199882149,81,81,54.0,0,-0.0792463199882149,False
58,21601,24740,3140,3000,3000.0,2937,3018,2969.8,3012.4,0.9537247299916882,1.0,0.9817391304347741,0.9130434782606972,0.9271149689563026,21744,21765,CTGGGAAGAGACTGCATGGATG,0.9822134387351779,0.6956521739130435,3,0,24670,24691,ATGTCGTTCTCAACCAAGGTCT,0.9980237154150197,0.9565217391304348,1,0,2887,2951.9683794466405,161,53.666666666666664,0.17832647462277093,0.21254713747000342,0.08238538435022406,-0.13016175311977934,161,161,53.666666666666664,0,-0.13016175311977934,False
59,21701,24840,3140,3000,3000.0,2937,3018,2969.8,3012.4,0.9537247299916882,1.0,0.9817391304347741,0.9143478260867536,0.9203033747533967,21744,21765,CTGGGAAGAGACTGCATGGATG,0.9822134387351779,0.6956521739130435,3,0,24670,24691,ATGTCGTTCTCAACCAAGGTCT,0.9980237154150197,0.9565217391304348,1,0,2887,2951.9683794466405,158,52.666666666666664,0.17832647462277093,0.21083304765169694,0.08376421923474664,-0.1270688284169503,158,158,52.666666666666664,0,-0.1270688284169503,False
60,32101,34909,2809,2500,2500.0,2438,2567,2438.2,2529.0,0.8883093163279037,0.990724637681172,1.0,0.9289855072462281,0.9456521739129797,32272,32293,GGGCCTGATTGCAAAGCTGTGG,0.9782608695652173,0.6956521739130435,3,0,34796,34817,GACTACAGGCTTCCCTCCAAAC,0.9980237154150197,0.9565217391304348,1,0,2385,2436.6442687747035,145,58.0,0.14238547255468428,0.1711340206185567,0.08737864077669903,-0.08375537984185767,145,145,58.0,0,-0.08375537984185767,False
61,32201,35009,2809,2500,2500.0,2438,2567,2438.0,2529.0,0.8882938381289475,0.8665217391303183,0.9998550724637728,0.9053547901372683,0.952727272727243,32272,32293,GGGCCTGATTGCAAAGCTGTGG,0.9782608695652173,0.6956521739130435,3,0,34796,34817,GACTACAGGCTTCCCTCCAAAC,0.9980237154150197,0.9565217391304348,1,0,2385,2436.5573122529645,140,56.0,0.1440363186132893,0.16989690721649484,0.08737864077669903,-0.0825182664397958,140,140,56.0,0,-0.0825182664397958,False
62,21501,25176,3676,3500,3500.0,3445,3546,3470.0,3536.8,0.9527605620475872,1.0,0.9149275362318319,0.9084057971012347,0.9085119961027158,21744,21765,CTGGGAAGAGACTGCATGGATG,0.9822134387351779,0.6956521739130435,3,0,24935,24956,AAACTGTTCTTGCCAGCATCAT,0.9960474308300394,0.9130434782608695,1,0,3364,3445.818181818182,195,55.714285714285715,0.1767115272088941,0.21069549970777324,0.08485026423957721,-0.12584523546819604,195,195,55.714285714285715,0,-0.12584523546819604,False
63,23601,25149,1549,1500,1500.0,1488,1520,1488.0,1517.4,0.9699385297667431,1.0,0.9279710144926927,0.9427536231883157,0.900474038890837,23778,23799,ATGCTTGAACAAGAGCCTACCT,0.9762845849802372,0.6956521739130435,2,0,24935,24956,AAACTGTTCTTGCCAGCATCAT,0.9960474308300394,0.9130434782608695,1,0,1465,1488.094861660079,78,52.0,0.13453815261044177,0.16511318242343542,0.07569721115537849,-0.08941597126805693,78,78,52.0,0,-0.08941597126805693,False
64,23501,25026,1526,1500,1500.0,1488,1513,1490.0,1501.8,0.9811955097156587,1.0,0.9818840579710195,0.9411594202897322,0.9167467218770616,23778,23799,ATGCTTGAACAAGAGCCTACCT,0.9762845849802372,0.6956521739130435,2,0,24935,24956,AAACTGTTCTTGCCAGCATCAT,0.9960474308300394,0.9130434782608695,1,0,1482,1492.2727272727273,71,47.333333333333336,0.1262592343854936,0.15214477211796246,0.06635388739946381,-0.08579088471849865,71,71,47.333333333333336,0,-0.08579088471849865,False
65,41401,44086,2686,2500,2500.0,2450,2514,2456.0,2511.6,0.9273527793065169,0.9155072463768616,0.9995652173913185,0.9237844048803526,0.922272727272939,41439,41460,CAAAGAGGGGCAAGGCGCTCCA,0.9861660079051383,0.6956521739130435,1,0,43808,43829,TACCCTCATCGAGCATTCGCTC,0.9940711462450593,0.8695652173913043,1,0,2383,2445.521739130435,166,66.4,0.16701636592530425,0.2008130081300813,0.09447852760736196,-0.10633448052271934,166,166,66.4,0,-0.10633448052271934,False
66,32201,34502,2302,2000,2000.0,1938,2067,1938.2,2029.0,0.8666377063422541,0.8665217391303183,0.9802898550724543,0.9053547901372683,0.9223454106279314,32272,32293,GGGCCTGATTGCAAAGCTGTGG,0.9782608695652173,0.6956521739130435,3,0,34214,34235,AGGAATTCGACGATGAGCGTGA,0.9901185770750989,0.8695652173913043,2,0,1887,1937.687747035573,123,61.5,0.14768590743629745,0.1812987012987013,0.0938133874239351,-0.0874853138747662,123,123,61.5,0,-0.0874853138747662,False
67,32101,34391,2291,2000,2000.0,1932,2060,1933.0,2023.0,0.8685783690432705,0.990724637681172,1.0,0.9289855072462281,0.9313043478259715,32272,32293,GGGCCTGATTGCAAAGCTGTGG,0.9782608695652173,0.6956521739130435,3,0,34214,34235,AGGAATTCGACGATGAGCGTGA,0.9901185770750989,0.8695652173913043,2,0,1883,1933.8498023715415,121,60.5,0.14710485133020346,0.17978113600833767,0.09206510681586978,-0.08771602919246789,121,121,60.5,0,-0.08771602919246789,False
68,42501,44028,1528,1500,1500.0,1496,1514,1499.0,1514.0,0.9843216480764987,0.9268115942029423,0.9995652173913185,0.9122440763748697,0.912272727272939,42625,42646,ACAAGGTACCTAATGCTTCATT,0.9822134387351779,0.6956521739130435,2,0,43808,43829,TACCCTCATCGAGCATTCGCTC,0.9940711462450593,0.8695652173913043,1,0,1491,1498.9565217391305,103,68.66666666666667,0.15053050397877984,0.18891855807743657,0.0845442536327609,-0.10437430444467567,103,103,68.66666666666667,0,-0.10437430444467567,False
69,42401,43929,1529,1500,1500.0,1498,1514,1499.0,1514.0,0.9837347513293828,0.9604347826087541,1.0,0.9160121923168238,0.9340579710146509,42625,42646,ACAAGGTACCTAATGCTTCATT,0.9822134387351779,0.6956521739130435,2,0,43808,43829,TACCCTCATCGAGCATTCGCTC,0.9940711462450593,0.8695652173913043,1,0,1493,1499.1304347826087,93,62.0,0.15119363395225463,0.18090787716955942,0.08586525759577279,-0.09504261957378662,93,93,62.0,0,-0.09504261957378662,False
70,41001,44224,3224,3000,3000.0,2953,3049,2956.4,3011.6,0.9288353651957846,0.9978260869565202,0.998405797101465,0.9257648953303821,0.9121437982310939,41263,41284,CCACCGTTGGTAGAGAGTATGT,0.9664031620553359,0.6956521739130435,3,0,44057,44078,TCTCCTGAGTAGCCACACGTCC,0.992094861660079,0.8260869565217391,1,0,2878,2944.1264822134385,193,64.33333333333333,0.16400277970813065,0.19398445420750254,0.09349593495934959,-0.10048851924815295,193,193,64.33333333333333,0,-0.10048851924815295,False
71,32001,34809,2809,2500,2500.0,2438,2567,2438.2,2529.0,0.8883093163279037,1.0,0.9775362318840416,0.9317391304346407,0.934807656111916,32272,32293,GGGCCTGATTGCAAAGCTGTGG,0.9782608695652173,0.6956521739130435,3,0,34787,34808,CTTCCCTCCAAACAATCGTTGG,0.9881422924901184,0.8260869565217391,2,0,2385,2436.6442687747035,148,59.2,0.14486174164259183,0.17443298969072166,0.08980582524271845,-0.08462716444800321,148,148,59.2,0,-0.08462716444800321,False
72,42401,44429,2029,2000,2000.0,1994,2012,1997.0,2011.0,0.9869500932136313,0.9604347826087541,0.9950724637681196,0.9160121923168238,0.9133150791177468,42625,42646,ACAAGGTACCTAATGCTTCATT,0.9822134387351779,0.6956521739130435,2,0,44229,44250,TCCATCGCTCAGGCTTGAACTT,0.9881422924901186,0.8260869565217391,2,0,1985,1996.1541501976285,138,69.0,0.15419161676646706,0.18505516549648948,0.09104477611940298,-0.0940103893770865,138,138,69.0,0,-0.0940103893770865,False
73,42501,44528,2028,2000,2000.0,1994,2012,1997.0,2011.0,0.9874581939799437,0.9268115942029423,0.9962318840579731,0.9122440763748697,0.9250382110581995,42625,42646,ACAAGGTACCTAATGCTTCATT,0.9822134387351779,0.6956521739130435,2,0,44229,44250,TCCATCGCTCAGGCTTGAACTT,0.9881422924901186,0.8260869565217391,2,0,1985,1996.2411067193675,136,68.0,0.15419161676646706,0.1810431293881645,0.08955223880597014,-0.09149089058219435,136,136,68.0,0,-0.09149089058219435,False
74,42601,44116,1516,1500,1500.0,1497,1509,1500.0,1502.0,0.990076861305496,0.9504347826086814,0.9995652173913185,0.9089855072466162,0.9266205533598986,42625,42646,ACAAGGTACCTAATGCTTCATT,0.9822134387351779,0.6956521739130435,2,0,44057,44078,TCTCCTGAGTAGCCACACGTCC,0.992094861660079,0.8260869565217391,1,0,1496,1499.4189723320158,98,65.33333333333333,0.14209472981987992,0.17878585723815876,0.07523302263648468,-0.10355283460167408,98,98,65.33333333333333,0,-0.10355283460167408,False
75,41001,43721,2721,2500,2500.0,2450,2547,2453.4,2508.6,0.9158557435724991,0.9978260869565202,0.9998550724637728,0.9257648953303821,0.9445849802372686,41263,41284,CCACCGTTGGTAGAGAGTATGT,0.9664031620553359,0.6956521739130435,3,0,43553,43574,TGGTAAGACCCAAGAATCCGTC,0.9901185770750988,0.782608695652174,1,0,2377,2442.0711462450595,152,60.8,0.16827934371055953,0.19787841697266423,0.09624796084828711,-0.10163045612437711,152,152,60.8,0,-0.10163045612437711,False
76,41401,43583,2183,2000,2000.0,1947,2011,1953.0,2008.6,0.9106733852496147,0.9155072463768616,0.9998550724637728,0.9237844048803526,0.9447299077735078,41439,41460,CAAAGAGGGGCAAGGCGCTCCA,0.9861660079051383,0.6956521739130435,1,0,43553,43574,TGGTAAGACCCAAGAATCCGTC,0.9901185770750988,0.782608695652174,1,0,1880,1942.7826086956522,131,65.5,0.17606382978723403,0.2115482881962187,0.09938208032955716,-0.11216620786666155,131,131,65.5,0,-0.11216620786666155,False
77,41001,42710,1710,1500,1500.0,1449,1548,1453.4,1505.2,0.8722603610474909,0.9978260869565202,0.9521739130435526,0.9257648953303821,0.9144179894182889,41263,41284,CCACCGTTGGTAGAGAGTATGT,0.9664031620553359,0.6956521739130435,3,0,42633,42654,TGACGAAAAATGAAGCATTAGG,0.9901185770750988,0.782608695652174,1,0,1378,1442.4624505928855,94,62.666666666666664,0.18940493468795355,0.21139327385037748,0.10874053682037164,-0.10265273703000584,94,94,62.666666666666664,0,-0.10265273703000584,False
78,21601,24228,2628,2500,2500.0,2436,2518,2469.8,2512.4,0.9492257296009473,1.0,0.9620289855072588,0.9130434782606972,0.9364097496705411,21744,21765,CTGGGAAGAGACTGCATGGATG,0.9822134387351779,0.6956521739130435,3,0,24108,24129,GTCGCTTGCGCACCTTCATGCT,0.9881422924901186,0.7391304347826086,1,0,2387,2453.707509881423,133,53.2,0.18380834365964477,0.22134877947869258,0.08208333333333333,-0.13926544614535924,133,133,53.2,0,-0.13926544614535924,False
79,21701,24335,2635,2500,2500.0,2436,2518,2471.2,2512.4,0.9469350713637453,1.0,0.9407246376811903,0.9143478260867536,0.9346706192357427,21744,21765,CTGGGAAGAGACTGCATGGATG,0.9822134387351779,0.6956521739130435,3,0,24108,24129,GTCGCTTGCGCACCTTCATGCT,0.9881422924901186,0.7391304347826086,1,0,2387,2453.7351778656125,128,51.2,0.18444995864350702,0.22093504344228382,0.08375,-0.13718504344228383,128,128,51.2,0,-0.13718504344228383,False
80,41001,43221,2221,2000,2000.0,1950,2047,1953.4,2008.6,0.8969324432785403,0.9978260869565202,1.0,0.9257648953303821,0.9359420289857129,41263,41284,CCACCGTTGGTAGAGAGTATGT,0.9664031620553359,0.6956521739130435,3,0,43178,43199,AGGATGAATCCCTGATGTGAAC,0.9861660079051383,0.7391304347826086,2,0,1877,1942.1581027667985,124,62.0,0.1822056473095365,0.2115482881962187,0.10450819672131148,-0.10704009147490723,124,124,62.0,0,-0.10704009147490723,False
81,41001,44724,3724,3500,3500.0,3437,3539,3443.4,3511.6,0.9369425115583693,0.9978260869565202,0.985797101449219,0.9257648953303821,0.9103871923169694,41263,41284,CCACCGTTGGTAGAGAGTATGT,0.9664031620553359,0.6956521739130435,3,0,44522,44543,TCTTGCCTGGAATTGCCTTGGG,0.9861660079051383,0.6956521739130435,1,0,3360,3434.786561264822,233,66.57142857142857,0.16864961332540154,0.19396926645404466,0.09915673160802559,-0.09481253484601908,233,233,66.57142857142857,0,-0.09481253484601908,False
82,41401,44586,3186,3000,3000.0,2947,3012,2952.6,3011.6,0.9382898004857942,0.9155072463768616,0.9962318840579731,0.9237844048803526,0.9269222690292372,41439,41460,CAAAGAGGGGCAAGGCGCTCCA,0.9861660079051383,0.6956521739130435,1,0,44522,44543,TCTTGCCTGGAATTGCCTTGGG,0.9861660079051383,0.6956521739130435,1,0,2877,2942.806324110672,203,67.66666666666667,0.1667245571378951,0.19540229885057472,0.09724583475008501,-0.09815646410048971,203,203,67.66666666666667,0,-0.09815646410048971,False
83,21501,24116,2616,2500,2500.0,2436,2518,2469.8,2513.0,0.9533472942427798,1.0,1.0,0.9084057971012347,0.9375362318839688,21744,21765,CTGGGAAGAGACTGCATGGATG,0.9822134387351779,0.6956521739130435,3,0,23865,23886,TATACCATTTAGAAATGTCAAC,0.9861660079051383,0.6956521739130435,1,0,2388,2453.8537549407115,142,56.8,0.18504750103263115,0.2267273479520066,0.0825,-0.1442273479520066,142,142,56.8,0,-0.1442273479520066,False
84,42601,44618,2018,2000,2000.0,1994,2011,1996.2,2002.8,0.9911880036195976,0.9504347826086814,0.9920289855072406,0.9089855072466162,0.9172151434254435,42625,42646,ACAAGGTACCTAATGCTTCATT,0.9822134387351779,0.6956521739130435,2,0,44522,44543,TCTTGCCTGGAATTGCCTTGGG,0.9861660079051383,0.6956521739130435,1,0,1988,1996.4664031620553,138,69.0,0.15261044176706828,0.17876815222834253,0.08758758758758758,-0.09118056464075494,138,138,69.0,0,-0.09118056464075494,False
85,43201,44702,1502,1500,1500.0,1487,1502,1490.0,1502.0,0.996265848433966,0.9998550724637728,0.9868115942028453,0.940382081686621,0.9178360075918317,43326,43347,GCTACCTGAACCCTTACTTCTC,0.9841897233201582,0.6956521739130435,2,0,44522,44543,TCTTGCCTGGAATTGCCTTGGG,0.9861660079051383,0.6956521739130435,1,0,1482,1492.193675889328,109,72.66666666666667,0.15679676985195154,0.1699126930826058,0.09078681909885676,-0.07912587398374903,109,109,72.66666666666667,0,-0.07912587398374903,False
86,21701,23816,2116,2000,2000.0,1936,2018,1969.8,2013.0,0.9423234979863477,1.0,1.0,0.9143478260867536,0.9437681159419299,21744,21765,CTGGGAAGAGACTGCATGGATG,0.9822134387351779,0.6956521739130435,3,0,23778,23799,AGGTAGGCTCTTGTTCAAGCAT,0.9762845849802372,0.6956521739130435,2,0,1888,1953.8537549407115,108,54.0,0.2040603852160333,0.23943661971830985,0.09052631578947369,-0.14891030392883614,108,108,54.0,0,-0.14891030392883614,False
87,41401,43083,1683,1500,1500.0,1447,1511,1453.0,1508.6,0.8841613061561362,0.9155072463768616,0.9933333333333333,0.9237844048803526,0.9307246376812448,41439,41460,CAAAGAGGGGCAAGGCGCTCCA,0.9861660079051383,0.6956521739130435,1,0,43000,43021,CAAGGTAGGGTCCAATGGCAGC,0.9782608695652175,0.6956521739130435,3,0,1380,1442.8695652173913,99,66.0,0.1927536231884058,0.2299245024021963,0.11997226074895978,-0.10995224165323653,99,99,66.0,0,-0.10995224165323653,False
88,32501,34769,2269,2000,2000.0,1946,2067,1946.2,2037.0,0.8793760898307563,0.9998550724637728,0.9604347826086571,0.9379710144926988,0.916160313116731,32745,32766,AGTATAGTCAACAGCCACTCTC,0.9861660079051383,0.6956521739130435,1,0,34736,34757,CCAAAGAGTGCATGGCGGATCT,0.9584980237154149,0.6086956521739131,3,0,1893,1941.411067193676,112,56.0,0.14966338684619368,0.1712364200724263,0.0893939393939394,-0.08184248067848689,112,112,56.0,0,-0.08184248067848689,False
89,21501,24640,3140,3000,3000.0,2937,3018,2972.2,3012.4,0.9540570479091639,1.0,0.9852173913043528,0.9084057971012347,0.9209822866343044,21744,21765,CTGGGAAGAGACTGCATGGATG,0.9822134387351779,0.6956521739130435,3,0,24547,24568,CGGCAACAAAACTGCCGCCTTT,0.9802371541501976,0.5652173913043478,1,0,2887,2953.877470355731,168,56.0,0.1778006166495375,0.2156324991429551,0.08307480179248534,-0.13255769735046974,168,168,56.0,0,-0.13255769735046974,False
90,21501,23616,2116,2000,2000.0,1936,2018,1969.8,2013.0,0.9423234979863477,1.0,0.9868115942028999,0.9084057971012347,0.9189233954449931,21744,21765,CTGGGAAGAGACTGCATGGATG,0.9822134387351779,0.6956521739130435,3,0,23553,23574,CTGGACCATACTTCATATGAAG,0.9802371541501976,0.5652173913043478,1,0,1888,1953.8537549407115,119,59.5,0.21030713170223841,0.2498695878977569,0.09210526315789473,-0.15776432473986218,119,119,59.5,0,-0.15776432473986218,False
91,21601,23716,2116,2000,2000.0,1936,2018,1969.8,2013.0,0.9423234979863477,1.0,1.0,0.9130434782606972,0.9234782608694513,21744,21765,CTGGGAAGAGACTGCATGGATG,0.9822134387351779,0.6956521739130435,3,0,23553,23574,CTGGACCATACTTCATATGAAG,0.9802371541501976,0.5652173913043478,1,0,1888,1953.8537549407115,114,57.0,0.20718375845913586,0.24465310380803337,0.09,-0.15465310380803338,114,114,57.0,0,-0.15465310380803338,False
92,32501,35275,2775,2500,2500.0,2443,2566,2444.0,2540.0,0.8990677634155552,0.9998550724637728,0.9786956521739315,0.9379710144926988,0.873163647946094,32745,32766,AGTATAGTCAACAGCCACTCTC,0.9861660079051383,0.6956521739130435,1,0,34985,35006,CCATCATGGAGAACTTTCCCAC,0.9545454545454546,0.2608695652173913,3,0,2390,2439.3438735177865,135,54.0,0.16240725474031328,0.18028747433264888,0.09479628882613957,-0.08549118550650932,135,135,54.0,0,-0.08549118550650932,False
93,23201,24739,1539,1500,1500.0,1464,1514,1488.4,1508.0,0.973387575218245,0.9410144927536325,0.9817391304347741,0.8936201350981597,0.9285642443186225,23313,23334,CCCTGTGGCCCTTGTTGGCCTT,0.9802371541501976,0.6521739130434783,2,0,24670,24691,ATGTCGTTCTCAACCAAGGTCT,0.9980237154150197,0.9565217391304348,1,0,1451,1489.2213438735178,72,48.0,0.13486176668914363,0.16476892163429338,0.07195696032279758,-0.0928119613114958,72,72,48.0,0,-0.0928119613114958,False
94,23301,24825,1525,1500,1500.0,1490,1512,1490.0,1501.0,0.9821525302922356,0.9868115942028999,0.9817391304347741,0.9199378881986194,0.9185642443185983,23313,23334,CCCTGTGGCCCTTGTTGGCCTT,0.9802371541501976,0.6521739130434783,2,0,24670,24691,ATGTCGTTCTCAACCAAGGTCT,0.9980237154150197,0.9565217391304348,1,0,1483,1493.0158102766798,70,46.666666666666664,0.13087248322147652,0.15616621983914208,0.06760374832663989,-0.0885624715125022,70,70,46.666666666666664,0,-0.0885624715125022,False
95,23101,25198,2098,2000,2000.0,1970,2032,1984.2,2025.8,0.9543664773904809,0.8800000000000485,0.8965217391303971,0.8863415521673597,0.9140005252869013,23313,23334,CCCTGTGGCCCTTGTTGGCCTT,0.9802371541501976,0.6521739130434783,2,0,24935,24956,AAACTGTTCTTGCCAGCATCAT,0.9960474308300394,0.9130434782608695,1,0,1914,1973.9288537549407,104,52.0,0.14710327455919395,0.17673716012084592,0.08020050125313283,-0.0965366588677131,104,104,52.0,0,-0.0965366588677131,False
96,23101,24659,1559,1500,1500.0,1471,1520,1490.0,1512.0,0.9625177789553097,0.8800000000000485,0.9844927536231868,0.8863415521673597,0.9188149612061048,23313,23334,CCCTGTGGCCCTTGTTGGCCTT,0.9802371541501976,0.6521739130434783,2,0,24547,24568,CGGCAACAAAACTGCCGCCTTT,0.9802371541501976,0.5652173913043478,1,0,1454,1490.1541501976285,78,52.0,0.14324142568930734,0.1769436997319035,0.07594086021505377,-0.10100283951684973,78,78,52.0,0,-0.10100283951684973,False
97,40801,44024,3224,3000,3000.0,2953,3050,2956.4,3011.6,0.9289432516991828,1.0,0.9995652173913185,0.932463768116116,0.910678524374404,40854,40875,AAGACCCTCAGACATTGTTGTC,0.9762845849802372,0.6086956521739131,2,0,43808,43829,TACCCTCATCGAGCATTCGCTC,0.9940711462450593,0.8695652173913043,1,0,2880,2944.810276679842,190,63.333333333333336,0.16319444444444445,0.19161879013180128,0.09035532994923857,-0.1012634601825627,190,190,63.333333333333336,0,-0.1012634601825627,False
98,40601,43844,3244,3000,3000.0,2933,3024,2936.4,3010.0,0.9205355706856369,0.9039130434781206,1.0,0.9211129179322597,0.9401449275363606,40854,40875,AAGACCCTCAGACATTGTTGTC,0.9762845849802372,0.6086956521739131,2,0,43808,43829,TACCCTCATCGAGCATTCGCTC,0.9940711462450593,0.8695652173913043,1,0,2842,2926.9525691699605,179,59.666666666666664,0.16678395496129486,0.1915983606557377,0.0939207650273224,-0.09767759562841531,179,179,59.666666666666664,0,-0.09767759562841531,False
99,40701,43925,3225,3000,3000.0,2947,3029,2950.4,3008.2,0.9265790360633254,0.9739130434781813,1.0,0.9373336723451939,0.9340579710146509,40854,40875,AAGACCCTCAGACATTGTTGTC,0.9762845849802372,0.6086956521739131,2,0,43808,43829,TACCCTCATCGAGCATTCGCTC,0.9940711462450593,0.8695652173913043,1,0,2859,2934.3359683794465,176,58.666666666666664,0.16684155299055614,0.1892905866302865,0.09236537150647581,-0.09692521512381069,176,176,58.666666666666664,0,-0.09692521512381069,False
100,42301,43875,1575,1500,1500.0,1495,1544,1499.0,1512.0,0.9554451345755406,0.8157971014491341,1.0,0.9187035991387044,0.9392753623189977,42440,42461,TGTCAGGCCTGCCAGGCCTTTC,0.9822134387351779,0.6086956521739131,1,0,43808,43829,TACCCTCATCGAGCATTCGCTC,0.9940711462450593,0.8695652173913043,1,0,1490,1496.7509881422925,93,62.0,0.15604249667994688,0.1879598662207358,0.09126984126984126,-0.09669002495089453,93,93,62.0,0,-0.09669002495089453,False
101,40801,44524,3724,3500,3500.0,3449,3548,3455.4,3511.6,0.9380866763180992,1.0,0.9962318840579731,0.932463768116116,0.9225744429422533,40854,40875,AAGACCCTCAGACATTGTTGTC,0.9762845849802372,0.6086956521739131,2,0,44229,44250,TCCATCGCTCAGGCTTGAACTT,0.9881422924901186,0.8260869565217391,2,0,3374,3442.094861660079,223,63.714285714285715,0.16261848341232227,0.18681318681318682,0.09243697478991597,-0.09437621202327084,223,223,63.714285714285715,0,-0.09437621202327084,False
102,40701,44428,3728,3500,3500.0,3446,3530,3452.4,3510.8,0.9360538346706159,0.9739130434781813,0.9950724637681196,0.9373336723451939,0.9133150791177468,40854,40875,AAGACCCTCAGACATTGTTGTC,0.9762845849802372,0.6086956521739131,2,0,44229,44250,TCCATCGCTCAGGCTTGAACTT,0.9881422924901186,0.8260869565217391,2,0,3356,3434.3596837944665,221,63.142857142857146,0.16587254318046457,0.18982558139534883,0.0943780949606758,-0.09544748643467303,221,221,63.142857142857146,0,-0.09544748643467303,False
103,40601,44345,3745,3500,3500.0,3434,3524,3437.4,3511.0,0.9310384860973686,0.9039130434781206,0.9988405797101465,0.9211129179322597,0.9287116506684105,40854,40875,AAGACCCTCAGACATTGTTGTC,0.9762845849802372,0.6086956521739131,2,0,44057,44078,TCTCCTGAGTAGCCACACGTCC,0.992094861660079,0.8260869565217391,1,0,3341,3427.00790513834,220,62.857142857142854,0.16342412451361868,0.1899066511085181,0.09311150029188558,-0.09679515081663251,220,220,62.857142857142854,0,-0.09679515081663251,False
104,40901,44124,3224,3000,3000.0,2953,3050,2956.4,3011.6,0.9289432516991828,1.0,0.9995652173913185,0.9272463768117207,0.9202437417657104,41008,41029,AGCGACAGAAAAAGCGCTTGAA,0.9584980237154151,0.6086956521739131,3,0,44057,44078,TCTCCTGAGTAGCCACACGTCC,0.992094861660079,0.8260869565217391,1,0,2880,2944.810276679842,190,63.333333333333336,0.16319444444444445,0.19155405405405404,0.09103214890016921,-0.10052190515388483,190,190,63.333333333333336,0,-0.10052190515388483,False
105,41601,44275,2675,2500,2500.0,2474,2532,2483.0,2523.4,0.9351808208045164,0.8866666666667151,0.9988405797101465,0.9006381539051653,0.9232044042916338,41677,41698,GAAGTACCGACAATTACAGTTT,0.9664031620553359,0.6086956521739131,3,0,44057,44078,TCTCCTGAGTAGCCACACGTCC,0.992094861660079,0.8260869565217391,1,0,2415,2465.2292490118575,178,71.2,0.16645962732919253,0.20362903225806453,0.09805510534846029,-0.10557392690960424,178,178,71.2,0,-0.10557392690960424,False
106,41501,44186,2686,2500,2500.0,2448,2513,2456.0,2511.6,0.9272232833694521,0.8923188405797191,0.998405797101465,0.9114689544185725,0.9077959721441099,41677,41698,GAAGTACCGACAATTACAGTTT,0.9664031620553359,0.6086956521739131,3,0,44057,44078,TCTCCTGAGTAGCCACACGTCC,0.992094861660079,0.8260869565217391,1,0,2381,2444.8379446640315,171,68.4,0.17219655606887863,0.2074013826758845,0.0990990990990991,-0.10830228357678541,171,171,68.4,0,-0.10830228357678541,False
107,42301,44375,2075,2000,2000.0,1994,2043,1996.2,2009.8,0.9654688318491144,0.8157971014491341,0.9955072463768011,0.9187035991387044,0.9172939987487916,42440,42461,TGTCAGGCCTGCCAGGCCTTTC,0.9822134387351779,0.6086956521739131,1,0,44229,44250,TCCATCGCTCAGGCTTGAACTT,0.9881422924901186,0.8260869565217391,2,0,1985,1994.0355731225297,138,69.0,0.15584415584415584,0.18834756403817177,0.09412350597609562,-0.09422405806207615,138,138,69.0,0,-0.09422405806207615,False
108,42201,44295,2095,2000,2000.0,1974,2012,1977.4,2005.4,0.9531181903081576,0.7536231884055208,0.9988405797101465,0.8979072714726984,0.9263928100887036,42440,42461,TGTCAGGCCTGCCAGGCCTTTC,0.9822134387351779,0.6086956521739131,1,0,44057,44078,TCTCCTGAGTAGCCACACGTCC,0.992094861660079,0.8260869565217391,1,0,1951,1980.1501976284585,135,67.5,0.16091370558375634,0.19153225806451613,0.095952023988006,-0.09558023407651013,135,135,67.5,0,-0.09558023407651013,False
109,40901,43621,2721,2500,2500.0,2450,2547,2453.4,2508.6,0.9158557435724991,1.0,0.9998550724637728,0.9272463768117207,0.9444400527010051,41008,41029,AGCGACAGAAAAAGCGCTTGAA,0.9584980237154151,0.6086956521739131,3,0,43553,43574,TGGTAAGACCCAAGAATCCGTC,0.9901185770750988,0.782608695652174,1,0,2377,2442.0711462450595,151,60.4,0.17038283550694153,0.19828641370869032,0.09461663947797716,-0.10366977423071316,151,151,60.4,0,-0.10366977423071316,False
110,41601,43775,2175,2000,2000.0,1976,2033,1983.0,2023.4,0.9204997501248927,0.8866666666667151,1.0,0.9006381539051653,0.9437681159421724,41677,41698,GAAGTACCGACAATTACAGTTT,0.9664031620553359,0.6086956521739131,3,0,43553,43574,TGGTAAGACCCAAGAATCCGTC,0.9901185770750988,0.782608695652174,1,0,1917,1966.1739130434783,136,68.0,0.17162232655190401,0.20797576981322563,0.10096397767630644,-0.10701179213691919,136,136,68.0,0,-0.10701179213691919,False
111,41501,43683,2183,2000,2000.0,1947,2011,1953.0,2008.6,0.9106733852496147,0.8923188405797191,0.9998550724637728,0.9114689544185725,0.9425559947300887,41677,41698,GAAGTACCGACAATTACAGTTT,0.9664031620553359,0.6086956521739131,3,0,43553,43574,TGGTAAGACCCAAGAATCCGTC,0.9901185770750988,0.782608695652174,1,0,1880,1942.7826086956522,133,66.5,0.1776595744680851,0.21476166068682725,0.10401647785787847,-0.11074518282894878,133,133,66.5,0,-0.11074518282894878,False
112,40601,42844,2244,2000,2000.0,1933,2024,1936.4,2010.0,0.8851429900022613,0.9039130434781206,0.9484057971014408,0.9211129179322597,0.9108695652177023,40854,40875,AAGACCCTCAGACATTGTTGTC,0.9762845849802372,0.6086956521739131,2,0,42633,42654,TGACGAAAAATGAAGCATTAGG,0.9901185770750988,0.782608695652174,1,0,1842,1927.0395256916995,123,61.5,0.18566775244299674,0.21006224066390042,0.10892116182572614,-0.10114107883817428,123,123,61.5,0,-0.10114107883817428,False
113,40701,42925,2225,2000,2000.0,1947,2029,1950.4,2008.2,0.8936003908157719,0.9739130434781813,0.9504347826086814,0.9373336723451939,0.9139130434784845,40854,40875,AAGACCCTCAGACATTGTTGTC,0.9762845849802372,0.6086956521739131,2,0,42633,42654,TGACGAAAAATGAAGCATTAGG,0.9901185770750988,0.782608695652174,1,0,1859,1934.4229249011858,120,60.0,0.18827326519634213,0.21052631578947367,0.11013443640124095,-0.10039187938823273,120,120,60.0,0,-0.10039187938823273,False
114,42201,43795,1595,1500,1500.0,1474,1512,1477.4,1505.6,0.9387215483167088,0.7536231884055208,1.0,0.8979072714726984,0.9347826086957745,42440,42461,TGTCAGGCCTGCCAGGCCTTTC,0.9822134387351779,0.6086956521739131,1,0,43553,43574,TGGTAAGACCCAAGAATCCGTC,0.9901185770750988,0.782608695652174,1,0,1454,1481.094861660079,97,64.66666666666667,0.16644021739130435,0.19704102219233355,0.09973404255319149,-0.09730697963914206,97,97,64.66666666666667,0,-0.09730697963914206,False
115,40801,43521,2721,2500,2500.0,2450,2547,2453.4,2508.6,0.9158557435724991,1.0,0.9998550724637728,0.932463768116116,0.9405270092228359,40854,40875,AAGACCCTCAGACATTGTTGTC,0.9762845849802372,0.6086956521739131,2,0,43367,43388,GCTCATGGATGAAAGGCTCGAG,0.9861660079051383,0.7391304347826086,2,0,2377,2442.0711462450595,153,61.2,0.16827934371055953,0.1974755700325733,0.0933931484502447,-0.1040824215823286,153,153,61.2,0,-0.1040824215823286,False
116,40601,43344,2744,2500,2500.0,2433,2524,2436.4,2510.0,0.9060717454683215,0.9039130434781206,1.0,0.9211129179322597,0.9260869565220249,40854,40875,AAGACCCTCAGACATTGTTGTC,0.9762845849802372,0.6086956521739131,2,0,43178,43199,AGGATGAATCCCTGATGTGAAC,0.9861660079051383,0.7391304347826086,2,0,2342,2427.0395256916995,150,60.0,0.17719897523484202,0.2026359143327842,0.10090609555189456,-0.10172981878088963,150,150,60.0,0,-0.10172981878088963,False
117,40701,43425,2725,2500,2500.0,2447,2529,2450.4,2508.2,0.9131232548862724,0.9739130434781813,1.0,0.9373336723451939,0.9346376811597292,40854,40875,AAGACCCTCAGACATTGTTGTC,0.9762845849802372,0.6086956521739131,2,0,43178,43199,AGGATGAATCCCTGATGTGAAC,0.9861660079051383,0.7391304347826086,2,0,2359,2434.422924901186,145,58.0,0.175498092412039,0.19975389663658738,0.09819227608874281,-0.10156162054784457,145,145,58.0,0,-0.10156162054784457,False
118,41601,43275,1675,1500,1500.0,1476,1533,1483.0,1523.4,0.8967942894223939,0.8866666666667151,1.0,0.9006381539051653,0.9347826086958715,41677,41698,GAAGTACCGACAATTACAGTTT,0.9664031620553359,0.6086956521739131,3,0,43178,43199,AGGATGAATCCCTGATGTGAAC,0.9861660079051383,0.7391304347826086,2,0,1417,1466.2608695652175,106,70.66666666666667,0.19124911785462245,0.23024983119513842,0.1142080217539089,-0.11604180944122952,106,106,70.66666666666667,0,-0.11604180944122952,False
119,40901,44624,3724,3500,3500.0,3444,3548,3450.4,3511.6,0.9377480969504247,1.0,0.9920289855072406,0.9272463768117207,0.914606447773258,41008,41029,AGCGACAGAAAAAGCGCTTGAA,0.9584980237154151,0.6086956521739131,3,0,44522,44543,TCTTGCCTGGAATTGCCTTGGG,0.9861660079051383,0.6956521739130435,1,0,3369,3439.8577075098815,227,64.85714285714286,0.16612281222189262,0.18912666281087334,0.09596984633227022,-0.09315681647860312,227,227,64.85714285714286,0,-0.09315681647860312,False
120,41601,44777,3177,3000,3000.0,2963,3026,2965.6,3021.0,0.9433154055644153,0.8866666666667151,0.9814492753622471,0.9006381539051653,0.8998155337019125,41677,41698,GAAGTACCGACAATTACAGTTT,0.9664031620553359,0.6086956521739131,3,0,44522,44543,TCTTGCCTGGAATTGCCTTGGG,0.9861660079051383,0.6956521739130435,1,0,2894,2955.5533596837945,215,71.66666666666667,0.1754567390554981,0.2041091276524082,0.10599390450389434,-0.09811522314851387,215,215,71.66666666666667,0,-0.09811522314851387,False
121,41501,44686,3186,3000,3000.0,2938,3012,2941.6,3003.8,0.9370479543655349,0.8923188405797191,0.9863768115941639,0.9114689544185725,0.9164657836128997,41677,41698,GAAGTACCGACAATTACAGTTT,0.9664031620553359,0.6086956521739131,3,0,44522,44543,TCTTGCCTGGAATTGCCTTGGG,0.9861660079051383,0.6956521739130435,1,0,2865,2936.0632411067195,212,70.66666666666667,0.17409470752089137,0.20176330959647337,0.10341296928327645,-0.09835034031319692,212,212,70.66666666666667,0,-0.09835034031319692,False
122,42201,44803,2603,2500,2500.0,2459,2514,2465.4,2506.8,0.9586430372980699,0.7536231884055208,0.9723188405796463,0.8979072714726984,0.8911198815279688,42440,42461,TGTCAGGCCTGCCAGGCCTTTC,0.9822134387351779,0.6086956521739131,1,0,44522,44543,TCTTGCCTGGAATTGCCTTGGG,0.9861660079051383,0.6956521739130435,1,0,2437,2473.486166007905,173,69.2,0.1752241238793806,0.19765561843168958,0.10767376456408197,-0.08998185386760761,173,173,69.2,0,-0.08998185386760761,False
123,40801,43021,2221,2000,2000.0,1950,2047,1953.4,2008.6,0.8969324432785403,1.0,0.9650724637680954,0.932463768116116,0.9252173913045165,40854,40875,AAGACCCTCAGACATTGTTGTC,0.9762845849802372,0.6086956521739131,2,0,43000,43021,CAAGGTAGGGTCCAATGGCAGC,0.9782608695652175,0.6956521739130435,3,0,1877,1942.1581027667985,122,61.0,0.17900905700586042,0.20694941236586611,0.10604508196721311,-0.100904330398653,122,122,61.0,0,-0.100904330398653,False
124,40901,43121,2221,2000,2000.0,1950,2047,1953.4,2008.6,0.8969324432785403,1.0,0.9939130434782661,0.9272463768117207,0.9289855072464465,41008,41029,AGCGACAGAAAAAGCGCTTGAA,0.9584980237154151,0.6086956521739131,3,0,43000,43021,CAAGGTAGGGTCCAATGGCAGC,0.9782608695652175,0.6956521739130435,3,0,1877,1942.1581027667985,121,60.5,0.18114011720831114,0.2091002044989775,0.10655737704918032,-0.10254282744979719,121,121,60.5,0,-0.10254282744979719,False
125,41501,43183,1683,1500,1500.0,1447,1511,1453.0,1508.6,0.8841613061561362,0.8923188405797191,1.0,0.9114689544185725,0.9318840579711589,41677,41698,GAAGTACCGACAATTACAGTTT,0.9664031620553359,0.6086956521739131,3,0,43000,43021,CAAGGTAGGGTCCAATGGCAGC,0.9782608695652175,0.6956521739130435,3,0,1380,1442.8695652173913,104,69.33333333333333,0.2036231884057971,0.24021962937542896,0.11927877947295423,-0.12094084990247472,104,104,69.33333333333333,0,-0.12094084990247472,False
126,40601,44860,4260,4000,4000.0,3898,4019,3903.6,4008.0,0.9334456011430432,0.9039130434781206,0.9195652173910882,0.9211129179322597,0.8756815877258487,40854,40875,AAGACCCTCAGACATTGTTGTC,0.9762845849802372,0.6086956521739131,2,0,44570,44591,CTTACAAAGCCTTGAGAACCTT,0.9782608695652173,0.6086956521739131,2,0,3794,3902.501976284585,255,63.75,0.1743940990516333,0.1957249549317538,0.10262345679012345,-0.09310149814163034,255,255,63.75,0,-0.09310149814163034,False
127,40901,42605,1705,1500,1500.0,1449,1545,1453.0,1505.2,0.874461303072747,1.0,0.8317391304346651,0.9272463768117207,0.9185586716024652,41008,41029,AGCGACAGAAAAAGCGCTTGAA,0.9584980237154151,0.6086956521739131,3,0,42440,42461,GAAAGGCCTGGCAGGCCTGACA,0.9822134387351779,0.6086956521739131,1,0,1378,1442.391304347826,89,59.333333333333336,0.18940493468795355,0.20727522306108442,0.10620689655172413,-0.10106832650936029,89,89,59.333333333333336,0,-0.10106832650936029,False
128,40801,42492,1692,1500,1500.0,1443,1532,1443.0,1505.2,0.8787645184499264,1.0,0.7536231884055208,0.932463768116116,0.8952985758204643,40854,40875,AAGACCCTCAGACATTGTTGTC,0.9762845849802372,0.6086956521739131,2,0,42440,42461,GAAAGGCCTGGCAGGCCTGACA,0.9822134387351779,0.6086956521739131,1,0,1368,1441.8537549407115,87,58.0,0.1783625730994152,0.20013802622498275,0.0953375086986778,-0.10480051752630495,87,87,58.0,0,-0.10480051752630495,False
129,31801,34091,2291,2000,2000.0,1932,2060,1933.0,2023.0,0.8685783690432705,1.0,0.9139130434782055,0.9323188405796221,0.925517598343528,31804,31825,TTGAGTCCGGAAACTACTGTAT,0.9683794466403163,0.5652173913043478,3,0,34061,34082,AGGTGATGGACACGATTGAGTG,1.0,1.0,0,0,1883,1933.8498023715415,118,59.0,0.15023474178403756,0.1818655549765503,0.09511698880976602,-0.08674856616678428,118,118,59.0,0,-0.08674856616678428,False
130,31701,33282,1582,1500,1500.0,1469,1542,1471.0,1506.2,0.9456109492661723,1.0,0.8750724637681196,0.9234782608694513,0.9062091716655171,31804,31825,TTGAGTCCGGAAACTACTGTAT,0.9683794466403163,0.5652173913043478,3,0,32985,33006,CTTGCATTATATTGTAACATCG,1.0,1.0,0,0,1447,1476.3754940711462,92,61.333333333333336,0.15678254942058623,0.17941773865944483,0.09498327759197324,-0.08443446106747159,92,92,61.333333333333336,0,-0.08443446106747159,False
131,21201,24844,3644,3500,3500.0,3436,3518,3469.8,3513.8,0.959015415453631,0.9865217391304335,0.9817391304347741,0.9013783800738868,0.9216077225794894,21230,21251,GTTGGATCTTTTACATCTATAT,0.9584980237154151,0.5652173913043478,3,0,24670,24691,ATGTCGTTCTCAACCAAGGTCT,0.9980237154150197,0.9565217391304348,1,0,3386,3451.5375494071145,200,57.142857142857146,0.17833089311859443,0.21246707638279191,0.08147058823529411,-0.1309964881474978,200,200,57.142857142857146,0,-0.1309964881474978,False
132,21101,24747,3647,3500,3500.0,3436,3518,3472.2,3513.8,0.958405359974246,0.9786956521739133,0.9817391304347741,0.8934073655811153,0.9261004762026762,21230,21251,GTTGGATCTTTTACATCTATAT,0.9584980237154151,0.5652173913043478,3,0,24670,24691,ATGTCGTTCTCAACCAAGGTCT,0.9980237154150197,0.9565217391304348,1,0,3386,3451.6561264822135,200,57.142857142857146,0.18096632503660323,0.2151009657594381,0.08088235294117647,-0.13421861281826164,200,200,57.142857142857146,0,-0.13421861281826164,False
133,31701,35009,3309,3000,3000.0,2938,3067,2938.0,3029.0,0.9051729801463322,1.0,0.9998550724637728,0.9234782608694513,0.952727272727243,31804,31825,TTGAGTCCGGAAACTACTGTAT,0.9683794466403163,0.5652173913043478,3,0,34796,34817,GACTACAGGCTTCCCTCCAAAC,0.9980237154150197,0.9565217391304348,1,0,2885,2936.5573122529645,172,57.333333333333336,0.14129319192610332,0.16786324786324786,0.08714670255720054,-0.08071654530604731,172,172,57.333333333333336,0,-0.08071654530604731,False
134,21001,25180,4180,4000,4000.0,3941,4043,3969.0,4030.6,0.9564281256500881,0.9885507246376801,0.9079710144927109,0.9004743083003025,0.9091839328616091,21230,21251,GTTGGATCTTTTACATCTATAT,0.9584980237154151,0.5652173913043478,3,0,24935,24956,AAACTGTTCTTGCCAGCATCAT,0.9960474308300394,0.9130434782608695,1,0,3856,3939.375494071146,227,56.75,0.18037812979049567,0.2120051085568327,0.08482829318298309,-0.12717681537384962,227,227,56.75,0,-0.12717681537384962,False
135,31701,34502,2802,2500,2500.0,2438,2567,2438.2,2529.0,0.8904354032833223,1.0,0.9802898550724543,0.9234782608694513,0.9223454106279314,31804,31825,TTGAGTCCGGAAACTACTGTAT,0.9683794466403163,0.5652173913043478,3,0,34214,34235,AGGAATTCGACGATGAGCGTGA,0.9901185770750989,0.8695652173913043,2,0,2387,2437.687747035573,155,62.0,0.14362360709863806,0.17649484536082474,0.0918284789644013,-0.08466636639642344,155,155,62.0,0,-0.08466636639642344,False
136,31801,35110,3310,3000,3000.0,2933,3064,2934.0,3029.0,0.9040719821357815,1.0,0.9873913043478508,0.9323188405796221,0.9299736495388303,31804,31825,TTGAGTCCGGAAACTACTGTAT,0.9683794466403163,0.5652173913043478,3,0,34877,34898,ATTTGCACTATGCTTACAACAA,0.992094861660079,0.8260869565217391,1,0,2880,2932.924901185771,170,56.666666666666664,0.14422747516272696,0.1704895583704211,0.08950201884253028,-0.08098753952789081,170,170,56.666666666666664,0,-0.08098753952789081,False
137,31801,34609,2809,2500,2500.0,2438,2567,2438.2,2529.0,0.8883093163279037,1.0,0.957826086956496,0.9323188405796221,0.912950168189224,31804,31825,TTGAGTCCGGAAACTACTGTAT,0.9683794466403163,0.5652173913043478,3,0,34334,34355,GGGCTTCTCTATGGCCCAAGGA,0.9802371541501976,0.8260869565217391,3,0,2385,2436.6442687747035,153,61.2,0.14156004952538176,0.177319587628866,0.09142394822006472,-0.08589563940880127,153,153,61.2,0,-0.08589563940880127,False
138,31701,33991,2291,2000,2000.0,1932,2060,1933.0,2023.0,0.8685783690432705,1.0,0.8178260869565201,0.9234782608694513,0.9208839429490278,31804,31825,TTGAGTCCGGAAACTACTGTAT,0.9683794466403163,0.5652173913043478,3,0,33734,33755,TGGAAGTATGTTTTGCGGGTAC,0.9901185770750988,0.782608695652174,1,0,1883,1933.8498023715415,120,60.0,0.15440792905581638,0.18342886920270973,0.09715157680569685,-0.08627729239701289,120,120,60.0,0,-0.08627729239701289,False
139,21101,24235,3135,3000,3000.0,2935,3018,2972.2,3013.8,0.955398377366336,0.9786956521739133,0.9620289855072588,0.8934073655811153,0.9361198945980747,21230,21251,GTTGGATCTTTTACATCTATAT,0.9584980237154151,0.5652173913043478,3,0,24108,24129,GTCGCTTGCGCACCTTCATGCT,0.9881422924901186,0.7391304347826086,1,0,2886,2953.395256916996,171,57.0,0.18732876712328766,0.22248885841618102,0.08071748878923767,-0.14177136962694337,171,171,57.0,0,-0.14177136962694337,False
140,21201,24339,3139,3000,3000.0,2935,3018,2971.2,3013.8,0.9541670706539022,0.9865217391304335,0.9407246376811903,0.9013783800738868,0.9342358366270491,21230,21251,GTTGGATCTTTTACATCTATAT,0.9584980237154151,0.5652173913043478,3,0,24108,24129,GTCGCTTGCGCACCTTCATGCT,0.9881422924901186,0.7391304347826086,1,0,2886,2953.304347826087,170,56.666666666666664,0.18375042852245457,0.22111758656153582,0.08140738185581235,-0.13971020470572348,170,170,56.666666666666664,0,-0.13971020470572348,False
141,21001,24123,3123,3000,3000.0,2935,3018,2972.2,3013.8,0.9588745492767485,0.9885507246376801,1.0,0.9004743083003025,0.937681159420196,21230,21251,GTTGGATCTTTTACATCTATAT,0.9584980237154151,0.5652173913043478,3,0,23865,23886,TATACCATTTAGAAATGTCAAC,0.9861660079051383,0.6956521739130435,1,0,2887,2953.5415019762845,174,58.0,0.18801369863013698,0.22523140212547138,0.08244222145567437,-0.142789180669797,174,174,58.0,0,-0.142789180669797,False
142,21201,23820,2620,2500,2500.0,2435,2518,2469.8,2513.8,0.9518752074344434,0.9865217391304335,1.0,0.9013783800738868,0.9436231884057027,21230,21251,GTTGGATCTTTTACATCTATAT,0.9584980237154151,0.5652173913043478,3,0,23778,23799,AGGTAGGCTCTTGTTCAAGCAT,0.9762845849802372,0.6956521739130435,2,0,2387,2453.422924901186,150,60.0,0.1987603305785124,0.23582954075299958,0.0854522717799083,-0.15037726897309128,150,150,60.0,0,-0.15037726897309128,False
143,21001,24647,3647,3500,3500.0,3436,3518,3474.6,3513.8,0.9586914795960924,0.9885507246376801,0.9852173913043528,0.9004743083003025,0.9204025764893837,21230,21251,GTTGGATCTTTTACATCTATAT,0.9584980237154151,0.5652173913043478,3,0,24547,24568,CGGCAACAAAACTGCCGCCTTT,0.9802371541501976,0.5652173913043478,1,0,3386,3453.5652173913045,200,57.142857142857146,0.18197776477472205,0.21597892888498682,0.08323529411764706,-0.13274363476733975,200,200,57.142857142857146,0,-0.13274363476733975,False
144,21001,23623,2623,2500,2500.0,2435,2518,2472.2,2513.8,0.9510351572212298,0.9885507246376801,0.9868115942028999,0.9004743083003025,0.9187784679087659,21230,21251,GTTGGATCTTTTACATCTATAT,0.9584980237154151,0.5652173913043478,3,0,23553,23574,CTGGACCATACTTCATATGAAG,0.9802371541501976,0.5652173913043478,1,0,2387,2453.5415019762845,152,60.8,0.20867768595041322,0.24327678940835748,0.09045435598165902,-0.15282243342669846,152,152,60.8,0,-0.15282243342669846,False
145,21101,23723,2623,2500,2500.0,2435,2518,2472.2,2513.8,0.9510351572212298,0.9786956521739133,1.0,0.8934073655811153,0.9242028985506113,21230,21251,GTTGGATCTTTTACATCTATAT,0.9584980237154151,0.5652173913043478,3,0,23553,23574,CTGGACCATACTTCATATGAAG,0.9802371541501976,0.5652173913043478,1,0,2387,2453.5415019762845,152,60.8,0.20578512396694215,0.24162184526272237,0.08586911213005419,-0.1557527331326682,152,152,60.8,0,-0.1557527331326682,False
146,21001,22514,1514,1500,1500.0,1497,1504,1499.0,1503.8,0.9914709091953392,0.9885507246376801,1.0,0.9004743083003025,0.9014492753620289,21230,21251,GTTGGATCTTTTACATCTATAT,0.9584980237154151,0.5652173913043478,3,0,22345,22366,TAGACATTAGCATATGAAGCTG,0.966403162055336,0.5652173913043478,3,0,1496,1499.6205533596838,98,65.33333333333333,0.1961307538358906,0.232,0.07738492328218813,-0.15461507671781188,98,98,65.33333333333333,0,-0.15461507671781188,False
147,21101,22620,1520,1500,1500.0,1495,1504,1496.2,1502.0,0.9863272311212864,0.9786956521739133,0.973768115942039,0.8934073655811153,0.8840037593982075,21230,21251,GTTGGATCTTTTACATCTATAT,0.9584980237154151,0.5652173913043478,3,0,22345,22366,TAGACATTAGCATATGAAGCTG,0.966403162055336,0.5652173913043478,3,0,1492,1496.501976284585,97,64.66666666666667,0.20668896321070235,0.24398395721925134,0.07625418060200669,-0.16772977661724464,97,97,64.66666666666667,0,-0.16772977661724464,False
148,33701,35266,1566,1500,1500.0,1487,1517,1488.2,1511.0,0.957021489255367,0.8391304347825886,0.9786956521739315,0.9205940878765614,0.8791056769316128,33939,33960,GCTCAAAGAACTTGCAGAACTT,0.9683794466403163,0.5652173913043478,3,0,34985,35006,CCATCATGGAGAACTTTCCCAC,0.9545454545454546,0.2608695652173913,3,0,1476,1488.3399209486165,81,54.0,0.148721399730821,0.1816958277254374,0.08805870580386925,-0.09363712192156816,81,81,54.0,0,-0.09363712192156816,False
149,31901,34191,2291,2000,2000.0,1932,2060,1933.0,2023.0,0.8685783690432705,1.0,1.0,0.9352173913042376,0.9285507246375224,32063,32084,GCTGTATAAGGCCTGGCTGGTC,0.9703557312252964,0.5217391304347826,2,0,34061,34082,AGGTGATGGACACGATTGAGTG,1.0,1.0,0,0,1883,1933.8498023715415,121,60.5,0.15023474178403756,0.1829077644606566,0.09460834181078331,-0.08829942264987328,121,121,60.5,0,-0.08829942264987328,False
150,20701,24847,4147,4000,4000.0,3935,4018,3971.2,4013.0,0.9632840922196216,1.0,0.9798550724637607,0.9047826086954592,0.9208830848983295,20885,20906,GTCTCTTCTCGACTCTATGGAC,0.9703557312252965,0.5217391304347826,2,0,24670,24691,ATGTCGTTCTCAACCAAGGTCT,0.9980237154150197,0.9565217391304348,1,0,3885,3950.8339920948615,237,59.25,0.17654573326520184,0.21552604698672115,0.08258527827648116,-0.13294076871024,237,237,59.25,0,-0.13294076871024,False
151,20801,24952,4152,4000,4000.0,3930,4023,3967.2,4016.4,0.962155482952163,1.0,0.9784057971014408,0.9133333333331515,0.915777954923639,20885,20906,GTCTCTTCTCGACTCTATGGAC,0.9703557312252965,0.5217391304347826,2,0,24670,24691,ATGTCGTTCTCAACCAAGGTCT,0.9980237154150197,0.9565217391304348,1,0,3880,3948.814229249012,234,58.5,0.17740286298568508,0.21344580777096114,0.0839753466872111,-0.12947046108375004,234,234,58.5,0,-0.12947046108375004,False
152,22101,24733,2633,2500,2500.0,2437,2518,2469.0,2512.4,0.9472745586948202,0.9998550724637668,0.9817391304347741,0.9018840579707103,0.9269700414200633,22278,22299,AAGGCTCTCCCTGGGATGACGA,0.9624505928853754,0.5217391304347826,3,0,24670,24691,ATGTCGTTCTCAACCAAGGTCT,0.9980237154150197,0.9565217391304348,1,0,2387,2451.9486166007905,136,54.4,0.1742549668874172,0.21307405875051716,0.085381091211995,-0.12769296753852216,136,136,54.4,0,-0.12769296753852216,False
153,22201,24833,2633,2500,2500.0,2437,2518,2469.0,2512.4,0.9472910715170269,1.0,0.9817391304347741,0.903768115941748,0.918999026927304,22278,22299,AAGGCTCTCCCTGGGATGACGA,0.9624505928853754,0.5217391304347826,3,0,24670,24691,ATGTCGTTCTCAACCAAGGTCT,0.9980237154150197,0.9565217391304348,1,0,2388,2452.0355731225295,127,50.8,0.17259933774834438,0.20810922631361192,0.085381091211995,-0.12272813510161693,127,127,50.8,0,-0.12272813510161693,False
154,23401,24926,1526,1500,1500.0,1488,1513,1490.0,1501.8,0.9811955097156587,1.0,0.9763768115941942,0.9208695652172658,0.9054558937319962,23527,23548,GACTTCCTCACAAGAGACATCT,0.9703557312252965,0.5217391304347826,2,0,24670,24691,ATGTCGTTCTCAACCAAGGTCT,0.9980237154150197,0.9565217391304348,1,0,1482,1492.2727272727273,74,49.333333333333336,0.13163196776359973,0.16152815013404825,0.06970509383378017,-0.09182305630026809,74,74,49.333333333333336,0,-0.09182305630026809,False
155,20901,25052,4152,4000,4000.0,3930,4023,3967.2,4016.4,0.962155482952163,0.9921739130434798,0.9818840579710195,0.9031884057969607,0.9167467218770495,20941,20962,CGTCTTACGGATAGATTTGGGC,0.950592885375494,0.5217391304347826,3,0,24935,24956,AAACTGTTCTTGCCAGCATCAT,0.9960474308300394,0.9130434782608695,1,0,3880,3948.814229249012,230,57.5,0.17638036809815952,0.21037832310838445,0.08217770929635336,-0.12820061381203107,230,230,57.5,0,-0.12820061381203107,False
156,22001,25176,3176,3000,3000.0,2945,3046,2970.0,3036.8,0.9453236228233408,0.9782608695652318,0.9149275362318319,0.891014492753311,0.9085119961027158,22278,22299,AAGGCTCTCCCTGGGATGACGA,0.9624505928853754,0.5217391304347826,3,0,24935,24956,AAACTGTTCTTGCCAGCATCAT,0.9960474308300394,0.9130434782608695,1,0,2864,2945.818181818182,165,55.0,0.17751884852638794,0.21184120465434633,0.08912594631796283,-0.1227152583363835,165,165,55.0,0,-0.1227152583363835,False
157,20701,23823,3123,3000,3000.0,2935,3018,2972.2,3013.8,0.9588745492767485,1.0,1.0,0.9047826086954592,0.9452173913042619,20885,20906,GTCTCTTCTCGACTCTATGGAC,0.9703557312252965,0.5217391304347826,2,0,23802,23823,ATAGCTGATTGACATATGCTTT,0.992094861660079,0.8260869565217391,1,0,2887,2953.5415019762845,187,62.333333333333336,0.19315068493150686,0.23551594103531026,0.08554674025526043,-0.14996920078004983,187,187,62.333333333333336,0,-0.14996920078004983,False
158,20901,24023,3123,3000,3000.0,2935,3018,2972.2,3013.8,0.9588745492767485,0.9921739130434798,1.0,0.9031884057969607,0.9449275362318076,20941,20962,CGTCTTACGGATAGATTTGGGC,0.950592885375494,0.5217391304347826,3,0,23802,23823,ATAGCTGATTGACATATGCTTT,0.992094861660079,0.8260869565217391,1,0,2887,2953.5415019762845,180,60.0,0.18835616438356165,0.22625985601645526,0.08313211452224906,-0.1431277414942062,180,180,60.0,0,-0.1431277414942062,False
159,20801,23923,3123,3000,3000.0,2935,3018,2972.2,3013.8,0.9588745492767485,1.0,1.0,0.9133333333331515,0.9433333333332242,20885,20906,GTCTCTTCTCGACTCTATGGAC,0.9703557312252965,0.5217391304347826,2,0,23802,23823,ATAGCTGATTGACATATGCTTT,0.992094861660079,0.8260869565217391,1,0,2887,2953.5415019762845,179,59.666666666666664,0.19143835616438357,0.23037367158039082,0.08589168678854778,-0.14448198479184304,179,179,59.666666666666664,0,-0.14448198479184304,False
160,20701,24342,3642,3500,3500.0,3435,3518,3473.6,3513.8,0.959852446099847,1.0,0.9407246376811903,0.9047826086954592,0.9336561264821285,20885,20906,GTCTCTTCTCGACTCTATGGAC,0.9703557312252965,0.5217391304347826,2,0,24108,24129,GTCGCTTGCGCACCTTCATGCT,0.9881422924901186,0.7391304347826086,1,0,3386,3453.422924901186,207,59.142857142857146,0.18099415204678362,0.22329528826455955,0.0820829655781112,-0.14121232268644834,207,207,59.142857142857146,0,-0.14121232268644834,False
161,22101,24209,2109,2000,2000.0,1936,2018,1969.0,2013.0,0.9451831694394511,0.9998550724637668,0.9998550724637668,0.9018840579707103,0.9375362318839809,22278,22299,AAGGCTCTCCCTGGGATGACGA,0.9624505928853754,0.5217391304347826,3,0,24108,24129,GTCGCTTGCGCACCTTCATGCT,0.9881422924901186,0.7391304347826086,1,0,1887,1953.7470355731225,108,54.0,0.18115564809994794,0.22274387063119458,0.08578947368421053,-0.13695439694698405,108,108,54.0,0,-0.13695439694698405,False
162,22201,24328,2128,2000,2000.0,1936,2018,1970.4,2012.4,0.9373569794050279,1.0,0.9407246376811903,0.903768115941748,0.9336561264821042,22278,22299,AAGGCTCTCCCTGGGATGACGA,0.9624505928853754,0.5217391304347826,3,0,24108,24129,GTCGCTTGCGCACCTTCATGCT,0.9881422924901186,0.7391304347826086,1,0,1888,1953.802371541502,97,48.5,0.1790733992712129,0.22013562858633282,0.08578947368421053,-0.1343461549021223,97,97,48.5,0,-0.1343461549021223,False
163,22001,24116,2116,2000,2000.0,1936,2018,1969.8,2013.0,0.9423234979863477,0.9782608695652318,1.0,0.891014492753311,0.9375362318839688,22278,22299,AAGGCTCTCCCTGGGATGACGA,0.9624505928853754,0.5217391304347826,3,0,23865,23886,TATACCATTTAGAAATGTCAAC,0.9861660079051383,0.6956521739130435,1,0,1888,1953.8537549407115,112,56.0,0.18844351900052056,0.23265519040166927,0.08842105263157894,-0.1442341377700903,112,112,56.0,0,-0.1442341377700903,False
164,22201,23809,1609,1500,1500.0,1436,1518,1469.0,1513.0,0.9282027724484414,1.0,1.0,0.903768115941748,0.9418840579709044,22278,22299,AAGGCTCTCCCTGGGATGACGA,0.9624505928853754,0.5217391304347826,3,0,23778,23799,AGGTAGGCTCTTGTTCAAGCAT,0.9762845849802372,0.6956521739130435,2,0,1389,1453.9209486166008,77,51.333333333333336,0.2047853624208304,0.24488355681016233,0.09571428571428571,-0.14916927109587663,77,77,51.333333333333336,0,-0.14916927109587663,False
165,20801,24442,3642,3500,3500.0,3435,3518,3473.6,3513.8,0.959852446099847,1.0,0.9407246376811903,0.9133333333331515,0.9219169960473179,20885,20906,GTCTCTTCTCGACTCTATGGAC,0.9703557312252965,0.5217391304347826,2,0,24143,24164,GCCCACGAAATCTGGTCTGTCT,0.9703557312252965,0.6521739130434783,3,0,3386,3453.422924901186,209,59.714285714285715,0.18070175438596492,0.22095405326309628,0.08296557811120918,-0.1379884751518871,209,209,59.714285714285715,0,-0.1379884751518871,False
166,20901,24542,3642,3500,3500.0,3435,3518,3473.6,3513.8,0.959852446099847,0.9921739130434798,0.9786956521739315,0.9031884057969607,0.9265217391303182,20941,20962,CGTCTTACGGATAGATTTGGGC,0.950592885375494,0.5217391304347826,3,0,24406,24427,GTGTGTATGTAGACCGGACCTC,0.9644268774703558,0.5652173913043478,2,0,3386,3453.422924901186,204,58.285714285714285,0.17894736842105263,0.21627158326016974,0.0820829655781112,-0.13418861768205853,204,204,58.285714285714285,0,-0.13418861768205853,False
167,31901,34709,2809,2500,2500.0,2438,2567,2438.2,2529.0,0.8883093163279037,1.0,0.957826086956496,0.9352173913042376,0.9167182841312388,32063,32084,GCTGTATAAGGCCTGGCTGGTC,0.9703557312252964,0.5217391304347826,2,0,34424,34445,GGATTGAGCAGTACAACTTTGG,0.9703557312252965,0.5652173913043478,2,0,2385,2436.6442687747035,152,60.8,0.1440363186132893,0.1777319587628866,0.09021035598705501,-0.0875216027758316,152,152,60.8,0,-0.0875216027758316,False
168,22001,24640,2640,2500,2500.0,2437,2518,2472.2,2512.4,0.9453557312252935,0.9782608695652318,0.9852173913043528,0.891014492753311,0.9209822866343044,22278,22299,AAGGCTCTCCCTGGGATGACGA,0.9624505928853754,0.5217391304347826,3,0,24547,24568,CGGCAACAAAACTGCCGCCTTT,0.9802371541501976,0.5652173913043478,1,0,2387,2453.877470355731,138,55.2,0.17858619264158743,0.21803889118742242,0.08788004997917534,-0.13015884120824708,138,138,55.2,0,-0.13015884120824708,False
169,20901,22414,1514,1500,1500.0,1497,1504,1499.0,1503.8,0.9914709091953392,0.9921739130434798,1.0,0.9031884057969607,0.9002898550721632,20941,20962,CGTCTTACGGATAGATTTGGGC,0.950592885375494,0.5217391304347826,3,0,22345,22366,TAGACATTAGCATATGAAGCTG,0.966403162055336,0.5652173913043478,3,0,1496,1499.6205533596838,102,68.0,0.1887925283522348,0.226,0.08138759172781855,-0.14461240827218147,102,102,68.0,0,-0.14461240827218147,False
170,22101,23709,1609,1500,1500.0,1436,1518,1469.0,1513.0,0.9281757505336683,0.9998550724637668,1.0,0.9018840579707103,0.9252173913042376,22278,22299,AAGGCTCTCCCTGGGATGACGA,0.9624505928853754,0.5217391304347826,3,0,23553,23574,CTGGACCATACTTCATATGAAG,0.9802371541501976,0.5652173913043478,1,0,1388,1453.8339920948617,89,59.333333333333336,0.21182266009852216,0.25617501764290757,0.09785714285714285,-0.1583178747857647,89,89,59.333333333333336,0,-0.1583178747857647,False
171,22001,23616,1616,1500,1500.0,1436,1518,1469.8,1513.0,0.9244780456306385,0.9782608695652318,0.9868115942028999,0.891014492753311,0.9189233954449931,22278,22299,AAGGCTCTCCCTGGGATGACGA,0.9624505928853754,0.5217391304347826,3,0,23553,23574,CTGGACCATACTTCATATGAAG,0.9802371541501976,0.5652173913043478,1,0,1388,1453.8537549407115,89,59.333333333333336,0.22378606615059818,0.26605504587155965,0.10357142857142858,-0.16248361730013106,89,89,59.333333333333336,0,-0.16248361730013106,False
172,20801,23423,2623,2500,2500.0,2435,2518,2472.2,2513.8,0.9510351572212298,1.0,0.8862318840580156,0.9133333333331515,0.8877908275296674,20885,20906,GTCTCTTCTCGACTCTATGGAC,0.9703557312252965,0.5217391304347826,2,0,23327,23348,CTGTGCCGCCTGACAAGGCCAA,0.966403162055336,0.5217391304347826,3,0,2387,2453.5415019762845,162,64.8,0.20826446280991737,0.2503103020273066,0.09253855773238849,-0.15777174429491808,162,162,64.8,0,-0.15777174429491808,False
173,20901,23523,2623,2500,2500.0,2435,2518,2472.2,2513.8,0.9510351572212298,0.9921739130434798,0.9546376811594321,0.9031884057969607,0.8950430599993463,20941,20962,CGTCTTACGGATAGATTTGGGC,0.950592885375494,0.5217391304347826,3,0,23327,23348,CTGTGCCGCCTGACAAGGCCAA,0.966403162055336,0.5217391304347826,3,0,2387,2453.5415019762845,158,63.2,0.20867768595041322,0.2486553578816715,0.09128803668195082,-0.1573673211997207,158,158,63.2,0,-0.1573673211997207,False
174,20801,22314,1514,1500,1500.0,1497,1504,1499.0,1503.8,0.9914709091953392,1.0,0.9782608695652318,0.9133333333331515,0.8828985507243245,20885,20906,GTCTCTTCTCGACTCTATGGAC,0.9703557312252965,0.5217391304347826,2,0,22281,22302,TGTTCGTCATCCCAGGGAGAGC,0.9525691699604745,0.5217391304347826,3,0,1496,1499.6205533596838,109,72.66666666666667,0.18812541694462975,0.23066666666666666,0.08072048032021348,-0.14994618634645318,109,109,72.66666666666667,0,-0.14994618634645318,False
175,31901,35215,3315,3000,3000.0,2936,3067,2937.0,3033.0,0.9035608892385993,1.0,0.9801449275362514,0.9352173913042376,0.8977790325615085,32063,32084,GCTGTATAAGGCCTGGCTGGTC,0.9703557312252964,0.5217391304347826,2,0,34952,34973,TCAACACTAGCGTGCGCCTTCT,0.9505928853754941,0.4782608695652174,3,0,2883,2935.2687747035575,169,56.333333333333336,0.15244946899623157,0.17858364693807732,0.09253028263795424,-0.08605336430012309,169,169,56.333333333333336,0,-0.08605336430012309,False
176,22301,24938,2638,2500,2500.0,2431,2523,2464.0,2515.8,0.9453307841909164,0.973768115942039,0.9784057971014408,0.8842936144706861,0.9108504186917586,22453,22474,CGCATCAGCTTTATGATAGAAA,0.9604743083003953,0.43478260869565216,3,0,24670,24691,ATGTCGTTCTCAACCAAGGTCT,0.9980237154150197,0.9565217391304348,1,0,2382,2449.193675889328,127,50.8,0.17385892116182572,0.20771144278606965,0.08601252609603341,-0.12169891669003624,127,127,50.8,0,-0.12169891669003624,False
177,22401,25038,2638,2500,2500.0,2431,2523,2464.0,2515.8,0.9453307841909164,0.9442028985507083,0.9818840579710195,0.8699227840129485,0.9170365769495038,22453,22474,CGCATCAGCTTTATGATAGAAA,0.9604743083003953,0.43478260869565216,3,0,24935,24956,AAACTGTTCTTGCCAGCATCAT,0.9960474308300394,0.9130434782608695,1,0,2382,2449.193675889328,128,51.2,0.17012448132780084,0.2023217247097844,0.08225469728601252,-0.12006702742377189,128,128,51.2,0,-0.12006702742377189,False
178,22401,24009,1609,1500,1500.0,1436,1518,1469.0,1513.0,0.9282027724484414,0.9442028985507083,1.0,0.8699227840129485,0.9463768115941275,22453,22474,CGCATCAGCTTTATGATAGAAA,0.9604743083003953,0.43478260869565216,3,0,23802,23823,ATAGCTGATTGACATATGCTTT,0.992094861660079,0.8260869565217391,1,0,1389,1453.9209486166008,75,50.0,0.19141449683321604,0.22935779816513763,0.08642857142857142,-0.14292922673656622,75,75,50.0,0,-0.14292922673656622,False
179,22301,23909,1609,1500,1500.0,1436,1518,1469.0,1513.0,0.9282027724484414,0.973768115942039,1.0,0.8842936144706861,0.9434782608694635,22453,22474,CGCATCAGCTTTATGATAGAAA,0.9604743083003953,0.43478260869565216,3,0,23802,23823,ATAGCTGATTGACATATGCTTT,0.992094861660079,0.8260869565217391,1,0,1389,1453.9209486166008,72,48.0,0.1984517945109078,0.23853211009174313,0.09285714285714286,-0.14567496723460027,72,72,48.0,0,-0.14567496723460027,False
180,22301,24428,2128,2000,2000.0,1936,2018,1970.4,2012.4,0.9373569794050279,0.973768115942039,0.9407246376811903,0.8842936144706861,0.924380764163252,22453,22474,CGCATCAGCTTTATGATAGAAA,0.9604743083003953,0.43478260869565216,3,0,24139,24160,ACGAAATCTGGTCTGTCTGTTT,0.9802371541501976,0.6521739130434783,2,0,1888,1953.802371541502,101,50.5,0.17751171264966165,0.2190923317683881,0.08473684210526315,-0.13435548966312494,101,101,50.5,0,-0.13435548966312494,False
181,22401,24528,2128,2000,2000.0,1936,2018,1970.4,2012.4,0.9373569794050279,0.9442028985507083,0.9786956521739315,0.8699227840129485,0.9215942028984137,22453,22474,CGCATCAGCTTTATGATAGAAA,0.9604743083003953,0.43478260869565216,3,0,24406,24427,GTGTGTATGTAGACCGGACCTC,0.9644268774703558,0.5652173913043478,2,0,1888,1953.802371541502,101,50.5,0.17413972888425444,0.21231090245174752,0.08263157894736842,-0.1296793235043791,101,101,50.5,0,-0.1296793235043791,False
182,20601,24750,4150,4000,4000.0,3936,4019,3970.8,4015.6,0.9625144054478737,0.9871014492753359,0.9817391304347741,0.8844099378879885,0.9268251138838363,20677,20698,CTTGAATCTCAGCCAGACGACA,0.9624505928853755,0.391304347826087,2,0,24670,24691,ATGTCGTTCTCAACCAAGGTCT,0.9980237154150197,0.9565217391304348,1,0,3874,3949.4584980237155,245,61.25,0.17828863346104726,0.21961184882533197,0.08361118235444986,-0.1360006664708821,245,245,61.25,0,-0.1360006664708821,False
183,20401,25099,4699,4500,4500.0,4447,4542,4494.4,4533.6,0.9590754739676282,0.9143478260869233,0.9502898550724421,0.8586155394522696,0.9110505013598837,20677,20698,CTTGAATCTCAGCCAGACGACA,0.9624505928853755,0.391304347826087,2,0,24935,24956,AAACTGTTCTTGCCAGCATCAT,0.9960474308300394,0.9130434782608695,1,0,4370,4447.747035573123,276,61.333333333333336,0.18541102077687444,0.21902604756511893,0.08874262369496141,-0.1302834238701575,276,276,61.333333333333336,0,-0.1302834238701575,False
184,20501,25202,4702,4500,4500.0,4453,4548,4481.4,4531.4,0.9571042849481189,0.95492753623185,0.8965217391303971,0.8663019323669384,0.9132758876057414,20677,20698,CTTGAATCTCAGCCAGACGACA,0.9624505928853755,0.391304347826087,2,0,24935,24956,AAACTGTTCTTGCCAGCATCAT,0.9960474308300394,0.9130434782608695,1,0,4350,4434.833992094862,273,60.666666666666664,0.18214689265536724,0.2180127041742287,0.08748866727107887,-0.13052403690314981,273,273,60.666666666666664,0,-0.13052403690314981,False
185,21401,25045,3645,3500,3500.0,3431,3523,3464.8,3516.4,0.9586449573567097,1.0,0.9818840579710195,0.8985507246374618,0.9144278812973304,21650,21671,TTCTCATCAGCTCCATCATGGG,0.9584980237154151,0.391304347826087,2,0,24935,24956,AAACTGTTCTTGCCAGCATCAT,0.9960474308300394,0.9130434782608695,1,0,3381,3449.1264822134385,200,57.142857142857146,0.17462642836214473,0.2104337631887456,0.08188512518409426,-0.12854863800465133,200,200,57.142857142857146,0,-0.12854863800465133,False
186,20401,24056,3656,3500,3500.0,3444,3531,3487.4,3528.0,0.9578417847968717,0.9143478260869233,1.0,0.8586155394522696,0.9395652173912216,20677,20698,CTTGAATCTCAGCCAGACGACA,0.9624505928853755,0.391304347826087,2,0,23802,23823,ATAGCTGATTGACATATGCTTT,0.992094861660079,0.8260869565217391,1,0,3373,3452.7272727272725,224,64.0,0.19714202391367747,0.23593200468933176,0.089920658242727,-0.14601134644660474,224,224,64.0,0,-0.14601134644660474,False
187,21401,24016,2616,2500,2500.0,2436,2518,2469.8,2513.0,0.9533472942427798,1.0,1.0,0.8985507246374618,0.945217391304274,21650,21671,TTCTCATCAGCTCCATCATGGG,0.9584980237154151,0.391304347826087,2,0,23802,23823,ATAGCTGATTGACATATGCTTT,0.992094861660079,0.8260869565217391,1,0,2388,2453.8537549407115,148,59.2,0.18876497315159024,0.22879602813405048,0.08333333333333333,-0.14546269480071716,148,148,59.2,0,-0.14546269480071716,False
188,20501,24141,3641,3500,3500.0,3443,3525,3483.8,3521.2,0.9610116666467566,0.95492753623185,1.0,0.8663019323669384,0.9381159420288896,20677,20698,CTTGAATCTCAGCCAGACGACA,0.9624505928853755,0.391304347826087,2,0,24108,24129,GTCGCTTGCGCACCTTCATGCT,0.9881422924901186,0.7391304347826086,1,0,3375,3453.4703557312255,220,62.857142857142854,0.1896149358226371,0.2303864168618267,0.08631826189078097,-0.14406815497104575,220,220,62.857142857142854,0,-0.14406815497104575,False
189,20601,24238,3638,3500,3500.0,3435,3519,3472.0,3515.6,0.9605014699906719,0.9871014492753359,0.9620289855072588,0.8844099378879885,0.9358300395256083,20677,20698,CTTGAATCTCAGCCAGACGACA,0.9624505928853755,0.391304347826087,2,0,24108,24129,GTCGCTTGCGCACCTTCATGCT,0.9881422924901186,0.7391304347826086,1,0,3374,3451.197628458498,217,62.0,0.18304093567251462,0.2268735362997658,0.08416715715126545,-0.14270637914850037,217,217,62.0,0,-0.14270637914850037,False
190,20501,24665,4165,4000,4000.0,3944,4025,3982.0,4020.2,0.9603319588704995,0.95492753623185,0.9817391304347741,0.8663019323669384,0.9159555486663885,20677,20698,CTTGAATCTCAGCCAGACGACA,0.9624505928853755,0.391304347826087,2,0,24547,24568,CGGCAACAAAACTGCCGCCTTT,0.9802371541501976,0.5652173913043478,1,0,3874,3951.584980237154,249,62.25,0.18429773132806526,0.22338524380903754,0.08676734067059125,-0.1366179031384463,249,249,62.25,0,-0.1366179031384463,False
191,20401,24575,4175,4000,4000.0,3944,4031,3986.6,4028.0,0.9588232231189748,0.9143478260869233,1.0,0.8586155394522696,0.9324637681158129,20677,20698,CTTGAATCTCAGCCAGACGACA,0.9624505928853755,0.391304347826087,2,0,24547,24568,CGGCAACAAAACTGCCGCCTTT,0.9802371541501976,0.5652173913043478,1,0,3872,3952.608695652174,247,61.75,0.1879775853285787,0.22443762781186094,0.08685626441199078,-0.13758136339987015,247,247,61.75,0,-0.13758136339987015,False
192,20501,23641,3141,3000,3000.0,2943,3025,2983.8,3021.2,0.9548053098570012,0.95492753623185,0.9868115942028999,0.8663019323669384,0.9173291925464582,20677,20698,CTTGAATCTCAGCCAGACGACA,0.9624505928853755,0.391304347826087,2,0,23553,23574,CTGGACCATACTTCATATGAAG,0.9802371541501976,0.5652173913043478,1,0,2875,2953.4703557312255,198,66.0,0.2062841530054645,0.24622770919067216,0.09325533379215416,-0.152972375398518,198,198,66.0,0,-0.152972375398518,False
193,20601,23726,3126,3000,3000.0,2935,3019,2972.0,3016.2,0.9576761523268991,0.9871014492753359,1.0,0.8844099378879885,0.9266666666665575,20677,20698,CTTGAATCTCAGCCAGACGACA,0.9624505928853755,0.391304347826087,2,0,23553,23574,CTGGACCATACTTCATATGAAG,0.9802371541501976,0.5652173913043478,1,0,2875,2951.3438735177865,197,65.66666666666667,0.19726027397260273,0.24314128943758573,0.08868184955141477,-0.15445943988617095,197,197,65.66666666666667,0,-0.15445943988617095,False
194,21401,24535,3135,3000,3000.0,2936,3018,2971.2,3012.4,0.9553983773663378,1.0,0.9786956521739315,0.8985507246374618,0.9228985507245064,21650,21671,TTCTCATCAGCTCCATCATGGG,0.9584980237154151,0.391304347826087,2,0,24406,24427,GTGTGTATGTAGACCGGACCTC,0.9644268774703558,0.5652173913043478,2,0,2887,2953.7351778656125,173,57.666666666666664,0.1778615490061686,0.21700377099760026,0.08172413793103449,-0.13527963306656576,173,173,57.666666666666664,0,-0.13527963306656576,False
195,20401,22439,2039,2000,2000.0,1979,2022,1991.2,2022.0,0.981064886879755,0.9143478260869233,1.0,0.8586155394522696,0.8937681159417237,20677,20698,CTTGAATCTCAGCCAGACGACA,0.9624505928853755,0.391304347826087,2,0,22345,22366,TAGACATTAGCATATGAAGCTG,0.966403162055336,0.5652173913043478,3,0,1974,1990.806324110672,145,72.5,0.2055,0.2435832913940614,0.09223057644110276,-0.15135271495295866,145,145,72.5,0,-0.15135271495295866,False
196,20501,22526,2026,2000,2000.0,1981,2011,1993.2,2011.0,0.9869522297094268,0.95492753623185,1.0,0.8663019323669384,0.9062318840576942,20677,20698,CTTGAATCTCAGCCAGACGACA,0.9624505928853755,0.391304347826087,2,0,22345,22366,TAGACATTAGCATATGAAGCTG,0.966403162055336,0.5652173913043478,3,0,1978,1993.5494071146245,145,72.5,0.1969015492253873,0.2418464626191671,0.0855,-0.15634646261916707,145,145,72.5,0,-0.15634646261916707,False
197,20601,22624,2024,2000,2000.0,1986,2006,1996.0,2002.8,0.9876911840522431,0.9871014492753359,0.9728985507246519,0.8844099378879885,0.8829747738909767,20677,20698,CTTGAATCTCAGCCAGACGACA,0.9624505928853755,0.391304347826087,2,0,22345,22366,TAGACATTAGCATATGAAGCTG,0.966403162055336,0.5652173913043478,3,0,1982,1994.806324110672,142,71.0,0.19438877755511022,0.24649298597194388,0.08270676691729323,-0.16378621905465066,142,142,71.0,0,-0.16378621905465066,False
198,20401,23556,3156,3000,3000.0,2944,3031,2987.4,3028.0,0.9511627266214712,0.9143478260869233,0.9768115942028999,0.8586155394522696,0.903330572808627,20677,20698,CTTGAATCTCAGCCAGACGACA,0.9624505928853755,0.391304347826087,2,0,23526,23547,GATGTCTCTTGTGAGGAAGTCC,0.9703557312252965,0.5217391304347826,2,0,2873,2952.7272727272725,200,66.66666666666667,0.21509047456469785,0.2537774725274725,0.09714088873579056,-0.15663658379168194,200,200,66.66666666666667,0,-0.15663658379168194,False
199,21401,23516,2116,2000,2000.0,1936,2018,1969.8,2013.0,0.9423234979863477,1.0,0.9536231884057997,0.8985507246374618,0.8949705962312389,21650,21671,TTCTCATCAGCTCCATCATGGG,0.9584980237154151,0.391304347826087,2,0,23327,23348,CTGTGCCGCCTGACAAGGCCAA,0.966403162055336,0.5217391304347826,3,0,1888,1953.8537549407115,128,64.0,0.21447162935970848,0.25821596244131456,0.09368421052631579,-0.16453175191499878,128,128,64.0,0,-0.16453175191499878,False
200,20401,21936,1536,1500,1500.0,1484,1526,1495.2,1526.0,0.9791100543478196,0.9143478260869233,1.0,0.8586155394522696,0.9191304347824311,20677,20698,CTTGAATCTCAGCCAGACGACA,0.9624505928853755,0.391304347826087,2,0,21868,21889,CTCCTAGGAAAGCCGTGAGCCA,0.9545454545454546,0.391304347826087,3,0,1479,1494.8735177865613,110,73.33333333333333,0.2014627659574468,0.23943661971830985,0.09072715143428953,-0.14870946828402032,110,110,73.33333333333333,0,-0.14870946828402032,False
201,20501,22019,1519,1500,1500.0,1482,1511,1493.2,1511.0,0.986890688954397,0.95492753623185,1.0,0.8663019323669384,0.9137681159418207,20677,20698,CTTGAATCTCAGCCAGACGACA,0.9624505928853755,0.391304347826087,2,0,21868,21889,CTCCTAGGAAAGCCGTGAGCCA,0.9545454545454546,0.391304347826087,3,0,1479,1493.6166007905138,109,72.66666666666667,0.19453697534976683,0.23576691225720026,0.084,-0.15176691225720024,109,109,72.66666666666667,0,-0.15176691225720024,False
202,20601,22116,1516,1500,1500.0,1486,1503,1496.4,1502.0,0.9889296776413881,0.9871014492753359,0.9782608695652318,0.8844099378879885,0.9018840579707346,20677,20698,CTTGAATCTCAGCCAGACGACA,0.9624505928853755,0.391304347826087,2,0,21868,21889,CTCCTAGGAAAGCCGTGAGCCA,0.9545454545454546,0.391304347826087,3,0,1483,1496.4229249011858,109,72.66666666666667,0.1875834445927904,0.2356475300400534,0.08082832331329326,-0.15481920672676014,109,109,72.66666666666667,0,-0.15481920672676014,False
203,21301,24948,3648,3500,3500.0,3430,3523,3464.8,3516.4,0.9578685163996922,0.9901449275362332,0.9784057971014408,0.8953968253965771,0.9153431723149454,21359,21380,CTCCGTCATTTACGCAACTTCA,0.9545454545454546,0.30434782608695654,2,0,24670,24691,ATGTCGTTCTCAACCAAGGTCT,0.9980237154150197,0.9565217391304348,1,0,3380,3448.9565217391305,203,58.0,0.17864476386036962,0.21277842907385697,0.08279316440777844,-0.12998526466607851,203,203,58.0,0,-0.12998526466607851,False
204,21301,23919,2619,2500,2500.0,2435,2518,2469.8,2513.6,0.9522718594883474,0.9901449275362332,1.0,0.8953968253965771,0.9442028985506234,21359,21380,CTCCGTCATTTACGCAACTTCA,0.9545454545454546,0.30434782608695654,2,0,23802,23823,ATAGCTGATTGACATATGCTTT,0.992094861660079,0.8260869565217391,1,0,2387,2453.683794466403,148,59.2,0.19586776859504132,0.2329333884981382,0.0850354314297624,-0.14789795706837577,148,148,59.2,0,-0.14789795706837577,False
205,21301,24438,3138,3000,3000.0,2935,3018,2971.2,3013.0,0.9544988500013827,0.9901449275362332,0.9407246376811903,0.8953968253965771,0.9219169960473179,21359,21380,CTCCGTCATTTACGCAACTTCA,0.9545454545454546,0.30434782608695654,2,0,24139,24160,ACGAAATCTGGTCTGTCTGTTT,0.9802371541501976,0.6521739130434783,2,0,2886,2953.5652173913045,178,59.333333333333336,0.18253424657534248,0.2214604045251971,0.08140738185581235,-0.14005302266938474,178,178,59.333333333333336,0,-0.14005302266938474,False
206,21301,23419,2119,2000,2000.0,1935,2018,1969.8,2013.6,0.9410099103350551,0.9901449275362332,0.8800000000000485,0.8953968253965771,0.8895299579644537,21359,21380,CTCCGTCATTTACGCAACTTCA,0.9545454545454546,0.30434782608695654,2,0,23327,23348,CTGTGCCGCCTGACAAGGCCAA,0.966403162055336,0.5217391304347826,3,0,1887,1953.6837944664032,131,65.5,0.21770833333333334,0.2576943140323422,0.09320695102685624,-0.164487363005486,131,131,65.5,0,-0.164487363005486,False
207,31301,34113,2813,2500,2500.0,2443,2564,2444.0,2531.0,0.8867525000385953,0.9418840579710195,0.9139130434782055,0.8995741164503609,0.9304451345754327,31532,31553,CCTCCCATCTCATTGGAGACTC,0.9505928853754941,0.2608695652173913,3,0,34061,34082,AGGTGATGGACACGATTGAGTG,1.0,1.0,0,0,2379,2432.6561264822135,143,57.2,0.16082474226804125,0.1827600497306258,0.10028305701577032,-0.08247699271485547,143,143,57.2,0,-0.08247699271485547,False
208,31301,35131,3831,3500,3500.0,3443,3567,3444.0,3535.0,0.9124646760409587,0.9418840579710195,0.9862318840579852,0.8995741164503609,0.9241558441557935,31532,31553,CCTCCCATCTCATTGGAGACTC,0.9505928853754941,0.2608695652173913,3,0,34877,34898,ATTTGCACTATGCTTACAACAA,0.992094861660079,0.8260869565217391,1,0,3376,3430.0671936758895,195,55.714285714285715,0.15337423312883436,0.17548500881834214,0.09496402877697842,-0.08052098004136372,195,195,55.714285714285715,0,-0.08052098004136372,False
209,31301,34627,3327,3000,3000.0,2945,3067,2945.2,3033.0,0.9004456293043335,0.9418840579710195,0.957826086956496,0.8995741164503609,0.9210661102182106,31532,31553,CCTCCCATCTCATTGGAGACTC,0.9505928853754941,0.2608695652173913,3,0,34334,34355,GGGCTTCTCTATGGCCCAAGGA,0.9802371541501976,0.8260869565217391,3,0,2878,2931.4505928853755,177,59.0,0.1527160915613256,0.18078512396694216,0.0961344537815126,-0.08465067018542956,177,177,59.0,0,-0.08465067018542956,False
210,31301,32859,1559,1500,1500.0,1497,1526,1497.0,1502.0,0.9630755501017725,0.9418840579710195,0.9998550724637728,0.8995741164503609,0.9397101449274851,31532,31553,CCTCCCATCTCATTGGAGACTC,0.9505928853754941,0.2608695652173913,3,0,32826,32847,AGACGAGCCTGTTGATGTACTA,0.9901185770750988,0.782608695652174,1,0,1479,1490.9525691699605,84,56.0,0.15297261189044756,0.17647058823529413,0.09425133689839572,-0.0822192513368984,84,84,56.0,0,-0.0822192513368984,False
