shortlist_rank,overall_rank,alignment_start,alignment_end,alignment_width_columns,target_length_bp,median_length_bp,min_length_bp,max_length_bp,q10_length_bp,q90_length_bp,mean_candidate_coverage,left_end_coverage,right_end_coverage,left_end_conservation,right_end_conservation,left_site_start,left_site_end,left_site_consensus_5to3,left_site_mean_conservation,left_site_exact_fraction,left_site_max_mismatches,left_site_max_3prime_mismatches,right_site_start,right_site_end,right_site_consensus_5to3,right_site_mean_conservation,right_site_exact_fraction,right_site_max_mismatches,right_site_max_3prime_mismatches,minimum_pair_comparable_bp,mean_pair_comparable_bp,diagnostic_sites_don_niv,diagnostic_density_don_niv_per_kb,within_don_niv_group_a_max,within_don_niv_group_b_max,between_don_niv_min,margin_don_niv,diagnostic_sites_adon,diagnostic_density_adon_per_kb,within_adon_group_a_max,within_adon_group_b_max,between_adon_min,margin_adon,balanced_diagnostic_sites,total_diagnostic_sites,balanced_diagnostic_density_per_kb,positive_margin_count,balanced_margin,all_required_margins_positive
1,1,59401,60992,1592,1500,1500.0,1456,1532,1498.5,1523.0,0.9440562185929648,0.8064583333333334,0.9764583333333333,0.8834642857142656,0.9549583333333673,59659,59680,CATCCGGCTGGGCGTCTCAAGA,1.0,1.0,0,0,60719,60740,TGAACTCGCGAGTGAAGCAGTG,1.0,1.0,0,0,1442,1492.1416666666667,3,2.0,0.06404269513008673,0.18595317725752508,0.012666666666666666,-0.17328651059085842,20,13.333333333333334,0.06404269513008673,0.028334485141672427,0.017333333333333333,-0.0467093617967534,3,23,2.0,0,-0.17328651059085842,False
2,2,41301,43520,2220,2000,2000.0,1988,2046,1992.0,2015.0,0.9023367117117117,0.8325,0.9997916666666666,0.9664935897435983,0.9730972222222287,41334,41355,GTTGGTGATTCATAGTCGTTTA,1.0,1.0,0,0,43325,43346,AGAAGTAAGGGTTCAGGTAGCC,1.0,1.0,0,0,1946,1977.6916666666666,22,11.0,0.05348133198789102,0.21023017902813299,0.04018081366147665,-0.17004936536665632,2,1.0,0.0524987380111055,0.036720321931589535,0.0080040020010005,-0.044494736010105,2,24,1.0,0,-0.17004936536665632,False
3,6,32501,34256,1756,1500,1500.0,1489,1557,1492.5,1538.0,0.8598376993166287,0.9997916666666666,1.0,0.9654166666666667,0.9629166666666666,32747,32768,TATAGTCAACAGCCACTCTCTC,1.0,1.0,0,0,34061,34082,AGGTGATGGACACGATTGAGTG,1.0,1.0,0,0,1424,1472.35,19,12.666666666666666,0.07277628032345014,0.16666666666666666,0.04484605087014726,-0.1218206157965194,1,0.6666666666666666,0.07277628032345014,0.03436657681940701,0.016,-0.05677628032345014,1,20,0.6666666666666666,0,-0.1218206157965194,False
4,9,43301,44808,1508,1500,1500.0,1491,1502,1494.0,1502.0,0.9942805039787799,0.9997916666666666,0.97625,0.9745555555555621,0.9345238095238164,43325,43346,GGCTACCTGAACCCTTACTTCT,1.0,1.0,0,0,44567,44588,ACAAAGCCTTGAGAACCTTGAC,1.0,1.0,0,0,1483,1496.4916666666666,6,4.0,0.046,0.18236877523553163,0.020639147802929428,-0.16172962743260222,1,0.6666666666666666,0.042666666666666665,0.0400266844563042,0.0026666666666666666,-0.04,1,7,0.6666666666666666,0,-0.16172962743260222,False
5,31,34101,35702,1602,1500,1500.5,1494,1515,1494.0,1509.0,0.9375,1.0,0.8995833333333333,0.9545833333333333,0.885019841269847,34214,34235,TCACGCTCATCGTCGAATTCCT,1.0,1.0,0,0,35439,35460,ATCCCTAGATTTAGGCCTACTC,0.9914772727272727,0.8125,1,0,1485,1495.5583333333334,26,17.327557480839722,0.08477970627503338,0.2080808080808081,0.06898861352980576,-0.13909219455100233,5,3.332222592469177,0.08477970627503338,0.058666666666666666,0.034,-0.05077970627503338,5,31,3.332222592469177,0,-0.13909219455100233,False
6,36,32901,35173,2273,2000,2000.0,1994,2068,1994.5,2040.5,0.8845688517377914,0.9283333333333333,0.9875,0.9391666666666667,0.9429166666666666,32985,33006,CGATGTTACAATATAATGCAAG,1.0,1.0,0,0,34877,34898,ATTTGCACTATGCTTACAACAA,0.9914772727272727,0.8125,1,0,1918,1969.7583333333334,25,12.5,0.07506297229219143,0.17935349322210636,0.050327126321087066,-0.1290263669010193,4,2.0,0.07506297229219143,0.0508816120906801,0.029,-0.04606297229219143,4,29,2.0,0,-0.1290263669010193,False
7,40,16201,17830,1630,1500,1500.0,1475,1533,1486.5,1522.5,0.9222776073619632,0.9660416666666667,0.979375,0.9529464285714312,0.9103789682539658,16244,16265,GCGAACATCTCGGGATAGCCCA,1.0,1.0,0,0,17578,17599,ATCTTGGGTCTCGCGAAAGTCG,0.9744318181818182,0.6875,2,0,1436,1482.8166666666666,52,34.666666666666664,0.13244147157190636,0.2518568534773801,0.11788345612860013,-0.13397339734878,11,7.333333333333333,0.13244147157190636,0.07167235494880546,0.0033377837116154874,-0.12910368786029086,11,63,7.333333333333333,0,-0.13397339734878,False
8,45,15401,16973,1573,1500,1500.0,1499,1509,1499.0,1509.0,0.9546249205340115,1.0,0.8641666666666666,0.9820833333333333,0.8710218253968136,15567,15588,GCAGTCTTGAACTCGTGGTAAG,1.0,1.0,0,0,16745,16766,CAAACTCAATTCAAGAGGCCTG,0.9715909090909091,0.625,3,0,1474,1492.9166666666667,9,6.0,0.06608811748998665,0.19418132611637348,0.029372496662216287,-0.1648088294541572,1,0.6666666666666666,0.06563965170797052,0.0466977985323549,0.0013333333333333333,-0.06430631837463718,1,10,0.6666666666666666,0,-0.1648088294541572,False
9,52,21501,25165,3665,3500,3500.0,3486,3535,3486.5,3531.0,0.9557298772169168,1.0,0.921875,0.936875,0.940380494505492,21749,21770,AAGAGACTGCATGGATGACAGC,0.9943181818181818,0.9375,2,0,24920,24941,GCATCATGCGCATCTCTGCGTA,1.0,1.0,0,0,3382,3458.9666666666667,24,6.857142857142857,0.09933964972724663,0.20449897750511248,0.07687877915346962,-0.12762019835164284,218,62.285714285714285,0.05973135181480423,0.0161243881370573,0.09041016753321779,0.030678815718413556,24,242,6.857142857142857,1,-0.12762019835164284,False
10,63,42901,44402,1502,1500,1500.0,1497,1502,1500.0,1502.0,0.9990013315579228,1.0,0.9958333333333333,0.9604166666666546,0.9583981481481654,43175,43196,GAAGTTCACATCAGGGATTCAT,0.9971590909090909,0.9375,1,0,44178,44199,TGTGCATGAAATAGGTGGACTG,0.9943181818181818,0.875,1,0,1495,1499.3666666666666,2,1.3333333333333333,0.043333333333333335,0.16822429906542055,0.014,-0.15422429906542054,1,0.6666666666666666,0.04066666666666666,0.04136090727151434,0.0033333333333333335,-0.03802757393818101,1,3,0.6666666666666666,0,-0.15422429906542054,False
