shortlist_rank,overall_rank,alignment_start,alignment_end,alignment_width_columns,target_length_bp,median_length_bp,min_length_bp,max_length_bp,q10_length_bp,q90_length_bp,mean_candidate_coverage,left_end_coverage,right_end_coverage,left_end_conservation,right_end_conservation,left_site_start,left_site_end,left_site_consensus_5to3,left_site_mean_conservation,left_site_exact_fraction,left_site_max_mismatches,left_site_max_3prime_mismatches,right_site_start,right_site_end,right_site_consensus_5to3,right_site_mean_conservation,right_site_exact_fraction,right_site_max_mismatches,right_site_max_3prime_mismatches,minimum_pair_comparable_bp,mean_pair_comparable_bp,diagnostic_sites_t2_typeb,diagnostic_density_t2_typeb_per_kb,within_t2_typeb_group_a_max,within_t2_typeb_group_b_max,between_t2_typeb_min,margin_t2_typeb,balanced_diagnostic_sites,total_diagnostic_sites,balanced_diagnostic_density_per_kb,positive_margin_count,balanced_margin,all_required_margins_positive
1,1,25601,27829,2229,2000,2000.0,1945,2067,1945.0,2040.0,0.8952932685742915,0.9689855072463373,0.987536231884078,0.9252683036091185,0.9353227931488436,25787,25808,CGATGTTACAATATAATGCAAG,1.0,1.0,0,0,27554,27575,GACTACAGGCTTCCCTCCAAAC,0.9980237154150197,0.9565217391304348,1,0,1903,1949.3557312252965,120,60.0,0.15201654601861428,0.18223583460949463,0.09228441754916793,-0.08995141706032671,120,120,60.0,0,-0.08995141706032671,False
2,2,33901,36606,2706,2500,2500.0,2456,2550,2459.4,2511.6,0.9222340049487114,0.8360869565217581,0.9995652173913185,0.9363102766797359,0.9118247694332846,33960,33981,GTTGGTGATTCATAGTCGTTTA,1.0,1.0,0,0,36416,36437,TACCCTCATCGAGCATTCGCTC,0.9940711462450593,0.8695652173913043,1,0,2397,2448.300395256917,168,67.2,0.175270607826811,0.2045639771801141,0.0963023161316538,-0.1082616610484603,168,168,67.2,0,-0.1082616610484603,False
3,17,8401,11661,3261,3000,3000.0,2818,3167,2838.2,3166.0,0.9188165806700754,1.0,0.7243478260867596,0.95,0.879760297673353,8672,8693,GCAGTCTTGAACTCGTGGTAAG,1.0,1.0,0,0,11417,11438,TGCTTACCTCTCCTTGCATCAT,0.9723320158102768,0.5652173913043478,3,0,2618,2865.3715415019765,211,70.33333333333333,0.1640675763482781,0.23259152907394112,0.09096671949286846,-0.14162480958107265,211,211,70.33333333333333,0,-0.14162480958107265,False
4,23,35501,37002,1502,1500,1500.0,1497,1502,1499.2,1502.0,0.9989579111908785,1.0,0.9953623188405739,0.9346376811593048,0.9057645162811726,35581,35602,CTGAGAAAGATCCCGGGACCAA,0.9940711462450593,0.8695652173913043,1,0,36837,36858,TCCATCGCTCAGGCTTGAACTT,0.9881422924901186,0.8260869565217391,2,0,1494,1499.189723320158,99,66.0,0.14743162108072047,0.16688918558077437,0.07543391188251002,-0.09145527369826435,99,99,66.0,0,-0.09145527369826435,False
5,27,24201,26949,2749,2500,2500.0,2443,2560,2444.0,2531.0,0.9071440998307273,0.9760869565217278,1.0,0.9195288704852889,0.9284057971012953,24472,24493,GAAAAAGTCCTTATGACTTTCT,0.9901185770750988,0.8260869565217391,2,0,26821,26842,AGGTGATGGACACGATTGAGTG,1.0,1.0,0,0,2394,2443.01976284585,157,62.8,0.15432098765432098,0.1844380403458213,0.09745248685806712,-0.08698555348775419,157,157,62.8,0,-0.08698555348775419,False
6,48,35901,37407,1507,1500,1500.0,1482,1502,1485.0,1502.0,0.992412221228465,0.9998550724637728,0.9673913043477781,0.9469038208167452,0.8820075626874798,36161,36182,GACGGATTCTTGGGTCTTACCA,0.9901185770750988,0.782608695652174,1,0,37130,37151,TCTTGCCTGGAATTGCCTTGGG,0.9861660079051383,0.6956521739130435,1,0,1475,1489.5415019762845,108,72.0,0.175,0.18413978494623656,0.10430686406460296,-0.0798329208816336,108,108,72.0,0,-0.0798329208816336,False
7,62,14701,17839,3139,3000,3000.0,2936,3022,2968.8,3016.4,0.9544025375015631,1.0,0.972318840579707,0.9110144927536324,0.9131670326452876,14718,14739,CTGGGAAGAGACTGCATGGATG,0.9822134387351779,0.6956521739130435,3,0,17639,17660,ATGTCGTTCTCAACCAAGGTCT,0.9980237154150197,0.9565217391304348,1,0,2889,2951.7312252964425,168,56.0,0.17830253251197808,0.21715265866209263,0.08803301237964237,-0.12911964628245026,168,168,56.0,0,-0.12911964628245026,False
8,67,16601,18157,1557,1500,1500.0,1483,1523,1484.0,1518.0,0.9642009438440671,1.0,0.9014492753622775,0.9426086956521734,0.8986919723971671,16747,16768,ATGCTTGAACAAGAGCCTACCT,0.9762845849802372,0.6956521739130435,2,0,17904,17925,AAACTGTTCTTGCCAGCATCAT,0.9960474308300394,0.9130434782608695,1,0,1458,1483.209486166008,80,53.333333333333336,0.13694054776219106,0.17213663764233086,0.07687210072895957,-0.09526453691337129,80,80,53.333333333333336,0,-0.09526453691337129,False
9,114,33201,35426,2226,2000,2000.0,1927,2024,1931.4,2009.8,0.8917926481502527,0.8940579710143356,0.9511594202898292,0.9069659901924509,0.9099252357946898,33478,33499,TAAAGACCCTCAGACATTGTTG,0.9584980237154151,0.6086956521739131,3,0,35241,35262,TGACGAAAAATGAAGCATTAGG,0.9901185770750988,0.782608695652174,1,0,1854,1927.6205533596838,135,67.5,0.19063004846526657,0.21380384016606124,0.10858324715615306,-0.10522059300990819,135,135,67.5,0,-0.10522059300990819,False
10,149,14001,17118,3118,3000,3000.0,2935,3018,2972.2,3013.8,0.9604121928772646,0.9786956521739133,1.0,0.8955812786247467,0.9381159420289684,14204,14225,GTTGGATCTTTTACATCTATAT,0.9584980237154151,0.5652173913043478,3,0,17077,17098,GTCGCTTGCGCACCTTCATGCT,0.9881422924901186,0.7391304347826086,1,0,2890,2953.4347826086955,180,60.0,0.1885889989750598,0.22908093278463648,0.08427932576539388,-0.1448016070192426,180,180,60.0,0,-0.1448016070192426,False
