Genome_ID,Species,Chemotype,Toxin_System,Strain,Chromosome_or_Contig,Locus_ID,Locus_class,Genes,Locus_start,Locus_end,Locus_length_bp,Extract_start,Extract_end,Extract_length_bp,Flank_bp,Genome_fasta,Output_fasta,Separation_group,Evidence_status,FASTA_header
GCA_001292635.1,Fusarium langsethiae,T-2/HT-2,TRI ,,JXCE01000103.1,GCA_001292635.1|JXCE01000103.1|L1,core_TRI_cluster,"TRI14,TRI13,TRI12,TRI11,TRI9,TRI10,TRI5,TRI6,TRI4,TRI3,TRI8",13420,39610,26191,8420,44610,36191,5000,/mnt/beegfs/home/s486140/final_BGC/genomes/GCA_001292635.1_genomic.fna,/mnt/beegfs/home/s486140/final_BGC/results/extracted_loci/core_TRI_cluster/GCA_001292635.1_JXCE01000103.1_core_TRI_cluster_8420_44610.fna,T-2/HT-2,confirmed,"GCA_001292635.1|JXCE01000103.1|core_TRI_cluster|8420-44610|locus=13420-39610|genes=TRI14,TRI13,TRI12,TRI11,TRI9,TRI10,TRI5,TRI6,TRI4,TRI3,TRI8_(bases_43_to_36191)"
GCA_014898995.1,Fusarium sibiricum,T-2/HT-2 *,TRI ,,JAAVUF010001174.1,GCA_014898995.1|JAAVUF010001174.1|L1,core_TRI_cluster,"TRI14,TRI13,TRI12,TRI11,TRI9,TRI10,TRI5,TRI6,TRI4",16940,36556,19617,11940,36784,24845,5000,/mnt/beegfs/home/s486140/final_BGC/genomes/GCA_014898995.1_genomic.fna,/mnt/beegfs/home/s486140/final_BGC/results/extracted_loci/core_TRI_cluster/GCA_014898995.1_JAAVUF010001174.1_core_TRI_cluster_11940_36784.fna,T-2/HT-2,inferred,"GCA_014898995.1|JAAVUF010001174.1|core_TRI_cluster|11940-36784|locus=16940-36556|genes=TRI14,TRI13,TRI12,TRI11,TRI9,TRI10,TRI5,TRI6,TRI4_(bases_2_to_24832)"
GCA_017656985.1,Fusarium boothii,15-ADON,TRI,,JAGDVF010000009.1,GCA_017656985.1|JAGDVF010000009.1|L1,core_TRI_cluster,"TRI14,TRI12,TRI11,TRI9,TRI10,TRI5,TRI6,TRI4,TRI3,TRI8",164296,191258,26963,159296,196258,36963,5000,/mnt/beegfs/home/s486140/final_BGC/genomes/GCA_017656985.1_genomic.fna,/mnt/beegfs/home/s486140/final_BGC/results/extracted_loci/core_TRI_cluster/GCA_017656985.1_JAGDVF010000009.1_core_TRI_cluster_159296_196258.fna,15-ADON,confirmed,"GCA_017656985.1|JAGDVF010000009.1|core_TRI_cluster|159296-196258|locus=164296-191258|genes=TRI14,TRI12,TRI11,TRI9,TRI10,TRI5,TRI6,TRI4,TRI3,TRI8_(bases_1_to_36963)"
GCA_018104275.1,Fusarium langsethiae,T-2/HT-2,TRI ,,JAFFKB010000014.1,GCA_018104275.1|JAFFKB010000014.1|L2,core_TRI_cluster,"TRI8,TRI3,TRI4,TRI6,TRI5,TRI10,TRI9,TRI11,TRI12,TRI13,TRI14",4469928,4500111,30184,4464928,4505111,40184,5000,/mnt/beegfs/home/s486140/final_BGC/genomes/GCA_018104275.1_genomic.fna,/mnt/beegfs/home/s486140/final_BGC/results/extracted_loci/core_TRI_cluster/GCA_018104275.1_JAFFKB010000014.1_core_TRI_cluster_4464928_4505111.fna,T-2/HT-2,confirmed,"GCA_018104275.1|JAFFKB010000014.1|core_TRI_cluster|4464928-4505111|locus=4469928-4500111|genes=TRI8,TRI3,TRI4,TRI6,TRI5,TRI10,TRI9,TRI11,TRI12,TRI13,TRI14_(bases_38098_to_3)"
GCA_019054615.1,Fusarium sporotrichioides,T-2/HT-2 *,TRI,,JAHKNR010000001.1,GCA_019054615.1|JAHKNR010000001.1|L1,core_TRI_cluster,"TRI14,TRI13,TRI12,TRI11,TRI9,TRI10,TRI5,TRI6,TRI4,TRI3,TRI8",3465408,3491808,26401,3460408,3496808,36401,5000,/mnt/beegfs/home/s486140/final_BGC/genomes/GCA_019054615.1_genomic.fna,/mnt/beegfs/home/s486140/final_BGC/results/extracted_loci/core_TRI_cluster/GCA_019054615.1_JAHKNR010000001.1_core_TRI_cluster_3460408_3496808.fna,T-2/HT-2,inferred,"GCA_019054615.1|JAHKNR010000001.1|core_TRI_cluster|3460408-3496808|locus=3465408-3491808|genes=TRI14,TRI13,TRI12,TRI11,TRI9,TRI10,TRI5,TRI6,TRI4,TRI3,TRI8_(bases_1_to_36401)"
GCA_019054645.1,Fusarium sporotrichioides,T-2/HT-2 *,TRI,,JAHKNS010000002.1,GCA_019054645.1|JAHKNS010000002.1|L1,core_TRI_cluster,"TRI14,TRI13,TRI12,TRI11,TRI9,TRI10,TRI5,TRI6,TRI4,TRI8",3581809,3608175,26367,3576809,3613175,36367,5000,/mnt/beegfs/home/s486140/final_BGC/genomes/GCA_019054645.1_genomic.fna,/mnt/beegfs/home/s486140/final_BGC/results/extracted_loci/core_TRI_cluster/GCA_019054645.1_JAHKNS010000002.1_core_TRI_cluster_3576809_3613175.fna,T-2/HT-2,inferred,"GCA_019054645.1|JAHKNS010000002.1|core_TRI_cluster|3576809-3613175|locus=3581809-3608175|genes=TRI14,TRI13,TRI12,TRI11,TRI9,TRI10,TRI5,TRI6,TRI4,TRI8_(bases_1_to_36362)"
GCA_019343145.1,Fusarium graminearum,15-ADON,TRI,,CP079829.1,GCA_019343145.1|CP079829.1|L1,core_TRI_cluster,"TRI14,TRI12,TRI11,TRI9,TRI10,TRI5,TRI6,TRI4,TRI3,TRI8",3585848,3612795,26948,3580848,3617795,36948,5000,/mnt/beegfs/home/s486140/final_BGC/genomes/GCA_019343145.1_genomic.fna,/mnt/beegfs/home/s486140/final_BGC/results/extracted_loci/core_TRI_cluster/GCA_019343145.1_CP079829.1_core_TRI_cluster_3580848_3617795.fna,15-ADON,confirmed,"GCA_019343145.1|CP079829.1|core_TRI_cluster|3580848-3617795|locus=3585848-3612795|genes=TRI14,TRI12,TRI11,TRI9,TRI10,TRI5,TRI6,TRI4,TRI3,TRI8_(bases_2_to_36946)"
GCA_020991245.1,Fusarium graminearum,15-ADON,TRI,,CP087872.1,GCA_020991245.1|CP087872.1|L2,core_TRI_cluster,"TRI8,TRI3,TRI4,TRI6,TRI5,TRI10,TRI9,TRI11,TRI12,TRI14",5392461,5419477,27017,5387461,5424477,37017,5000,/mnt/beegfs/home/s486140/final_BGC/genomes/GCA_020991245.1_genomic.fna,/mnt/beegfs/home/s486140/final_BGC/results/extracted_loci/core_TRI_cluster/GCA_020991245.1_CP087872.1_core_TRI_cluster_5387461_5424477.fna,15-ADON,confirmed,"GCA_020991245.1|CP087872.1|core_TRI_cluster|5387461-5424477|locus=5392461-5419477|genes=TRI8,TRI3,TRI4,TRI6,TRI5,TRI10,TRI9,TRI11,TRI12,TRI14_(bases_37017_to_1)"
GCA_025258505.1,Fusarium asiaticum,NIV,TRI,,CP088258.1,GCA_025258505.1|CP088258.1|L2,core_TRI_cluster,"TRI8,TRI7,TRI3,TRI4,TRI6,TRI5,TRI10,TRI9,TRI11,TRI12,TRI14",5458486,5486107,27622,5453486,5491107,37622,5000,/mnt/beegfs/home/s486140/final_BGC/genomes/GCA_025258505.1_genomic.fna,/mnt/beegfs/home/s486140/final_BGC/results/extracted_loci/core_TRI_cluster/GCA_025258505.1_CP088258.1_core_TRI_cluster_5453486_5491107.fna,NIV,confirmed,"GCA_025258505.1|CP088258.1|core_TRI_cluster|5453486-5491107|locus=5458486-5486107|genes=TRI8,TRI7,TRI3,TRI4,TRI6,TRI5,TRI10,TRI9,TRI11,TRI12,TRI14_(bases_37620_to_1)"
GCA_032355295.1,Fusarium meridionale,NIV,TRI,,CP126885.1,GCA_032355295.1|CP126885.1|L2,core_TRI_cluster,"TRI8,TRI7,TRI3,TRI4,TRI6,TRI5,TRI10,TRI9,TRI11,TRI12,TRI14",5502351,5529946,27596,5497351,5534946,37596,5000,/mnt/beegfs/home/s486140/final_BGC/genomes/GCA_032355295.1_genomic.fna,/mnt/beegfs/home/s486140/final_BGC/results/extracted_loci/core_TRI_cluster/GCA_032355295.1_CP126885.1_core_TRI_cluster_5497351_5534946.fna,NIV,confirmed,"GCA_032355295.1|CP126885.1|core_TRI_cluster|5497351-5534946|locus=5502351-5529946|genes=TRI8,TRI7,TRI3,TRI4,TRI6,TRI5,TRI10,TRI9,TRI11,TRI12,TRI14_(bases_37596_to_1)"
GCA_037074405.1,Fusarium graminearum,15-ADON,TRI,,CM073625.1,GCA_037074405.1|CM073625.1|L2,core_TRI_cluster,"TRI8,TRI3,TRI4,TRI6,TRI5,TRI10,TRI9,TRI11,TRI12,TRI14",5459538,5486586,27049,5454538,5491586,37049,5000,/mnt/beegfs/home/s486140/final_BGC/genomes/GCA_037074405.1_genomic.fna,/mnt/beegfs/home/s486140/final_BGC/results/extracted_loci/core_TRI_cluster/GCA_037074405.1_CM073625.1_core_TRI_cluster_5454538_5491586.fna,15-ADON,confirmed,"GCA_037074405.1|CM073625.1|core_TRI_cluster|5454538-5491586|locus=5459538-5486586|genes=TRI8,TRI3,TRI4,TRI6,TRI5,TRI10,TRI9,TRI11,TRI12,TRI14_(bases_37049_to_2)"
GCA_037213105.1,Fusarium graminearum,3-ADON,TRI,,CP147678.1,GCA_037213105.1|CP147678.1|L2,core_TRI_cluster,"TRI8,TRI3,TRI4,TRI6,TRI5,TRI10,TRI9,TRI11,TRI12,TRI14",5385139,5409873,24735,5380139,5414873,34735,5000,/mnt/beegfs/home/s486140/final_BGC/genomes/GCA_037213105.1_genomic.fna,/mnt/beegfs/home/s486140/final_BGC/results/extracted_loci/core_TRI_cluster/GCA_037213105.1_CP147678.1_core_TRI_cluster_5380139_5414873.fna,3-ADON,confirmed,"GCA_037213105.1|CP147678.1|core_TRI_cluster|5380139-5414873|locus=5385139-5409873|genes=TRI8,TRI3,TRI4,TRI6,TRI5,TRI10,TRI9,TRI11,TRI12,TRI14_(bases_34735_to_60)"
GCA_037255895.1,Fusarium graminearum,15-ADON,TRI,,CP147673.1,GCA_037255895.1|CP147673.1|L2,core_TRI_cluster,"TRI8,TRI3,TRI4,TRI6,TRI5,TRI10,TRI9,TRI11,TRI12,TRI14",5439173,5466144,26972,5434173,5471144,36972,5000,/mnt/beegfs/home/s486140/final_BGC/genomes/GCA_037255895.1_genomic.fna,/mnt/beegfs/home/s486140/final_BGC/results/extracted_loci/core_TRI_cluster/GCA_037255895.1_CP147673.1_core_TRI_cluster_5434173_5471144.fna,15-ADON,confirmed,"GCA_037255895.1|CP147673.1|core_TRI_cluster|5434173-5471144|locus=5439173-5466144|genes=TRI8,TRI3,TRI4,TRI6,TRI5,TRI10,TRI9,TRI11,TRI12,TRI14_(bases_36972_to_1)"
GCA_041870755.1,Fusarium sambucinum,T-2/HT-2 *,TRI,,CP167250.1,GCA_041870755.1|CP167250.1|L1,core_TRI_cluster,"TRI14,TRI13,TRI12,TRI11,TRI9,TRI10,TRI5,TRI6,TRI4,TRI3,TRI7,TRI8",3731431,3758527,27097,3726431,3763527,37097,5000,/mnt/beegfs/home/s486140/final_BGC/genomes/GCA_041870755.1_genomic.fna,/mnt/beegfs/home/s486140/final_BGC/results/extracted_loci/core_TRI_cluster/GCA_041870755.1_CP167250.1_core_TRI_cluster_3726431_3763527.fna,T-2/HT-2,inferred,"GCA_041870755.1|CP167250.1|core_TRI_cluster|3726431-3763527|locus=3731431-3758527|genes=TRI14,TRI13,TRI12,TRI11,TRI9,TRI10,TRI5,TRI6,TRI4,TRI3,TRI7,TRI8_(bases_1_to_37097)"
GCA_046056315.1,Fusarium poae,NIV,TRI,,CM100255.1,GCA_046056315.1|CM100255.1|L2,core_TRI_cluster,"TRI8,TRI7,TRI3,TRI4,TRI6,TRI5,TRI10,TRI9,TRI11,TRI12,TRI13,TRI14",5851507,5881662,30156,5846507,5886662,40156,5000,/mnt/beegfs/home/s486140/final_BGC/genomes/GCA_046056315.1_genomic.fna,/mnt/beegfs/home/s486140/final_BGC/results/extracted_loci/core_TRI_cluster/GCA_046056315.1_CM100255.1_core_TRI_cluster_5846507_5886662.fna,NIV,confirmed,"GCA_046056315.1|CM100255.1|core_TRI_cluster|5846507-5886662|locus=5851507-5881662|genes=TRI8,TRI7,TRI3,TRI4,TRI6,TRI5,TRI10,TRI9,TRI11,TRI12,TRI13,TRI14_(bases_40156_to_1)"
GCA_050916195.1,Fusarium asiaticum,3-ADON,TRI,,CP099493.1,GCA_050916195.1|CP099493.1|L2,core_TRI_cluster,"TRI8,TRI3,TRI4,TRI6,TRI5,TRI10,TRI9,TRI11,TRI12,TRI14",5454195,5479208,25014,5449195,5484208,35014,5000,/mnt/beegfs/home/s486140/final_BGC/genomes/GCA_050916195.1_genomic.fna,/mnt/beegfs/home/s486140/final_BGC/results/extracted_loci/core_TRI_cluster/GCA_050916195.1_CP099493.1_core_TRI_cluster_5449195_5484208.fna,3-ADON,confirmed,"GCA_050916195.1|CP099493.1|core_TRI_cluster|5449195-5484208|locus=5454195-5479208|genes=TRI8,TRI3,TRI4,TRI6,TRI5,TRI10,TRI9,TRI11,TRI12,TRI14_(bases_35012_to_3)"
GCA_054553065.1,Fusarium cerealis,NIV,TRI,,CM137278.1,GCA_054553065.1|CM137278.1|L1,core_TRI_cluster,"TRI14,TRI12,TRI11,TRI9,TRI10,TRI5,TRI6,TRI4,TRI3,TRI7,TRI8",3516325,3543776,27452,3511325,3548776,37452,5000,/mnt/beegfs/home/s486140/final_BGC/genomes/GCA_054553065.1_genomic.fna,/mnt/beegfs/home/s486140/final_BGC/results/extracted_loci/core_TRI_cluster/GCA_054553065.1_CM137278.1_core_TRI_cluster_3511325_3548776.fna,NIV,confirmed,"GCA_054553065.1|CM137278.1|core_TRI_cluster|3511325-3548776|locus=3516325-3543776|genes=TRI14,TRI12,TRI11,TRI9,TRI10,TRI5,TRI6,TRI4,TRI3,TRI7,TRI8_(bases_3_to_37450)"
GCA_900044135.1,Fusarium graminearum,15-ADON,TRI,,HG970333.1,GCA_900044135.1|HG970333.1|L2,core_TRI_cluster,"TRI8,TRI3,TRI4,TRI6,TRI5,TRI10,TRI9,TRI11,TRI12,TRI14",5392461,5419477,27017,5387461,5424477,37017,5000,/mnt/beegfs/home/s486140/final_BGC/genomes/GCA_900044135.1_genomic.fna,/mnt/beegfs/home/s486140/final_BGC/results/extracted_loci/core_TRI_cluster/GCA_900044135.1_HG970333.1_core_TRI_cluster_5387461_5424477.fna,15-ADON,confirmed,"GCA_900044135.1|HG970333.1|core_TRI_cluster|5387461-5424477|locus=5392461-5419477|genes=TRI8,TRI3,TRI4,TRI6,TRI5,TRI10,TRI9,TRI11,TRI12,TRI14_(bases_37017_to_1)"
GCA_900074845.1,Fusarium culmorum,3-ADON,TRI,,LT598660.1,GCA_900074845.1|LT598660.1|L2,core_TRI_cluster,"TRI8,TRI3,TRI4,TRI6,TRI5,TRI10,TRI9,TRI11,TRI12,TRI14",5588614,5614290,25677,5583614,5619290,35677,5000,/mnt/beegfs/home/s486140/final_BGC/genomes/GCA_900074845.1_genomic.fna,/mnt/beegfs/home/s486140/final_BGC/results/extracted_loci/core_TRI_cluster/GCA_900074845.1_LT598660.1_core_TRI_cluster_5583614_5619290.fna,3-ADON,confirmed,"GCA_900074845.1|LT598660.1|core_TRI_cluster|5583614-5619290|locus=5588614-5614290|genes=TRI8,TRI3,TRI4,TRI6,TRI5,TRI10,TRI9,TRI11,TRI12,TRI14_(bases_35675_to_3)"
GCF_000240135.3,Fusarium graminearum,15-ADON,TRI,,NC_026475.1,GCF_000240135.3|NC_026475.1|L1,core_TRI_cluster,"TRI14,TRI12,TRI11,TRI9,TRI10,TRI5,TRI6,TRI4,TRI3,TRI8",6635631,6662647,27017,6630631,6667647,37017,5000,/mnt/beegfs/home/s486140/final_BGC/genomes/GCF_000240135.3_genomic.fna,/mnt/beegfs/home/s486140/final_BGC/results/extracted_loci/core_TRI_cluster/GCF_000240135.3_NC_026475.1_core_TRI_cluster_6630631_6667647.fna,15-ADON,confirmed,"GCF_000240135.3|NC_026475.1|core_TRI_cluster|6630631-6667647|locus=6635631-6662647|genes=TRI14,TRI12,TRI11,TRI9,TRI10,TRI5,TRI6,TRI4,TRI3,TRI8_(bases_1_to_37017)"
GCF_000303195.2,Fusarium pseudograminearum,3-ADON,TRI,,NC_031952.1,GCF_000303195.2|NC_031952.1|L2,core_TRI_cluster,"TRI8,TRI3,TRI4,TRI6,TRI5,TRI10,TRI9,TRI11,TRI12,TRI14",5414651,5439867,25217,5409651,5444867,35217,5000,/mnt/beegfs/home/s486140/final_BGC/genomes/GCF_000303195.2_genomic.fna,/mnt/beegfs/home/s486140/final_BGC/results/extracted_loci/core_TRI_cluster/GCF_000303195.2_NC_031952.1_core_TRI_cluster_5409651_5444867.fna,3-ADON,confirmed,"GCF_000303195.2|NC_031952.1|core_TRI_cluster|5409651-5444867|locus=5414651-5439867|genes=TRI8,TRI3,TRI4,TRI6,TRI5,TRI10,TRI9,TRI11,TRI12,TRI14_(bases_35215_to_3)"
GCF_019609905.1,Fusarium poae,NIV,TRI,,NC_058400.1,GCF_019609905.1|NC_058400.1|L2,core_TRI_cluster,"TRI8,TRI7,TRI3,TRI4,TRI6,TRI5,TRI10,TRI9,TRI11,TRI12,TRI13,TRI14",5863037,5893215,30179,5858037,5898215,40179,5000,/mnt/beegfs/home/s486140/final_BGC/genomes/GCF_019609905.1_genomic.fna,/mnt/beegfs/home/s486140/final_BGC/results/extracted_loci/core_TRI_cluster/GCF_019609905.1_NC_058400.1_core_TRI_cluster_5858037_5898215.fna,NIV,confirmed,"GCF_019609905.1|NC_058400.1|core_TRI_cluster|5858037-5898215|locus=5863037-5893215|genes=TRI8,TRI7,TRI3,TRI4,TRI6,TRI5,TRI10,TRI9,TRI11,TRI12,TRI13,TRI14_(bases_40179_to_1)"
GCF_050947815.1,Fusarium sambucinum,T-2/HT-2 *,TRI,,NC_139293.1,GCF_050947815.1|NC_139293.1|L1,core_TRI_cluster,"TRI14,TRI13,TRI12,TRI11,TRI9,TRI10,TRI5,TRI6,TRI4,TRI3,TRI7,TRI8",3756792,3783918,27127,3751792,3788918,37127,5000,/mnt/beegfs/home/s486140/final_BGC/genomes/GCF_050947815.1_genomic.fna,/mnt/beegfs/home/s486140/final_BGC/results/extracted_loci/core_TRI_cluster/GCF_050947815.1_NC_139293.1_core_TRI_cluster_3751792_3788918.fna,T-2/HT-2,inferred,"GCF_050947815.1|NC_139293.1|core_TRI_cluster|3751792-3788918|locus=3756792-3783918|genes=TRI14,TRI13,TRI12,TRI11,TRI9,TRI10,TRI5,TRI6,TRI4,TRI3,TRI7,TRI8_(bases_1_to_37126)"
