contrast,alignment_position,group_a,group_b,group_a_consensus,group_b_consensus,group_a_coverage,group_b_coverage,group_a_consensus_fraction,group_b_consensus_fraction
t2_typeb,15316,T-2/HT-2,Type B,C,T,1.0,1.0,1.0,0.875
t2_typeb,15320,T-2/HT-2,Type B,A,G,1.0,1.0,0.8571428571428571,0.8125
t2_typeb,15344,T-2/HT-2,Type B,A,G,1.0,1.0,1.0,0.875
t2_typeb,15353,T-2/HT-2,Type B,C,G,1.0,1.0,1.0,0.875
t2_typeb,15368,T-2/HT-2,Type B,A,G,1.0,1.0,1.0,0.875
t2_typeb,15395,T-2/HT-2,Type B,T,C,1.0,1.0,1.0,1.0
t2_typeb,15404,T-2/HT-2,Type B,A,G,1.0,1.0,1.0,0.875
t2_typeb,15424,T-2/HT-2,Type B,G,A,1.0,1.0,1.0,0.875
t2_typeb,15437,T-2/HT-2,Type B,T,C,1.0,1.0,1.0,0.875
t2_typeb,15457,T-2/HT-2,Type B,T,G,1.0,1.0,1.0,1.0
t2_typeb,15470,T-2/HT-2,Type B,A,G,1.0,1.0,1.0,0.875
t2_typeb,15523,T-2/HT-2,Type B,A,G,1.0,1.0,1.0,1.0
t2_typeb,15544,T-2/HT-2,Type B,T,G,1.0,1.0,1.0,0.875
t2_typeb,15545,T-2/HT-2,Type B,T,C,1.0,1.0,1.0,0.875
t2_typeb,15617,T-2/HT-2,Type B,G,A,1.0,1.0,1.0,0.875
t2_typeb,15677,T-2/HT-2,Type B,A,G,1.0,1.0,1.0,0.875
t2_typeb,15682,T-2/HT-2,Type B,C,T,1.0,1.0,1.0,0.875
t2_typeb,15689,T-2/HT-2,Type B,A,G,1.0,1.0,1.0,0.875
t2_typeb,15713,T-2/HT-2,Type B,C,G,1.0,1.0,1.0,0.875
t2_typeb,15719,T-2/HT-2,Type B,G,A,1.0,1.0,1.0,0.875
t2_typeb,15726,T-2/HT-2,Type B,C,T,1.0,1.0,1.0,0.875
t2_typeb,15728,T-2/HT-2,Type B,G,A,1.0,1.0,1.0,1.0
t2_typeb,15731,T-2/HT-2,Type B,G,C,1.0,1.0,1.0,0.8125
t2_typeb,15732,T-2/HT-2,Type B,G,T,1.0,1.0,1.0,0.875
t2_typeb,15733,T-2/HT-2,Type B,G,T,1.0,1.0,1.0,0.875
t2_typeb,15734,T-2/HT-2,Type B,C,A,1.0,1.0,1.0,0.8125
t2_typeb,15746,T-2/HT-2,Type B,G,A,1.0,1.0,1.0,0.8125
t2_typeb,15749,T-2/HT-2,Type B,A,T,1.0,1.0,1.0,0.75
t2_typeb,15764,T-2/HT-2,Type B,G,C,1.0,1.0,1.0,0.875
t2_typeb,15770,T-2/HT-2,Type B,A,T,1.0,1.0,1.0,0.75
t2_typeb,15803,T-2/HT-2,Type B,A,C,1.0,1.0,1.0,0.8125
t2_typeb,15827,T-2/HT-2,Type B,C,T,1.0,1.0,1.0,1.0
t2_typeb,15845,T-2/HT-2,Type B,G,A,1.0,1.0,1.0,0.9375
t2_typeb,15880,T-2/HT-2,Type B,G,T,1.0,1.0,1.0,0.875
t2_typeb,15881,T-2/HT-2,Type B,G,A,1.0,1.0,1.0,0.875
t2_typeb,15882,T-2/HT-2,Type B,C,T,1.0,1.0,1.0,0.875
t2_typeb,15884,T-2/HT-2,Type B,G,T,1.0,1.0,1.0,0.875
t2_typeb,15896,T-2/HT-2,Type B,T,C,1.0,1.0,1.0,1.0
t2_typeb,15902,T-2/HT-2,Type B,C,G,1.0,1.0,1.0,0.8125
t2_typeb,15904,T-2/HT-2,Type B,A,G,1.0,1.0,1.0,0.875
t2_typeb,15911,T-2/HT-2,Type B,G,A,1.0,1.0,1.0,0.875
t2_typeb,15912,T-2/HT-2,Type B,C,G,1.0,1.0,1.0,0.875
t2_typeb,15944,T-2/HT-2,Type B,G,A,1.0,1.0,1.0,0.875
t2_typeb,15956,T-2/HT-2,Type B,A,G,1.0,1.0,1.0,0.875
t2_typeb,15959,T-2/HT-2,Type B,G,A,1.0,1.0,1.0,0.875
t2_typeb,15971,T-2/HT-2,Type B,A,G,1.0,1.0,1.0,0.875
t2_typeb,15986,T-2/HT-2,Type B,A,G,1.0,1.0,1.0,0.875
t2_typeb,15992,T-2/HT-2,Type B,C,G,1.0,1.0,1.0,0.8125
t2_typeb,15994,T-2/HT-2,Type B,C,G,1.0,1.0,1.0,0.875
t2_typeb,15997,T-2/HT-2,Type B,C,G,1.0,1.0,1.0,0.875
t2_typeb,16000,T-2/HT-2,Type B,G,T,1.0,1.0,1.0,0.875
t2_typeb,16007,T-2/HT-2,Type B,G,A,1.0,1.0,1.0,0.875
t2_typeb,16060,T-2/HT-2,Type B,T,C,1.0,1.0,1.0,0.875
t2_typeb,16061,T-2/HT-2,Type B,G,A,1.0,1.0,1.0,0.875
t2_typeb,16082,T-2/HT-2,Type B,A,G,1.0,1.0,1.0,0.875
t2_typeb,16085,T-2/HT-2,Type B,A,T,1.0,1.0,1.0,0.8125
t2_typeb,16087,T-2/HT-2,Type B,G,C,1.0,1.0,1.0,0.875
t2_typeb,16107,T-2/HT-2,Type B,G,C,1.0,1.0,1.0,0.875
t2_typeb,16108,T-2/HT-2,Type B,A,C,1.0,1.0,1.0,0.875
t2_typeb,16145,T-2/HT-2,Type B,C,T,1.0,1.0,1.0,0.875
t2_typeb,16155,T-2/HT-2,Type B,A,C,1.0,1.0,1.0,0.875
t2_typeb,16165,T-2/HT-2,Type B,G,A,1.0,1.0,1.0,1.0
t2_typeb,16166,T-2/HT-2,Type B,A,G,1.0,1.0,1.0,0.875
t2_typeb,16177,T-2/HT-2,Type B,A,G,1.0,1.0,1.0,0.8125
t2_typeb,16178,T-2/HT-2,Type B,A,G,1.0,1.0,1.0,0.875
t2_typeb,16188,T-2/HT-2,Type B,C,T,1.0,1.0,1.0,0.875
t2_typeb,16190,T-2/HT-2,Type B,A,T,1.0,1.0,1.0,0.875
t2_typeb,16191,T-2/HT-2,Type B,T,C,1.0,1.0,1.0,0.875
t2_typeb,16198,T-2/HT-2,Type B,G,A,1.0,1.0,1.0,0.875
t2_typeb,16200,T-2/HT-2,Type B,A,G,1.0,1.0,1.0,0.875
t2_typeb,16234,T-2/HT-2,Type B,T,C,1.0,1.0,1.0,0.875
t2_typeb,16270,T-2/HT-2,Type B,T,A,1.0,1.0,1.0,0.75
t2_typeb,16284,T-2/HT-2,Type B,G,T,1.0,1.0,1.0,0.875
t2_typeb,16287,T-2/HT-2,Type B,C,T,1.0,1.0,1.0,0.875
t2_typeb,16288,T-2/HT-2,Type B,T,G,1.0,1.0,0.8571428571428571,0.875
t2_typeb,16300,T-2/HT-2,Type B,G,T,1.0,1.0,1.0,0.875
t2_typeb,16314,T-2/HT-2,Type B,C,T,1.0,1.0,1.0,1.0
t2_typeb,16323,T-2/HT-2,Type B,C,T,1.0,1.0,1.0,1.0
t2_typeb,16339,T-2/HT-2,Type B,T,A,1.0,1.0,1.0,0.8125
t2_typeb,16344,T-2/HT-2,Type B,A,G,1.0,1.0,1.0,0.875
t2_typeb,16358,T-2/HT-2,Type B,G,A,1.0,1.0,1.0,0.875
t2_typeb,16382,T-2/HT-2,Type B,T,C,1.0,1.0,1.0,0.875
t2_typeb,16415,T-2/HT-2,Type B,G,A,1.0,1.0,1.0,0.875
t2_typeb,16422,T-2/HT-2,Type B,G,A,1.0,1.0,1.0,1.0
t2_typeb,16426,T-2/HT-2,Type B,A,G,1.0,1.0,1.0,0.875
t2_typeb,16428,T-2/HT-2,Type B,G,T,1.0,1.0,1.0,0.875
t2_typeb,16429,T-2/HT-2,Type B,A,G,1.0,1.0,1.0,0.8125
t2_typeb,16431,T-2/HT-2,Type B,A,G,1.0,1.0,1.0,0.875
t2_typeb,16435,T-2/HT-2,Type B,G,A,1.0,1.0,1.0,0.875
t2_typeb,16447,T-2/HT-2,Type B,T,G,1.0,1.0,1.0,0.875
t2_typeb,16451,T-2/HT-2,Type B,T,G,1.0,1.0,1.0,0.8125
t2_typeb,16473,T-2/HT-2,Type B,G,A,1.0,1.0,1.0,0.875
t2_typeb,16489,T-2/HT-2,Type B,A,G,1.0,1.0,1.0,0.875
t2_typeb,16491,T-2/HT-2,Type B,A,G,1.0,1.0,1.0,0.875
t2_typeb,16493,T-2/HT-2,Type B,A,G,1.0,1.0,1.0,0.875
t2_typeb,16494,T-2/HT-2,Type B,T,C,1.0,1.0,1.0,0.875
t2_typeb,16495,T-2/HT-2,Type B,G,A,1.0,1.0,1.0,0.875
t2_typeb,16496,T-2/HT-2,Type B,A,G,1.0,1.0,1.0,1.0
t2_typeb,16498,T-2/HT-2,Type B,A,G,1.0,1.0,1.0,0.875
t2_typeb,16503,T-2/HT-2,Type B,T,G,1.0,1.0,1.0,0.875
t2_typeb,16513,T-2/HT-2,Type B,A,T,1.0,1.0,1.0,0.875
t2_typeb,16538,T-2/HT-2,Type B,G,A,1.0,1.0,1.0,0.875
t2_typeb,16547,T-2/HT-2,Type B,A,C,1.0,1.0,1.0,0.8125
t2_typeb,16549,T-2/HT-2,Type B,G,A,1.0,1.0,1.0,0.875
t2_typeb,16557,T-2/HT-2,Type B,T,C,1.0,1.0,1.0,0.875
t2_typeb,16563,T-2/HT-2,Type B,A,G,1.0,1.0,1.0,0.875
t2_typeb,16573,T-2/HT-2,Type B,G,A,1.0,1.0,1.0,0.875
t2_typeb,16574,T-2/HT-2,Type B,T,A,1.0,1.0,1.0,0.875
t2_typeb,16580,T-2/HT-2,Type B,T,C,1.0,1.0,1.0,0.875
t2_typeb,16583,T-2/HT-2,Type B,G,A,1.0,1.0,1.0,1.0
t2_typeb,16585,T-2/HT-2,Type B,A,G,1.0,1.0,1.0,0.875
t2_typeb,16592,T-2/HT-2,Type B,T,A,1.0,1.0,1.0,0.875
t2_typeb,16611,T-2/HT-2,Type B,T,C,1.0,1.0,1.0,0.875
t2_typeb,16753,T-2/HT-2,Type B,C,T,1.0,1.0,1.0,0.875
t2_typeb,16761,T-2/HT-2,Type B,G,A,1.0,1.0,1.0,0.875
t2_typeb,16774,T-2/HT-2,Type B,T,C,1.0,1.0,1.0,0.875
t2_typeb,16801,T-2/HT-2,Type B,A,T,1.0,1.0,1.0,0.8125
t2_typeb,16809,T-2/HT-2,Type B,G,A,1.0,1.0,1.0,0.875
t2_typeb,16811,T-2/HT-2,Type B,C,T,1.0,1.0,1.0,0.875
t2_typeb,16817,T-2/HT-2,Type B,T,A,1.0,1.0,1.0,1.0
t2_typeb,16825,T-2/HT-2,Type B,C,A,1.0,1.0,1.0,0.875
t2_typeb,16927,T-2/HT-2,Type B,A,C,1.0,1.0,1.0,0.875
t2_typeb,16945,T-2/HT-2,Type B,G,A,1.0,1.0,1.0,1.0
t2_typeb,16958,T-2/HT-2,Type B,A,G,1.0,1.0,1.0,1.0
t2_typeb,16974,T-2/HT-2,Type B,C,A,1.0,1.0,1.0,0.8125
t2_typeb,16985,T-2/HT-2,Type B,G,C,1.0,1.0,1.0,0.875
t2_typeb,16987,T-2/HT-2,Type B,G,T,1.0,1.0,1.0,0.875
t2_typeb,16989,T-2/HT-2,Type B,A,G,1.0,1.0,1.0,0.875
t2_typeb,16991,T-2/HT-2,Type B,T,C,1.0,1.0,1.0,0.875
t2_typeb,16992,T-2/HT-2,Type B,C,A,1.0,1.0,1.0,0.875
t2_typeb,16998,T-2/HT-2,Type B,G,A,1.0,1.0,1.0,0.875
t2_typeb,17001,T-2/HT-2,Type B,A,G,1.0,1.0,1.0,0.875
t2_typeb,17047,T-2/HT-2,Type B,G,C,1.0,1.0,1.0,0.8125
t2_typeb,17052,T-2/HT-2,Type B,C,T,1.0,1.0,1.0,0.875
t2_typeb,17054,T-2/HT-2,Type B,T,A,1.0,1.0,1.0,0.8125
t2_typeb,17064,T-2/HT-2,Type B,G,A,1.0,1.0,1.0,0.875
t2_typeb,17067,T-2/HT-2,Type B,C,G,1.0,1.0,1.0,0.875
t2_typeb,17077,T-2/HT-2,Type B,C,T,1.0,1.0,1.0,0.875
t2_typeb,17079,T-2/HT-2,Type B,C,G,1.0,1.0,1.0,0.875
t2_typeb,17080,T-2/HT-2,Type B,G,A,1.0,1.0,1.0,0.875
t2_typeb,17083,T-2/HT-2,Type B,C,A,1.0,1.0,1.0,0.875
t2_typeb,17085,T-2/HT-2,Type B,G,A,1.0,1.0,1.0,0.875
t2_typeb,17091,T-2/HT-2,Type B,G,A,1.0,1.0,1.0,1.0
t2_typeb,17102,T-2/HT-2,Type B,C,T,1.0,1.0,1.0,0.875
t2_typeb,17103,T-2/HT-2,Type B,A,G,1.0,1.0,1.0,0.875
t2_typeb,17109,T-2/HT-2,Type B,T,A,1.0,0.875,1.0,0.8571428571428571
t2_typeb,17135,T-2/HT-2,Type B,A,G,1.0,0.875,1.0,0.7857142857142857
t2_typeb,17160,T-2/HT-2,Type B,A,G,1.0,1.0,1.0,0.875
t2_typeb,17161,T-2/HT-2,Type B,G,A,1.0,1.0,1.0,0.875
t2_typeb,17177,T-2/HT-2,Type B,G,T,1.0,1.0,1.0,0.875
t2_typeb,17185,T-2/HT-2,Type B,C,A,1.0,1.0,1.0,0.875
t2_typeb,17205,T-2/HT-2,Type B,A,C,1.0,1.0,1.0,0.875
t2_typeb,17206,T-2/HT-2,Type B,C,T,1.0,1.0,1.0,0.875
t2_typeb,17219,T-2/HT-2,Type B,C,A,1.0,1.0,1.0,0.875
t2_typeb,17232,T-2/HT-2,Type B,G,A,1.0,1.0,1.0,0.875
t2_typeb,17279,T-2/HT-2,Type B,C,A,1.0,1.0,1.0,0.75
t2_typeb,17295,T-2/HT-2,Type B,T,C,1.0,1.0,1.0,0.875
t2_typeb,17297,T-2/HT-2,Type B,C,T,1.0,1.0,1.0,0.875
t2_typeb,17327,T-2/HT-2,Type B,C,A,1.0,1.0,1.0,0.8125
t2_typeb,17330,T-2/HT-2,Type B,T,G,1.0,1.0,1.0,0.8125
t2_typeb,17335,T-2/HT-2,Type B,A,G,1.0,1.0,1.0,0.875
t2_typeb,17341,T-2/HT-2,Type B,G,T,1.0,1.0,1.0,0.75
t2_typeb,17344,T-2/HT-2,Type B,T,G,1.0,1.0,1.0,0.875
t2_typeb,17357,T-2/HT-2,Type B,C,T,1.0,1.0,1.0,0.8125
t2_typeb,17364,T-2/HT-2,Type B,A,G,1.0,1.0,1.0,0.875
t2_typeb,17371,T-2/HT-2,Type B,A,T,1.0,1.0,1.0,0.875
t2_typeb,17395,T-2/HT-2,Type B,T,C,1.0,1.0,1.0,0.875
t2_typeb,17404,T-2/HT-2,Type B,C,T,1.0,1.0,1.0,0.875
t2_typeb,17410,T-2/HT-2,Type B,T,C,1.0,1.0,1.0,0.8125
t2_typeb,17429,T-2/HT-2,Type B,C,T,1.0,1.0,1.0,0.875
t2_typeb,17454,T-2/HT-2,Type B,C,A,1.0,1.0,1.0,0.875
t2_typeb,17547,T-2/HT-2,Type B,G,A,1.0,1.0,1.0,0.75
t2_typeb,17556,T-2/HT-2,Type B,A,G,1.0,1.0,1.0,0.875
t2_typeb,17558,T-2/HT-2,Type B,C,A,1.0,1.0,1.0,0.875
t2_typeb,17559,T-2/HT-2,Type B,G,A,1.0,1.0,1.0,0.875
t2_typeb,17679,T-2/HT-2,Type B,C,T,1.0,1.0,1.0,0.875
t2_typeb,17703,T-2/HT-2,Type B,C,A,1.0,1.0,1.0,0.875
t2_typeb,17763,T-2/HT-2,Type B,T,C,1.0,1.0,1.0,0.8125
t2_typeb,17769,T-2/HT-2,Type B,G,A,1.0,1.0,1.0,0.9375
t2_typeb,17773,T-2/HT-2,Type B,G,T,1.0,1.0,1.0,0.875
t2_typeb,17774,T-2/HT-2,Type B,C,G,1.0,1.0,1.0,0.875
t2_typeb,17775,T-2/HT-2,Type B,A,T,1.0,1.0,0.8571428571428571,0.875
t2_typeb,17808,T-2/HT-2,Type B,A,T,1.0,1.0,1.0,0.875
t2_typeb,17837,T-2/HT-2,Type B,G,A,1.0,0.9375,1.0,0.8666666666666667
t2_typeb,17842,T-2/HT-2,Type B,A,G,1.0,0.9375,1.0,0.8666666666666667
t2_typeb,17898,T-2/HT-2,Type B,G,C,1.0,0.9375,1.0,0.8666666666666667
t2_typeb,17899,T-2/HT-2,Type B,C,T,1.0,0.875,1.0,0.7857142857142857
t2_typeb,17932,T-2/HT-2,Type B,C,G,1.0,1.0,1.0,0.875
t2_typeb,17964,T-2/HT-2,Type B,G,T,1.0,1.0,1.0,0.875
t2_typeb,17965,T-2/HT-2,Type B,G,A,1.0,1.0,1.0,0.875
t2_typeb,18021,T-2/HT-2,Type B,C,G,1.0,1.0,1.0,0.875
t2_typeb,18230,T-2/HT-2,Type B,A,T,1.0,1.0,1.0,0.875
t2_typeb,18255,T-2/HT-2,Type B,G,A,1.0,0.9375,1.0,0.8666666666666667
t2_typeb,18281,T-2/HT-2,Type B,T,C,1.0,1.0,1.0,0.8125
t2_typeb,18291,T-2/HT-2,Type B,G,T,1.0,1.0,1.0,0.875
t2_typeb,18305,T-2/HT-2,Type B,A,G,1.0,1.0,1.0,0.875
t2_typeb,18318,T-2/HT-2,Type B,G,T,1.0,1.0,1.0,0.875
t2_typeb,18319,T-2/HT-2,Type B,C,T,1.0,1.0,1.0,0.875
t2_typeb,18320,T-2/HT-2,Type B,A,G,1.0,1.0,1.0,1.0
t2_typeb,18332,T-2/HT-2,Type B,T,G,1.0,0.9375,1.0,1.0
t2_typeb,18391,T-2/HT-2,Type B,A,C,1.0,1.0,1.0,0.875
t2_typeb,18399,T-2/HT-2,Type B,G,T,1.0,1.0,1.0,0.875
t2_typeb,18401,T-2/HT-2,Type B,G,A,1.0,1.0,1.0,0.75
t2_typeb,18407,T-2/HT-2,Type B,A,C,1.0,1.0,1.0,0.875
t2_typeb,18409,T-2/HT-2,Type B,A,G,1.0,1.0,1.0,0.75
t2_typeb,18411,T-2/HT-2,Type B,C,T,1.0,1.0,1.0,0.875
