Genome_ID,Species,Chemotype,Toxin_System,Gene,Chromosome_or_Contig,Start,End,Strand,Multiple_hits_for_gene,Multiple_contigs_for_gene,Representative_HSP_count,Query_length,Query_covered_bp,Combined_query_coverage_percent,Weighted_percent_identity,Total_bitscore,Best_evalue
GCA_001292635.1,Fusarium langsethiae,T-2/HT-2,TRI ,TRI1,JXCE01000207.1,10377,12233,+,False,False,5,1629,1629,100.0,97.00679780085524,2755,0.0
GCA_001292635.1,Fusarium langsethiae,T-2/HT-2,TRI ,TRI10,JXCE01000103.1,23933,25272,-,False,False,2,1263,1263,100.0,88.2215604743083,1512,0.0
GCA_001292635.1,Fusarium langsethiae,T-2/HT-2,TRI ,TRI101,JXCE01000313.1,20806,23318,+,False,False,2,2469,2469,100.0,91.72368631408962,3423,0.0
GCA_001292635.1,Fusarium langsethiae,T-2/HT-2,TRI ,TRI11,JXCE01000103.1,20360,22081,+,False,False,1,1722,1722,100.0,98.60599999999998,3048,0.0
GCA_001292635.1,Fusarium langsethiae,T-2/HT-2,TRI ,TRI12,JXCE01000103.1,17849,19750,+,False,False,1,1902,1902,100.0,98.265,3330,0.0
GCA_001292635.1,Fusarium langsethiae,T-2/HT-2,TRI ,TRI13,JXCE01000103.1,15244,17069,+,False,False,2,1764,1754,99.43310657596372,85.22895415959252,1805,0.0
GCA_001292635.1,Fusarium langsethiae,T-2/HT-2,TRI ,TRI14,JXCE01000103.1,13420,14347,-,False,False,1,928,925,99.67672413793103,88.865,1138,0.0
GCA_001292635.1,Fusarium langsethiae,T-2/HT-2,TRI ,TRI16,JXCE01000207.1,14830,16311,-,False,False,1,1482,1482,100.0,97.90799999999999,2566,0.0
GCA_001292635.1,Fusarium langsethiae,T-2/HT-2,TRI ,TRI17,JXCE01000009.1,51293,52054,-,False,False,1,756,756,100.0,91.406,1037,0.0
GCA_001292635.1,Fusarium langsethiae,T-2/HT-2,TRI ,TRI20,JXCE01000009.1,62659,63356,+,False,False,1,749,698,93.1909212283044,89.398,880,0.0
GCA_001292635.1,Fusarium langsethiae,T-2/HT-2,TRI ,TRI201,JXCE01000313.1,18089,19461,+,False,False,3,1267,1267,100.0,92.38013275726631,1810,0.0
GCA_001292635.1,Fusarium langsethiae,T-2/HT-2,TRI ,TRI21,JXCE01000009.1,65997,66790,-,False,False,1,827,794,96.00967351874245,93.325,1173,0.0
GCA_001292635.1,Fusarium langsethiae,T-2/HT-2,TRI ,TRI22,JXCE01000313.1,14750,16557,-,False,False,3,1681,1679,99.88102320047591,92.30328833629366,2384,0.0
GCA_001292635.1,Fusarium langsethiae,T-2/HT-2,TRI ,TRI3,JXCE01000103.1,34107,35429,-,False,False,2,1554,1258,80.95238095238095,83.6877730496454,1185,0.0
GCA_001292635.1,Fusarium langsethiae,T-2/HT-2,TRI ,TRI4,JXCE01000103.1,31144,32629,+,False,False,2,1563,1209,77.35124760076776,85.84387160493827,1285,0.0
GCA_001292635.1,Fusarium langsethiae,T-2/HT-2,TRI ,TRI5,JXCE01000103.1,25889,27072,-,True,True,1,1185,1185,100.0,97.975,2054,0.0
GCA_001292635.1,Fusarium langsethiae,T-2/HT-2,TRI ,TRI5,JXCE01000757.1,463,1619,+,True,True,1,1185,1185,100.0,88.458,1404,0.0
GCA_001292635.1,Fusarium langsethiae,T-2/HT-2,TRI ,TRI6,JXCE01000103.1,29370,30023,-,True,True,1,657,657,100.0,92.39,933,0.0
GCA_001292635.1,Fusarium langsethiae,T-2/HT-2,TRI ,TRI6,JXCE01000519.1,3765,4352,+,True,True,1,657,591,89.95433789954338,91.878,822,0.0
GCA_001292635.1,Fusarium langsethiae,T-2/HT-2,TRI ,TRI8,JXCE01000103.1,38267,39610,+,False,False,1,1344,1344,100.0,97.917,2327,0.0
GCA_001292635.1,Fusarium langsethiae,T-2/HT-2,TRI ,TRI9,JXCE01000103.1,23171,23302,+,False,False,1,132,132,100.0,89.394,167,1.75e-41
GCA_014898995.1,Fusarium sibiricum,T-2/HT-2 *,TRI ,TRI1,JAAVUF010001900.1,2334,4192,-,False,False,4,1629,1561,95.82565991405771,98.14951627313339,2736,0.0
GCA_014898995.1,Fusarium sibiricum,T-2/HT-2 *,TRI ,TRI10,JAAVUF010001174.1,27601,28940,-,False,False,2,1263,1263,100.0,88.2215604743083,1512,0.0
GCA_014898995.1,Fusarium sibiricum,T-2/HT-2 *,TRI ,TRI101,JAAVUF010000518.1,22897,25416,-,False,False,2,2469,2466,99.87849331713244,91.91258026688233,3449,0.0
GCA_014898995.1,Fusarium sibiricum,T-2/HT-2 *,TRI ,TRI11,JAAVUF010001174.1,24031,25752,+,False,False,1,1722,1722,100.0,98.60599999999998,3048,0.0
GCA_014898995.1,Fusarium sibiricum,T-2/HT-2 *,TRI ,TRI12,JAAVUF010001174.1,21486,23387,+,False,False,1,1902,1902,100.0,99.054,3413,0.0
GCA_014898995.1,Fusarium sibiricum,T-2/HT-2 *,TRI ,TRI13,JAAVUF010001174.1,18881,20706,+,False,False,2,1764,1754,99.43310657596372,85.39881380871533,1822,0.0
GCA_014898995.1,Fusarium sibiricum,T-2/HT-2 *,TRI ,TRI14,JAAVUF010001174.1,16940,17867,-,False,False,1,928,925,99.67672413793103,89.297,1160,0.0
GCA_014898995.1,Fusarium sibiricum,T-2/HT-2 *,TRI ,TRI16,JAAVUF010001876.1,3236,4717,+,False,False,1,1482,1482,100.0,98.718,2632,0.0
GCA_014898995.1,Fusarium sibiricum,T-2/HT-2 *,TRI ,TRI17,JAAVUF010000721.1,44538,45299,-,False,False,1,756,756,100.0,91.016,1020,0.0
GCA_014898995.1,Fusarium sibiricum,T-2/HT-2 *,TRI ,TRI20,JAAVUF010000721.1,56277,56974,+,False,False,1,749,698,93.1909212283044,89.971,902,0.0
GCA_014898995.1,Fusarium sibiricum,T-2/HT-2 *,TRI ,TRI201,JAAVUF010000518.1,26772,28140,-,False,False,3,1267,1267,100.0,92.22309347996857,1795,0.0
GCA_014898995.1,Fusarium sibiricum,T-2/HT-2 *,TRI ,TRI21,JAAVUF010000721.1,59651,60444,-,False,False,1,827,794,96.00967351874245,92.821,1151,0.0
GCA_014898995.1,Fusarium sibiricum,T-2/HT-2 *,TRI ,TRI22,JAAVUF010000518.1,29674,31482,+,False,False,3,1681,1679,99.88102320047591,92.48975162625666,2400,0.0
GCA_014898995.1,Fusarium sibiricum,T-2/HT-2 *,TRI ,TRI4,JAAVUF010001174.1,35115,36556,+,False,False,3,1563,1311,83.87715930902111,88.25347444698703,1570,0.0
GCA_014898995.1,Fusarium sibiricum,T-2/HT-2 *,TRI ,TRI5,JAAVUF010001174.1,29558,30742,-,False,False,1,1185,1185,100.0,97.806,2045,0.0
GCA_014898995.1,Fusarium sibiricum,T-2/HT-2 *,TRI ,TRI6,JAAVUF010001174.1,33035,33688,-,True,True,1,657,657,100.0,91.933,917,0.0
GCA_014898995.1,Fusarium sibiricum,T-2/HT-2 *,TRI ,TRI6,JAAVUF010002821.1,325,978,+,True,True,1,657,657,100.0,92.39,933,0.0
GCA_014898995.1,Fusarium sibiricum,T-2/HT-2 *,TRI ,TRI8,JAAVUF010001189.1,2517,3860,+,False,False,1,1344,1344,100.0,98.958,2405,0.0
GCA_014898995.1,Fusarium sibiricum,T-2/HT-2 *,TRI ,TRI9,JAAVUF010001174.1,26837,26968,+,False,False,1,132,132,100.0,89.394,167,1.89e-41
GCA_016952305.1,Fusarium pseudograminearum,Not reported ,TRI,TRI1,CP064755.1,277910,279663,+,False,False,5,1539,1538,99.93502274204027,98.8976990920882,2756,0.0
GCA_016952305.1,Fusarium pseudograminearum,Not reported ,TRI,TRI10,CP064753.1,5626014,5627374,-,False,False,2,1263,1262,99.92082343626286,85.1150380047506,1290,0.0
GCA_016952305.1,Fusarium pseudograminearum,Not reported ,TRI,TRI101,CP064753.1,4833239,4835754,+,False,False,2,2469,2467,99.91899554475496,96.35472742000809,4060,0.0
GCA_016952305.1,Fusarium pseudograminearum,Not reported ,TRI,TRI11,CP064753.1,5622335,5624070,+,False,False,1,1722,1722,100.0,85.19800000000001,1764,0.0
GCA_016952305.1,Fusarium pseudograminearum,Not reported ,TRI,TRI12,CP064753.1,5619793,5621769,+,False,False,3,1872,1866,99.67948717948718,91.33681390374332,2551,0.0
GCA_016952305.1,Fusarium pseudograminearum,Not reported ,TRI,TRI14,CP064753.1,5615272,5616444,-,False,False,2,1116,1115,99.91039426523297,95.702866606983,1798,0.0
GCA_016952305.1,Fusarium pseudograminearum,Not reported ,TRI,TRI17,CP064756.1,3660284,3661035,-,False,False,1,756,753,99.60317460317461,96.54700000000001,1245,0.0
GCA_016952305.1,Fusarium pseudograminearum,Not reported ,TRI,TRI20,CP064756.1,3671784,3672484,+,False,False,1,749,701,93.59145527369826,95.863,1134,0.0
GCA_016952305.1,Fusarium pseudograminearum,Not reported ,TRI,TRI201,CP064753.1,4830500,4831873,+,False,False,3,1267,1267,100.0,95.83304638364781,2053,0.0
GCA_016952305.1,Fusarium pseudograminearum,Not reported ,TRI,TRI21,CP064756.1,3675089,3675882,-,False,False,1,827,794,96.00967351874245,96.474,1312,0.0
GCA_016952305.1,Fusarium pseudograminearum,Not reported ,TRI,TRI22,CP064753.1,4827157,4828970,-,False,False,3,1681,1681,100.0,97.39055634638197,2865,0.0
GCA_016952305.1,Fusarium pseudograminearum,Not reported ,TRI,TRI3,CP064753.1,5636887,5638654,-,False,False,4,1554,1519,97.74774774774775,93.12344138834315,2238,0.0
GCA_016952305.1,Fusarium pseudograminearum,Not reported ,TRI,TRI4,CP064753.1,5633968,5635711,+,False,False,4,1563,1563,100.0,98.46655846645369,2760,0.0
GCA_016952305.1,Fusarium pseudograminearum,Not reported ,TRI,TRI5,CP064753.1,5628092,5629283,-,False,False,2,1128,1127,99.91134751773049,95.65250931677018,1811,0.0
GCA_016952305.1,Fusarium pseudograminearum,Not reported ,TRI,TRI6,CP064753.1,5632136,5632792,-,False,False,1,657,657,100.0,95.586,1053,0.0
GCA_016952305.1,Fusarium pseudograminearum,Not reported ,TRI,TRI7,CP064753.1,5639461,5640883,-,False,False,2,1398,1375,98.35479256080114,82.00306894049346,1161,0.0
GCA_016952305.1,Fusarium pseudograminearum,Not reported ,TRI,TRI8,CP064753.1,5641527,5642859,+,False,False,1,1338,1336,99.85052316890882,87.36,1528,0.0
GCA_016952305.1,Fusarium pseudograminearum,Not reported ,TRI,TRI9,CP064753.1,5625296,5625427,+,False,False,1,132,132,100.0,96.212,217,1.74e-56
GCA_016952355.1,Fusarium culmorum,Not reported,TRI,TRI1,CP064750.1,331941,333694,+,False,False,5,1539,1539,100.0,97.53707841866493,2642,0.0
GCA_016952355.1,Fusarium culmorum,Not reported,TRI,TRI10,CP064747.1,5871330,5872679,+,False,False,2,1263,1252,99.12905779889152,94.48898322683705,1931,0.0
GCA_016952355.1,Fusarium culmorum,Not reported,TRI,TRI101,CP064747.1,5085784,5088301,+,False,False,2,2469,2467,99.91899554475496,96.88253846153846,4134,0.0
GCA_016952355.1,Fusarium culmorum,Not reported,TRI,TRI11,CP064747.1,5874646,5876381,-,False,False,1,1722,1722,100.0,85.264,1770,0.0
GCA_016952355.1,Fusarium culmorum,Not reported,TRI,TRI12,CP064747.1,5876950,5878926,-,False,False,3,1797,1797,100.0,92.21362736373749,2546,0.0
GCA_016952355.1,Fusarium culmorum,Not reported,TRI,TRI14,CP064747.1,5882288,5883459,+,False,False,1,928,928,100.0,86.667,1027,0.0
GCA_016952355.1,Fusarium culmorum,Not reported,TRI,TRI17,CP064748.1,3502522,3503274,-,False,False,1,756,753,99.60317460317461,98.274,1319,0.0
GCA_016952355.1,Fusarium culmorum,Not reported,TRI,TRI20,CP064748.1,3515850,3516550,+,False,False,1,749,701,93.59145527369826,99.001,1256,0.0
GCA_016952355.1,Fusarium culmorum,Not reported,TRI,TRI201,CP064747.1,5083070,5084426,+,False,False,3,1267,1267,100.0,94.65387342767295,1955,0.0
GCA_016952355.1,Fusarium culmorum,Not reported,TRI,TRI21,CP064748.1,3519159,3519952,-,False,False,1,827,794,96.00967351874245,98.363,1395,0.0
GCA_016952355.1,Fusarium culmorum,Not reported,TRI,TRI22,CP064747.1,5079728,5081540,-,False,False,3,1681,1681,100.0,98.15993234421366,2936,0.0
GCA_016952355.1,Fusarium culmorum,Not reported,TRI,TRI3,CP064747.1,5860237,5861999,+,False,False,4,1554,1519,97.74774774774775,92.05709635416667,2162,0.0
GCA_016952355.1,Fusarium culmorum,Not reported,TRI,TRI4,CP064747.1,5862981,5864722,-,False,False,4,1563,1563,100.0,97.63602236421725,2688,0.0
GCA_016952355.1,Fusarium culmorum,Not reported,TRI,TRI5,CP064747.1,5869489,5870668,+,False,False,2,1128,1128,100.0,95.39006382978724,1797,0.0
GCA_016952355.1,Fusarium culmorum,Not reported,TRI,TRI6,CP064747.1,5865891,5866547,+,False,False,1,657,657,100.0,95.593,1053,0.0
GCA_016952355.1,Fusarium culmorum,Not reported,TRI,TRI7,CP064747.1,5858015,5859437,+,False,False,2,1398,1378,98.56938483547926,81.2004273318872,1100,0.0
GCA_016952355.1,Fusarium culmorum,Not reported,TRI,TRI8,CP064747.1,5856025,5857359,-,False,False,1,1338,1338,100.0,88.424,1609,0.0
GCA_016952355.1,Fusarium culmorum,Not reported,TRI,TRI9,CP064747.1,5873278,5873409,-,False,False,1,132,132,100.0,98.485,233,1.71e-61
GCA_017656985.1,Fusarium boothii,15-ADON,TRI,TRI1,JAGDVF010000004.1,310147,311905,+,False,False,5,1539,1539,100.0,96.95405508749191,2593,0.0
GCA_017656985.1,Fusarium boothii,15-ADON,TRI,TRI10,JAGDVF010000009.1,174740,176092,-,False,False,2,1263,1263,100.0,94.14123594615994,1923,0.0
GCA_017656985.1,Fusarium boothii,15-ADON,TRI,TRI101,JAGDVF010000009.1,967027,969543,-,False,False,2,2469,2467,99.91899554475496,98.86582867557716,4405,0.0
GCA_017656985.1,Fusarium boothii,15-ADON,TRI,TRI11,JAGDVF010000009.1,171048,172783,+,False,False,1,1722,1722,100.0,84.413,1687,0.0
GCA_017656985.1,Fusarium boothii,15-ADON,TRI,TRI12,JAGDVF010000009.1,168513,170489,+,False,False,3,1872,1872,100.0,99.2519610042735,3381,0.0
GCA_017656985.1,Fusarium boothii,15-ADON,TRI,TRI14,JAGDVF010000009.1,164296,165464,-,False,False,2,1116,1116,100.0,99.01616279069768,2005,0.0
GCA_017656985.1,Fusarium boothii,15-ADON,TRI,TRI17,JAGDVF010000008.1,1705711,1706466,+,False,False,1,756,756,100.0,99.074,1358,0.0
GCA_017656985.1,Fusarium boothii,15-ADON,TRI,TRI20,JAGDVF010000008.1,1692708,1693408,-,False,False,1,749,701,93.59145527369826,99.57200000000002,1279,0.0
GCA_017656985.1,Fusarium boothii,15-ADON,TRI,TRI201,JAGDVF010000009.1,970901,972270,-,False,False,3,1267,1267,100.0,99.21169897557132,2290,0.0
GCA_017656985.1,Fusarium boothii,15-ADON,TRI,TRI21,JAGDVF010000008.1,1689314,1690107,+,False,False,1,827,794,96.00967351874245,99.874,1461,0.0
GCA_017656985.1,Fusarium boothii,15-ADON,TRI,TRI22,JAGDVF010000009.1,973818,975630,+,False,False,3,1681,1681,100.0,99.28767002967358,3042,0.0
GCA_017656985.1,Fusarium boothii,15-ADON,TRI,TRI3,JAGDVF010000009.1,185483,187075,-,False,False,3,1554,1393,89.63963963963964,92.03170638908828,1959,0.0
GCA_017656985.1,Fusarium boothii,15-ADON,TRI,TRI4,JAGDVF010000009.1,182618,184361,+,False,False,4,1563,1563,100.0,97.18872268370606,2649,0.0
GCA_017656985.1,Fusarium boothii,15-ADON,TRI,TRI5,JAGDVF010000009.1,176751,177941,-,False,False,2,1128,1128,100.0,95.65610460992907,1813,0.0
GCA_017656985.1,Fusarium boothii,15-ADON,TRI,TRI6,JAGDVF010000009.1,180803,181459,-,False,False,1,657,657,100.0,96.804,1098,0.0
GCA_017656985.1,Fusarium boothii,15-ADON,TRI,TRI8,JAGDVF010000009.1,189921,191258,+,False,False,1,1338,1338,100.0,99.028,2399,0.0
GCA_017656985.1,Fusarium boothii,15-ADON,TRI,TRI9,JAGDVF010000009.1,174009,174138,+,False,False,1,132,130,98.48484848484848,98.462,230,2.16e-60
GCA_018104275.1,Fusarium langsethiae,T-2/HT-2,TRI ,TRI1,JAFFKB010000090.1,582528,584384,-,True,True,5,1629,1629,100.0,96.94554428833231,2750,0.0
GCA_018104275.1,Fusarium langsethiae,T-2/HT-2,TRI ,TRI1,JAFFKB010000127.1,413844,415700,+,True,True,5,1629,1629,100.0,97.25105742211365,2778,0.0
GCA_018104275.1,Fusarium langsethiae,T-2/HT-2,TRI ,TRI10,JAFFKB010000014.1,4484263,4485602,+,False,False,2,1263,1263,100.0,88.14232648221345,1506,0.0
GCA_018104275.1,Fusarium langsethiae,T-2/HT-2,TRI ,TRI101,JAFFKB010000149.1,807612,810123,-,False,False,2,2469,2468,99.95949777237747,91.79121674080065,3427,0.0
GCA_018104275.1,Fusarium langsethiae,T-2/HT-2,TRI ,TRI11,JAFFKB010000014.1,4491420,4493141,-,False,False,1,1722,1722,100.0,98.664,3053,0.0
GCA_018104275.1,Fusarium langsethiae,T-2/HT-2,TRI ,TRI12,JAFFKB010000014.1,4493781,4495682,-,False,False,1,1902,1902,100.0,98.212,3325,0.0
GCA_018104275.1,Fusarium langsethiae,T-2/HT-2,TRI ,TRI13,JAFFKB010000014.1,4496453,4498287,-,False,False,2,1764,1763,99.94331065759637,85.13498536036036,1805,0.0
GCA_018104275.1,Fusarium langsethiae,T-2/HT-2,TRI ,TRI14,JAFFKB010000014.1,4499184,4500111,+,False,False,1,928,928,100.0,88.793,1138,0.0
GCA_018104275.1,Fusarium langsethiae,T-2/HT-2,TRI ,TRI16,JAFFKB010000127.1,428033,429514,-,False,False,1,1482,1482,100.0,97.841,2560,0.0
GCA_018104275.1,Fusarium langsethiae,T-2/HT-2,TRI ,TRI17,JAFFKB010000014.1,3672689,3673450,+,False,False,1,756,756,100.0,91.276,1031,0.0
GCA_018104275.1,Fusarium langsethiae,T-2/HT-2,TRI ,TRI20,JAFFKB010000014.1,3661563,3662263,-,False,False,1,749,701,93.59145527369826,89.444,885,0.0
GCA_018104275.1,Fusarium langsethiae,T-2/HT-2,TRI ,TRI201,JAFFKB010000149.1,811485,812857,-,False,False,3,1267,1267,100.0,92.30140219952868,1804,0.0
GCA_018104275.1,Fusarium langsethiae,T-2/HT-2,TRI ,TRI21,JAFFKB010000014.1,3658198,3658991,+,False,False,1,827,794,96.00967351874245,93.199,1168,0.0
GCA_018104275.1,Fusarium langsethiae,T-2/HT-2,TRI ,TRI22,JAFFKB010000149.1,814369,816176,+,False,False,3,1681,1679,99.88102320047591,92.36235287152161,2389,0.0
GCA_018104275.1,Fusarium langsethiae,T-2/HT-2,TRI ,TRI3,JAFFKB010000014.1,4474109,4475431,+,False,False,2,1554,1258,80.95238095238095,83.64746933962265,1185,0.0
GCA_018104275.1,Fusarium langsethiae,T-2/HT-2,TRI ,TRI4,JAFFKB010000014.1,4476906,4478391,-,False,False,2,1563,1209,77.35124760076776,85.84387160493827,1285,0.0
GCA_018104275.1,Fusarium langsethiae,T-2/HT-2,TRI ,TRI5,JAFFKB010000014.1,4482463,4483646,+,True,True,1,1185,1185,100.0,98.228,2071,0.0
GCA_018104275.1,Fusarium langsethiae,T-2/HT-2,TRI ,TRI5,JAFFKB010000090.1,2237848,2239031,+,True,True,1,1185,1185,100.0,90.564,1567,0.0
GCA_018104275.1,Fusarium langsethiae,T-2/HT-2,TRI ,TRI6,JAFFKB010000014.1,4479512,4480165,+,False,False,1,657,657,100.0,92.694,944,0.0
GCA_018104275.1,Fusarium langsethiae,T-2/HT-2,TRI ,TRI8,JAFFKB010000014.1,4469928,4471271,-,False,False,1,1344,1344,100.0,97.917,2327,0.0
GCA_018104275.1,Fusarium langsethiae,T-2/HT-2,TRI ,TRI9,JAFFKB010000014.1,4488334,4488465,-,False,False,1,132,132,100.0,89.394,167,2.79e-41
GCA_019054615.1,Fusarium sporotrichioides,T-2/HT-2 *,TRI,TRI1,JAHKNR010000004.1,4738352,4740210,+,False,False,5,1629,1629,100.0,97.67864202810019,2816,0.0
GCA_019054615.1,Fusarium sporotrichioides,T-2/HT-2 *,TRI,TRI10,JAHKNR010000001.1,3476070,3477408,-,False,False,2,1263,1262,99.92082343626286,87.42112025316456,1454,0.0
GCA_019054615.1,Fusarium sporotrichioides,T-2/HT-2 *,TRI,TRI101,JAHKNR010000001.1,4247496,4250015,-,False,False,2,2469,2466,99.87849331713244,91.83152122927619,3438,0.0
GCA_019054615.1,Fusarium sporotrichioides,T-2/HT-2 *,TRI,TRI11,JAHKNR010000001.1,3472499,3474220,+,False,False,1,1722,1722,100.0,99.71,3153,0.0
GCA_019054615.1,Fusarium sporotrichioides,T-2/HT-2 *,TRI,TRI12,JAHKNR010000001.1,3469953,3471854,+,False,False,1,1902,1902,100.0,99.842,3496,0.0
GCA_019054615.1,Fusarium sporotrichioides,T-2/HT-2 *,TRI,TRI13,JAHKNR010000001.1,3467349,3469174,+,False,False,2,1764,1754,99.43310657596372,85.39881380871533,1822,0.0
GCA_019054615.1,Fusarium sporotrichioides,T-2/HT-2 *,TRI,TRI14,JAHKNR010000001.1,3465408,3466335,-,False,False,1,928,925,99.67672413793103,89.297,1160,0.0
GCA_019054615.1,Fusarium sporotrichioides,T-2/HT-2 *,TRI,TRI16,JAHKNR010000004.1,4741614,4743095,-,False,False,1,1482,1482,100.0,98.718,2632,0.0
GCA_019054615.1,Fusarium sporotrichioides,T-2/HT-2 *,TRI,TRI17,JAHKNR010000004.1,1340764,1341525,+,False,False,1,756,756,100.0,91.146,1026,0.0
GCA_019054615.1,Fusarium sporotrichioides,T-2/HT-2 *,TRI,TRI20,JAHKNR010000004.1,1329221,1329921,-,False,False,1,749,701,93.59145527369826,89.586,891,0.0
GCA_019054615.1,Fusarium sporotrichioides,T-2/HT-2 *,TRI,TRI21,JAHKNR010000004.1,1325765,1326558,+,False,False,1,827,794,96.00967351874245,93.199,1168,0.0
GCA_019054615.1,Fusarium sporotrichioides,T-2/HT-2 *,TRI,TRI22,JAHKNR010000001.1,4254275,4256083,+,False,False,3,1681,1679,99.88102320047591,92.31208160851568,2384,0.0
GCA_019054615.1,Fusarium sporotrichioides,T-2/HT-2 *,TRI,TRI3,JAHKNR010000001.1,3486297,3487619,-,False,False,2,1554,1258,80.95238095238095,83.84541134751774,1196,0.0
GCA_019054615.1,Fusarium sporotrichioides,T-2/HT-2 *,TRI,TRI4,JAHKNR010000001.1,3483334,3485076,+,False,False,3,1563,1311,83.87715930902111,88.87183536585366,1614,0.0
GCA_019054615.1,Fusarium sporotrichioides,T-2/HT-2 *,TRI,TRI5,JAHKNR010000001.1,3478024,3479208,-,False,False,1,1185,1185,100.0,99.916,2183,0.0
GCA_019054615.1,Fusarium sporotrichioides,T-2/HT-2 *,TRI,TRI6,JAHKNR010000001.1,3481522,3482175,-,False,False,1,657,657,100.0,91.933,917,0.0
GCA_019054615.1,Fusarium sporotrichioides,T-2/HT-2 *,TRI,TRI8,JAHKNR010000001.1,3490465,3491808,+,False,False,1,1344,1344,100.0,99.03300000000002,2410,0.0
GCA_019054615.1,Fusarium sporotrichioides,T-2/HT-2 *,TRI,TRI9,JAHKNR010000001.1,3475307,3475438,+,False,False,1,132,132,100.0,88.636,161,8.23e-40
GCA_019054645.1,Fusarium sporotrichioides,T-2/HT-2 *,TRI,TRI1,JAHKNS010000004.1,7432269,7434127,+,False,False,4,1629,1561,95.82565991405771,98.27686981493298,2747,0.0
GCA_019054645.1,Fusarium sporotrichioides,T-2/HT-2 *,TRI,TRI10,JAHKNS010000002.1,3592470,3593808,-,False,False,2,1263,1262,99.92082343626286,87.6585253164557,1471,0.0
GCA_019054645.1,Fusarium sporotrichioides,T-2/HT-2 *,TRI,TRI101,JAHKNS010000002.1,4362393,4364912,-,False,False,2,2469,2466,99.87849331713244,91.87245248685807,3443,0.0
GCA_019054645.1,Fusarium sporotrichioides,T-2/HT-2 *,TRI,TRI11,JAHKNS010000002.1,3588895,3590620,+,False,False,1,1722,1722,100.0,99.01500000000001,3090,0.0
GCA_019054645.1,Fusarium sporotrichioides,T-2/HT-2 *,TRI,TRI12,JAHKNS010000002.1,3586352,3588253,+,False,False,1,1902,1902,100.0,99.211,3430,0.0
GCA_019054645.1,Fusarium sporotrichioides,T-2/HT-2 *,TRI,TRI13,JAHKNS010000002.1,3583750,3585575,+,False,False,2,1764,1754,99.43310657596372,85.17248217317488,1800,0.0
GCA_019054645.1,Fusarium sporotrichioides,T-2/HT-2 *,TRI,TRI14,JAHKNS010000002.1,3581809,3582736,-,False,False,1,928,925,99.67672413793103,89.405,1166,0.0
GCA_019054645.1,Fusarium sporotrichioides,T-2/HT-2 *,TRI,TRI16,JAHKNS010000004.1,7436731,7438212,-,False,False,1,1482,1482,100.0,98.381,2604,0.0
GCA_019054645.1,Fusarium sporotrichioides,T-2/HT-2 *,TRI,TRI17,JAHKNS010000004.1,4054895,4055656,+,False,False,1,756,756,100.0,91.146,1026,0.0
GCA_019054645.1,Fusarium sporotrichioides,T-2/HT-2 *,TRI,TRI20,JAHKNS010000004.1,4043352,4044052,-,False,False,1,749,701,93.59145527369826,89.301,880,0.0
GCA_019054645.1,Fusarium sporotrichioides,T-2/HT-2 *,TRI,TRI21,JAHKNS010000004.1,4039896,4040689,+,False,False,1,827,794,96.00967351874245,93.199,1168,0.0
GCA_019054645.1,Fusarium sporotrichioides,T-2/HT-2 *,TRI,TRI22,JAHKNS010000002.1,4369172,4370980,+,False,False,3,1681,1679,99.88102320047591,92.30759349112425,2384,0.0
GCA_019054645.1,Fusarium sporotrichioides,T-2/HT-2 *,TRI,TRI4,JAHKNS010000002.1,3599688,3601430,+,False,False,3,1563,1311,83.87715930902111,88.5667599085366,1592,0.0
GCA_019054645.1,Fusarium sporotrichioides,T-2/HT-2 *,TRI,TRI5,JAHKNS010000002.1,3594425,3595609,-,False,False,1,1185,1185,100.0,98.228,2073,0.0
GCA_019054645.1,Fusarium sporotrichioides,T-2/HT-2 *,TRI,TRI6,JAHKNS010000002.1,3597911,3598564,-,False,False,1,657,657,100.0,92.085,922,0.0
GCA_019054645.1,Fusarium sporotrichioides,T-2/HT-2 *,TRI,TRI8,JAHKNS010000002.1,3606832,3608175,+,False,False,1,1344,1344,100.0,99.554,2449,0.0
GCA_019054645.1,Fusarium sporotrichioides,T-2/HT-2 *,TRI,TRI9,JAHKNS010000002.1,3591707,3591838,+,False,False,1,132,132,100.0,88.636,161,8.25e-40
GCA_019343145.1,Fusarium graminearum,15-ADON,TRI,TRI1,CP079833.1,287561,289267,+,False,False,4,1539,1539,100.0,97.01669066147859,2596,0.0
GCA_019343145.1,Fusarium graminearum,15-ADON,TRI,TRI10,CP079829.1,3596287,3597636,-,False,False,2,1263,1263,100.0,93.90313301662708,1904,0.0
GCA_019343145.1,Fusarium graminearum,15-ADON,TRI,TRI101,CP079829.1,4380100,4382565,-,False,False,1,2469,2467,99.91899554475496,98.744,4383,0.0
GCA_019343145.1,Fusarium graminearum,15-ADON,TRI,TRI11,CP079829.1,3592597,3594331,+,False,False,1,1722,1722,100.0,84.413,1685,0.0
GCA_019343145.1,Fusarium graminearum,15-ADON,TRI,TRI12,CP079829.1,3590064,3592039,+,False,False,3,1872,1872,100.0,99.19868376068375,3373,0.0
GCA_019343145.1,Fusarium graminearum,15-ADON,TRI,TRI14,CP079829.1,3585848,3587016,-,False,False,2,1116,1116,100.0,99.01616279069768,2005,0.0
GCA_019343145.1,Fusarium graminearum,15-ADON,TRI,TRI17,CP079831.1,3441677,3442432,-,False,False,1,756,756,100.0,99.074,1358,0.0
GCA_019343145.1,Fusarium graminearum,15-ADON,TRI,TRI20,CP079831.1,3454610,3455307,+,False,False,1,749,698,93.1909212283044,99.713,1279,0.0
GCA_019343145.1,Fusarium graminearum,15-ADON,TRI,TRI201,CP079829.1,4383806,4385123,-,False,False,2,1267,1267,100.0,98.73831309148265,2254,0.0
GCA_019343145.1,Fusarium graminearum,15-ADON,TRI,TRI21,CP079831.1,3457910,3458736,-,False,False,1,827,827,100.0,99.879,1522,0.0
GCA_019343145.1,Fusarium graminearum,15-ADON,TRI,TRI22,CP079829.1,4386671,4388345,+,False,False,1,1681,1681,100.0,99.34600000000002,3038,0.0
GCA_019343145.1,Fusarium graminearum,15-ADON,TRI,TRI3,CP079829.1,3607023,3608615,-,False,False,3,1554,1393,89.63963963963964,92.03170638908828,1959,0.0
GCA_019343145.1,Fusarium graminearum,15-ADON,TRI,TRI4,CP079829.1,3604159,3605901,+,False,False,4,1563,1563,100.0,97.1245284345048,2641,0.0
GCA_019343145.1,Fusarium graminearum,15-ADON,TRI,TRI5,CP079829.1,3598294,3599484,-,False,False,2,1128,1128,100.0,95.65610460992907,1813,0.0
GCA_019343145.1,Fusarium graminearum,15-ADON,TRI,TRI6,CP079829.1,3602345,3603001,-,False,False,1,657,657,100.0,96.804,1098,0.0
GCA_019343145.1,Fusarium graminearum,15-ADON,TRI,TRI8,CP079829.1,3611459,3612795,+,False,False,1,1338,1338,100.0,98.954,2392,0.0
GCA_019343145.1,Fusarium graminearum,15-ADON,TRI,TRI9,CP079829.1,3595557,3595685,+,False,False,1,132,130,98.48484848484848,97.692,222,3.56e-58
GCA_020991245.1,Fusarium graminearum,15-ADON,TRI,TRI1,CP087871.1,291505,293259,+,False,False,5,1539,1539,100.0,97.34282372002593,2625,0.0
GCA_020991245.1,Fusarium graminearum,15-ADON,TRI,TRI10,CP087872.1,5407706,5409058,+,False,False,2,1263,1263,100.0,93.91768799368089,1912,0.0
GCA_020991245.1,Fusarium graminearum,15-ADON,TRI,TRI101,CP087872.1,4630760,4633278,+,False,False,2,2469,2469,100.0,100.0,4564,0.0
GCA_020991245.1,Fusarium graminearum,15-ADON,TRI,TRI11,CP087872.1,5410953,5412693,-,False,False,1,1722,1722,100.0,84.162,1663,0.0
GCA_020991245.1,Fusarium graminearum,15-ADON,TRI,TRI12,CP087872.1,5413251,5415227,-,False,False,3,1872,1872,100.0,100.0,3459,0.0
GCA_020991245.1,Fusarium graminearum,15-ADON,TRI,TRI14,CP087872.1,5418308,5419477,+,False,False,2,1116,1116,100.0,100.0,2066,0.0
GCA_020991245.1,Fusarium graminearum,15-ADON,TRI,TRI17,CP087873.1,3547259,3548014,-,False,False,1,756,756,100.0,100.0,1397,0.0
GCA_020991245.1,Fusarium graminearum,15-ADON,TRI,TRI20,CP087873.1,3560333,3561033,+,False,False,1,749,701,93.59145527369826,100.0,1295,0.0
GCA_020991245.1,Fusarium graminearum,15-ADON,TRI,TRI201,CP087872.1,4628036,4629405,+,False,False,3,1267,1267,100.0,100.0,2346,0.0
GCA_020991245.1,Fusarium graminearum,15-ADON,TRI,TRI21,CP087873.1,3563646,3564439,-,False,False,1,827,794,96.00967351874245,100.0,1467,0.0
GCA_020991245.1,Fusarium graminearum,15-ADON,TRI,TRI22,CP087872.1,4624670,4626488,-,False,False,3,1681,1681,100.0,100.0,3113,0.0
GCA_020991245.1,Fusarium graminearum,15-ADON,TRI,TRI3,CP087872.1,5396677,5398444,+,False,False,4,1554,1517,97.61904761904762,92.33303014416775,2172,0.0
GCA_020991245.1,Fusarium graminearum,15-ADON,TRI,TRI4,CP087872.1,5399398,5401139,-,False,False,4,1563,1563,100.0,100.0,2892,0.0
GCA_020991245.1,Fusarium graminearum,15-ADON,TRI,TRI5,CP087872.1,5405852,5407038,+,False,False,2,1128,1128,100.0,100.0,2085,0.0
GCA_020991245.1,Fusarium graminearum,15-ADON,TRI,TRI6,CP087872.1,5402308,5402964,+,False,False,1,657,657,100.0,96.499,1086,0.0
GCA_020991245.1,Fusarium graminearum,15-ADON,TRI,TRI8,CP087872.1,5392461,5393798,-,False,False,1,1338,1338,100.0,100.0,2471,0.0
GCA_020991245.1,Fusarium graminearum,15-ADON,TRI,TRI9,CP087872.1,5409654,5409785,-,False,False,1,132,132,100.0,100.0,244,7.98e-65
GCA_025258505.1,Fusarium asiaticum,NIV,TRI,TRI1,CP088257.1,438493,440246,+,False,False,5,1539,1539,100.0,97.53738107582632,2642,0.0
GCA_025258505.1,Fusarium asiaticum,NIV,TRI,TRI10,CP088258.1,5473983,5475329,+,False,False,2,1263,1263,100.0,93.91768799368089,1912,0.0
GCA_025258505.1,Fusarium asiaticum,NIV,TRI,TRI101,CP088258.1,4701735,4704251,+,False,False,2,2469,2467,99.91899554475496,97.1645860672337,4173,0.0
GCA_025258505.1,Fusarium asiaticum,NIV,TRI,TRI11,CP088258.1,5477301,5479041,-,False,False,1,1722,1722,100.0,84.677,1712,0.0
GCA_025258505.1,Fusarium asiaticum,NIV,TRI,TRI12,CP088258.1,5479658,5481594,-,False,False,3,1797,1797,100.0,91.94890560799556,2521,0.0
GCA_025258505.1,Fusarium asiaticum,NIV,TRI,TRI14,CP088258.1,5484939,5486107,+,False,False,2,1116,1116,100.0,99.55284794275491,2038,0.0
GCA_025258505.1,Fusarium asiaticum,NIV,TRI,TRI17,CP088259.1,3579909,3580665,-,False,False,1,756,756,100.0,99.604,1380,0.0
GCA_025258505.1,Fusarium asiaticum,NIV,TRI,TRI20,CP088259.1,3592957,3593654,+,False,False,1,749,698,93.1909212283044,99.427,1267,0.0
GCA_025258505.1,Fusarium asiaticum,NIV,TRI,TRI201,CP088258.1,4699000,4700369,+,False,False,3,1267,1267,100.0,99.29061780929867,2295,0.0
GCA_025258505.1,Fusarium asiaticum,NIV,TRI,TRI21,CP088259.1,3596271,3597064,-,False,False,1,827,794,96.00967351874245,99.118,1428,0.0
GCA_025258505.1,Fusarium asiaticum,NIV,TRI,TRI22,CP088258.1,4695646,4697458,-,False,False,3,1681,1681,100.0,98.99096023738873,3014,0.0
GCA_025258505.1,Fusarium asiaticum,NIV,TRI,TRI3,CP088258.1,5462694,5464456,+,False,False,4,1554,1519,97.74774774774775,91.20498110749186,2087,0.0
GCA_025258505.1,Fusarium asiaticum,NIV,TRI,TRI4,CP088258.1,5465622,5467363,-,False,False,4,1563,1563,100.0,96.872842373963,2621,0.0
GCA_025258505.1,Fusarium asiaticum,NIV,TRI,TRI5,CP088258.1,5472125,5473304,+,False,False,2,1128,1128,100.0,94.94688120567375,1768,0.0
GCA_025258505.1,Fusarium asiaticum,NIV,TRI,TRI6,CP088258.1,5468534,5469190,+,False,False,1,657,657,100.0,95.897,1064,0.0
GCA_025258505.1,Fusarium asiaticum,NIV,TRI,TRI7,CP088258.1,5460472,5461894,+,False,False,2,1398,1378,98.56938483547926,81.34509110629067,1111,0.0
GCA_025258505.1,Fusarium asiaticum,NIV,TRI,TRI8,CP088258.1,5458486,5459820,-,False,False,1,1338,1338,100.0,88.042,1581,0.0
GCA_025258505.1,Fusarium asiaticum,NIV,TRI,TRI9,CP088258.1,5475928,5476059,-,False,False,1,132,132,100.0,99.242,239,3.74e-63
GCA_032355295.1,Fusarium meridionale,NIV,TRI,TRI1,CP126884.1,312406,314158,+,False,False,5,1539,1539,100.0,97.86119896305897,2670,0.0
GCA_032355295.1,Fusarium meridionale,NIV,TRI,TRI10,CP126885.1,5517836,5519185,+,False,False,2,1263,1252,99.12905779889152,94.56905591054313,1937,0.0
GCA_032355295.1,Fusarium meridionale,NIV,TRI,TRI101,CP126885.1,4702023,4704539,+,False,False,2,2469,2467,99.91899554475496,97.28608748481167,4189,0.0
GCA_032355295.1,Fusarium meridionale,NIV,TRI,TRI11,CP126885.1,5521142,5522879,-,False,False,1,1722,1720,99.88385598141696,84.668,1709,0.0
GCA_032355295.1,Fusarium meridionale,NIV,TRI,TRI12,CP126885.1,5523473,5525430,-,False,False,3,1797,1797,100.0,91.72674847307053,2499,0.0
GCA_032355295.1,Fusarium meridionale,NIV,TRI,TRI14,CP126885.1,5528778,5529946,+,False,False,2,1116,1116,100.0,99.5524686940966,2038,0.0
GCA_032355295.1,Fusarium meridionale,NIV,TRI,TRI17,CP126886.1,3595461,3596216,-,False,False,1,756,756,100.0,99.60300000000001,1380,0.0
GCA_032355295.1,Fusarium meridionale,NIV,TRI,TRI20,CP126886.1,3608499,3609196,+,False,False,1,749,698,93.1909212283044,98.854,1245,0.0
GCA_032355295.1,Fusarium meridionale,NIV,TRI,TRI201,CP126885.1,4699288,4700657,+,False,False,3,1267,1267,100.0,98.89659653270292,2268,0.0
GCA_032355295.1,Fusarium meridionale,NIV,TRI,TRI21,CP126886.1,3611808,3612601,-,False,False,1,827,794,96.00967351874245,99.37,1439,0.0
GCA_032355295.1,Fusarium meridionale,NIV,TRI,TRI22,CP126885.1,4695925,4697740,-,False,False,3,1681,1681,100.0,99.28776379821959,3043,0.0
GCA_032355295.1,Fusarium meridionale,NIV,TRI,TRI3,CP126885.1,5506552,5508314,+,False,False,4,1554,1519,97.74774774774775,91.36094960732983,2093,0.0
GCA_032355295.1,Fusarium meridionale,NIV,TRI,TRI4,CP126885.1,5509486,5511229,-,False,False,4,1563,1563,100.0,97.443896485623,2670,0.0
GCA_032355295.1,Fusarium meridionale,NIV,TRI,TRI5,CP126885.1,5515989,5517168,+,False,False,2,1128,1128,100.0,95.30160638297872,1791,0.0
GCA_032355295.1,Fusarium meridionale,NIV,TRI,TRI6,CP126885.1,5512406,5513062,+,False,False,1,657,657,100.0,96.049,1070,0.0
GCA_032355295.1,Fusarium meridionale,NIV,TRI,TRI7,CP126885.1,5504332,5505754,+,False,False,2,1398,1378,98.56938483547926,81.14148554913294,1095,0.0
GCA_032355295.1,Fusarium meridionale,NIV,TRI,TRI8,CP126885.1,5502351,5503685,-,False,False,1,1338,1338,100.0,88.49,1615,0.0
GCA_032355295.1,Fusarium meridionale,NIV,TRI,TRI9,CP126885.1,5519781,5519912,-,False,False,1,132,132,100.0,99.242,239,3.62e-63
GCA_037074405.1,Fusarium graminearum,15-ADON,TRI,TRI1,CM073624.1,356462,358216,+,False,False,5,1539,1539,100.0,97.2133357096565,2614,0.0
GCA_037074405.1,Fusarium graminearum,15-ADON,TRI,TRI10,CM073625.1,5474816,5476168,+,False,False,2,1263,1263,100.0,93.91768799368089,1912,0.0
GCA_037074405.1,Fusarium graminearum,15-ADON,TRI,TRI101,CM073625.1,4675191,4677709,+,False,False,2,2469,2469,100.0,99.59511614730879,4509,0.0
GCA_037074405.1,Fusarium graminearum,15-ADON,TRI,TRI11,CM073625.1,5478062,5479802,-,False,False,1,1722,1722,100.0,84.162,1663,0.0
GCA_037074405.1,Fusarium graminearum,15-ADON,TRI,TRI12,CM073625.1,5480360,5482336,-,False,False,3,1872,1872,100.0,99.9466923076923,3454,0.0
GCA_037074405.1,Fusarium graminearum,15-ADON,TRI,TRI14,CM073625.1,5485417,5486586,+,False,False,2,1116,1116,100.0,100.0,2066,0.0
GCA_037074405.1,Fusarium graminearum,15-ADON,TRI,TRI17,CM073626.1,3559675,3560430,-,False,False,1,756,756,100.0,99.868,1391,0.0
GCA_037074405.1,Fusarium graminearum,15-ADON,TRI,TRI20,CM073626.1,3572746,3573446,+,False,False,1,749,701,93.59145527369826,99.857,1290,0.0
GCA_037074405.1,Fusarium graminearum,15-ADON,TRI,TRI201,CM073625.1,4672467,4673836,+,False,False,3,1267,1267,100.0,99.6060646178093,2318,0.0
GCA_037074405.1,Fusarium graminearum,15-ADON,TRI,TRI21,CM073626.1,3576060,3576853,-,False,False,1,827,794,96.00967351874245,99.74799999999999,1456,0.0
GCA_037074405.1,Fusarium graminearum,15-ADON,TRI,TRI22,CM073625.1,4669101,4670919,-,False,False,3,1681,1681,100.0,100.0,3113,0.0
GCA_037074405.1,Fusarium graminearum,15-ADON,TRI,TRI3,CM073625.1,5463787,5465554,+,False,False,4,1554,1517,97.61904761904762,92.33303014416775,2172,0.0
GCA_037074405.1,Fusarium graminearum,15-ADON,TRI,TRI4,CM073625.1,5466508,5468249,-,False,False,4,1563,1563,100.0,100.0,2892,0.0
GCA_037074405.1,Fusarium graminearum,15-ADON,TRI,TRI5,CM073625.1,5472962,5474148,+,False,False,2,1128,1128,100.0,100.0,2085,0.0
GCA_037074405.1,Fusarium graminearum,15-ADON,TRI,TRI6,CM073625.1,5469418,5470074,+,False,False,1,657,657,100.0,96.499,1086,0.0
GCA_037074405.1,Fusarium graminearum,15-ADON,TRI,TRI8,CM073625.1,5459538,5460875,-,False,False,1,1338,1338,100.0,100.0,2471,0.0
GCA_037074405.1,Fusarium graminearum,15-ADON,TRI,TRI9,CM073625.1,5476764,5476895,-,False,False,1,132,132,100.0,100.0,244,7.85e-65
GCA_037213105.1,Fusarium graminearum,3-ADON,TRI,TRI1,CP147677.1,336530,338284,+,False,False,5,1539,1539,100.0,97.34286260531431,2625,0.0
GCA_037213105.1,Fusarium graminearum,3-ADON,TRI,TRI10,CP147678.1,5398082,5399434,+,False,False,2,1263,1263,100.0,93.60227883096366,1890,0.0
GCA_037213105.1,Fusarium graminearum,3-ADON,TRI,TRI101,CP147678.1,4633896,4636414,+,False,False,2,2469,2469,100.0,99.59532335087009,4509,0.0
GCA_037213105.1,Fusarium graminearum,3-ADON,TRI,TRI11,CP147678.1,5401345,5403097,-,False,False,1,1722,1722,100.0,83.011,1552,0.0
GCA_037213105.1,Fusarium graminearum,3-ADON,TRI,TRI12,CP147678.1,5403649,5405629,-,False,False,3,1797,1781,99.10962715637173,95.06191470258136,2803,0.0
GCA_037213105.1,Fusarium graminearum,3-ADON,TRI,TRI14,CP147678.1,5408704,5409873,+,False,False,2,1116,1116,100.0,99.91016100178891,2060,0.0
GCA_037213105.1,Fusarium graminearum,3-ADON,TRI,TRI17,CP147679.1,3676970,3677725,-,False,False,1,756,756,100.0,100.0,1397,0.0
GCA_037213105.1,Fusarium graminearum,3-ADON,TRI,TRI20,CP147679.1,3690019,3690719,+,False,False,1,749,701,93.59145527369826,100.0,1295,0.0
GCA_037213105.1,Fusarium graminearum,3-ADON,TRI,TRI201,CP147678.1,4631169,4632538,+,False,False,3,1267,1267,100.0,99.68455634357761,2323,0.0
GCA_037213105.1,Fusarium graminearum,3-ADON,TRI,TRI21,CP147679.1,3693335,3694128,-,False,False,1,827,794,96.00967351874245,100.0,1467,0.0
GCA_037213105.1,Fusarium graminearum,3-ADON,TRI,TRI22,CP147678.1,4627805,4629621,-,False,False,3,1681,1681,100.0,99.7626824925816,3089,0.0
GCA_037213105.1,Fusarium graminearum,3-ADON,TRI,TRI3,CP147678.1,5387050,5388817,+,False,False,4,1554,1518,97.68339768339769,95.43364187866929,2444,0.0
GCA_037213105.1,Fusarium graminearum,3-ADON,TRI,TRI4,CP147678.1,5389774,5391515,-,False,False,4,1563,1563,100.0,99.87222875399361,2881,0.0
GCA_037213105.1,Fusarium graminearum,3-ADON,TRI,TRI5,CP147678.1,5396227,5397414,+,False,False,2,1128,1128,100.0,96.45386968085106,1863,0.0
GCA_037213105.1,Fusarium graminearum,3-ADON,TRI,TRI6,CP147678.1,5392684,5393340,+,False,False,1,657,657,100.0,96.651,1092,0.0
GCA_037213105.1,Fusarium graminearum,3-ADON,TRI,TRI8,CP147678.1,5385139,5386437,-,False,False,1,1299,1299,100.0,97.383,2211,0.0
GCA_037213105.1,Fusarium graminearum,3-ADON,TRI,TRI9,CP147678.1,5400035,5400164,-,False,False,1,132,130,98.48484848484848,99.231,235,4.7e-62
GCA_037255895.1,Fusarium graminearum,15-ADON,TRI,TRI1,CP147672.1,347881,349634,+,False,False,5,1539,1539,100.0,97.27798250162022,2620,0.0
GCA_037255895.1,Fusarium graminearum,15-ADON,TRI,TRI10,CP147673.1,5454375,5455727,+,False,False,2,1263,1263,100.0,93.83851658767773,1907,0.0
GCA_037255895.1,Fusarium graminearum,15-ADON,TRI,TRI101,CP147673.1,4682767,4685285,+,False,False,2,2469,2469,100.0,99.59492391744234,4509,0.0
GCA_037255895.1,Fusarium graminearum,15-ADON,TRI,TRI11,CP147673.1,5457611,5459351,-,False,False,1,1722,1722,100.0,84.057,1652,0.0
GCA_037255895.1,Fusarium graminearum,15-ADON,TRI,TRI12,CP147673.1,5459909,5461885,-,False,False,3,1872,1872,100.0,99.89341506410257,3449,0.0
GCA_037255895.1,Fusarium graminearum,15-ADON,TRI,TRI14,CP147673.1,5464976,5466144,+,False,False,2,1116,1116,100.0,97.85301431127013,1933,0.0
GCA_037255895.1,Fusarium graminearum,15-ADON,TRI,TRI17,CP147675.1,3555354,3556109,-,False,False,1,756,756,100.0,99.471,1375,0.0
GCA_037255895.1,Fusarium graminearum,15-ADON,TRI,TRI20,CP147675.1,3568421,3569121,+,False,False,1,749,701,93.59145527369826,100.0,1295,0.0
GCA_037255895.1,Fusarium graminearum,15-ADON,TRI,TRI201,CP147673.1,4680040,4681409,+,False,False,3,1267,1267,100.0,99.36943104806934,2301,0.0
GCA_037255895.1,Fusarium graminearum,15-ADON,TRI,TRI21,CP147675.1,3571748,3572541,-,False,False,1,827,794,96.00967351874245,99.622,1450,0.0
GCA_037255895.1,Fusarium graminearum,15-ADON,TRI,TRI22,CP147673.1,4676674,4678492,-,False,False,3,1681,1681,100.0,99.82229198813057,3097,0.0
GCA_037255895.1,Fusarium graminearum,15-ADON,TRI,TRI3,CP147673.1,5443357,5445120,+,False,False,4,1554,1517,97.61904761904762,92.26717431192661,2167,0.0
GCA_037255895.1,Fusarium graminearum,15-ADON,TRI,TRI4,CP147673.1,5446074,5447815,-,False,False,4,1563,1563,100.0,99.93580575079874,2887,0.0
GCA_037255895.1,Fusarium graminearum,15-ADON,TRI,TRI5,CP147673.1,5452521,5453707,+,False,False,2,1128,1128,100.0,100.0,2085,0.0
GCA_037255895.1,Fusarium graminearum,15-ADON,TRI,TRI6,CP147673.1,5448984,5449640,+,False,False,1,657,657,100.0,96.499,1086,0.0
GCA_037255895.1,Fusarium graminearum,15-ADON,TRI,TRI8,CP147673.1,5439173,5440510,-,False,False,1,1338,1338,100.0,99.776,2455,0.0
GCA_037255895.1,Fusarium graminearum,15-ADON,TRI,TRI9,CP147673.1,5456323,5456454,-,False,False,1,132,132,100.0,100.0,244,7.74e-65
GCA_038181435.1,Fusarium acuminatum,Not reported ,TRI ,TRI101,CP151266.1,434184,436488,+,False,False,2,2469,2278,92.26407452409883,84.25883165719283,2191,0.0
GCA_038181435.1,Fusarium acuminatum,Not reported ,TRI ,TRI21,CP151263.1,864807,865603,+,False,False,1,827,794,96.00967351874245,80.893,616,1.33e-175
GCA_038181435.1,Fusarium acuminatum,Not reported ,TRI ,TRI22,CP151266.1,428026,429753,-,False,False,3,1681,1550,92.20701963117193,87.00095752895754,1751,0.0
GCA_041870755.1,Fusarium sambucinum,T-2/HT-2 *,TRI,TRI10,CP167250.1,3742016,3743355,-,False,False,2,1263,1263,100.0,91.85741501976285,1766,0.0
GCA_041870755.1,Fusarium sambucinum,T-2/HT-2 *,TRI,TRI101,CP167250.1,4490950,4493449,+,False,False,2,2469,2467,99.91899554475496,90.90193732308936,3299,0.0
GCA_041870755.1,Fusarium sambucinum,T-2/HT-2 *,TRI,TRI11,CP167250.1,3738467,3740191,+,False,False,1,1722,1722,100.0,86.848,1925,0.0
GCA_041870755.1,Fusarium sambucinum,T-2/HT-2 *,TRI,TRI12,CP167250.1,3735991,3737890,+,False,False,1,1902,1902,100.0,81.751,1580,0.0
GCA_041870755.1,Fusarium sambucinum,T-2/HT-2 *,TRI,TRI13,CP167250.1,3733427,3735251,+,False,False,2,1764,1764,100.0,90.71357078142695,2354,0.0
GCA_041870755.1,Fusarium sambucinum,T-2/HT-2 *,TRI,TRI14,CP167250.1,3731431,3732356,-,False,False,1,928,926,99.78448275862068,92.549,1328,0.0
GCA_041870755.1,Fusarium sambucinum,T-2/HT-2 *,TRI,TRI16,CP167249.1,62720,63945,-,False,False,1,1482,1226,82.72604588394063,88.427,1478,0.0
GCA_041870755.1,Fusarium sambucinum,T-2/HT-2 *,TRI,TRI17,CP167251.1,3918855,3919606,-,False,False,1,756,756,100.0,92.19599999999998,1066,0.0
GCA_041870755.1,Fusarium sambucinum,T-2/HT-2 *,TRI,TRI20,CP167251.1,3930532,3931229,+,False,False,1,749,698,93.1909212283044,87.268,797,0.0
GCA_041870755.1,Fusarium sambucinum,T-2/HT-2 *,TRI,TRI201,CP167250.1,4488242,4489610,+,False,False,3,1267,1266,99.92107340173638,90.82341019607843,1692,0.0
GCA_041870755.1,Fusarium sambucinum,T-2/HT-2 *,TRI,TRI21,CP167251.1,3933780,3934573,-,False,False,1,827,794,96.00967351874245,92.065,1118,0.0
GCA_041870755.1,Fusarium sambucinum,T-2/HT-2 *,TRI,TRI22,CP167250.1,4484939,4486730,-,False,False,3,1681,1678,99.82153480071386,92.34430801186944,2379,0.0
GCA_041870755.1,Fusarium sambucinum,T-2/HT-2 *,TRI,TRI3,CP167250.1,3752439,3754206,-,False,False,3,1560,1386,88.84615384615384,91.34808579668348,1896,0.0
GCA_041870755.1,Fusarium sambucinum,T-2/HT-2 *,TRI,TRI4,CP167250.1,3749828,3751568,+,False,False,4,1563,1563,100.0,92.79799681325686,2274,0.0
GCA_041870755.1,Fusarium sambucinum,T-2/HT-2 *,TRI,TRI5,CP167250.1,3744006,3745199,-,False,False,2,1134,1134,100.0,93.29782098765432,1675,0.0
GCA_041870755.1,Fusarium sambucinum,T-2/HT-2 *,TRI,TRI6,CP167250.1,3748027,3748713,-,False,False,1,693,693,100.0,93.362,1020,0.0
GCA_041870755.1,Fusarium sambucinum,T-2/HT-2 *,TRI,TRI7,CP167250.1,3755092,3756507,-,False,False,2,1398,1366,97.71101573676681,91.81270175438596,1907,0.0
GCA_041870755.1,Fusarium sambucinum,T-2/HT-2 *,TRI,TRI8,CP167250.1,3757184,3758527,+,False,False,1,1341,1341,100.0,91.295,1831,0.0
GCA_041870755.1,Fusarium sambucinum,T-2/HT-2 *,TRI,TRI9,CP167250.1,3741271,3741402,+,False,False,1,132,132,100.0,96.212,217,1.76e-56
GCA_046056315.1,Fusarium poae,NIV,TRI,TRI1,CM100254.1,60588,62349,-,False,False,5,1536,1536,100.0,99.80702316602317,2854,0.0
GCA_046056315.1,Fusarium poae,NIV,TRI,TRI10,CM100255.1,5869648,5870987,+,False,False,2,1263,1263,100.0,100.0,2338,0.0
GCA_046056315.1,Fusarium poae,NIV,TRI,TRI101,CM100255.1,5063647,5066169,+,False,False,2,2469,2467,99.91899554475496,90.99360056542812,3330,0.0
GCA_046056315.1,Fusarium poae,NIV,TRI,TRI11,CM100255.1,5872858,5874590,-,False,False,1,1722,1722,100.0,86.11,1855,0.0
GCA_046056315.1,Fusarium poae,NIV,TRI,TRI12,CM100255.1,5875209,5877116,-,False,False,3,1800,1799,99.94444444444444,99.94455388888888,3321,0.0
GCA_046056315.1,Fusarium poae,NIV,TRI,TRI13,CM100255.1,5877839,5879663,-,False,False,2,1764,1764,100.0,100.0,3262,0.0
GCA_046056315.1,Fusarium poae,NIV,TRI,TRI14,CM100255.1,5880735,5881662,+,False,False,1,928,928,100.0,100.0,1714,0.0
GCA_046056315.1,Fusarium poae,NIV,TRI,TRI17,CM100256.1,3658198,3658952,-,False,False,1,756,741,98.01587301587301,89.68299999999999,950,0.0
GCA_046056315.1,Fusarium poae,NIV,TRI,TRI20,CM100256.1,3669525,3670225,+,False,False,1,749,698,93.1909212283044,87.179,793,0.0
GCA_046056315.1,Fusarium poae,NIV,TRI,TRI21,CM100256.1,3672799,3673592,-,False,False,1,827,794,96.00967351874245,91.688,1101,0.0
GCA_046056315.1,Fusarium poae,NIV,TRI,TRI22,CM100255.1,5057710,5059397,-,False,False,3,1681,1557,92.62343842950625,93.08129404228059,2285,0.0
GCA_046056315.1,Fusarium poae,NIV,TRI,TRI3,CM100255.1,5856451,5858230,+,False,False,4,1560,1529,98.01282051282051,99.93469562377531,2822,0.0
GCA_046056315.1,Fusarium poae,NIV,TRI,TRI4,CM100255.1,5859107,5860848,-,False,False,4,1563,1563,100.0,99.93621159974506,2894,0.0
GCA_046056315.1,Fusarium poae,NIV,TRI,TRI5,CM100255.1,5867757,5868950,+,False,False,2,1134,1134,100.0,100.0,2096,0.0
GCA_046056315.1,Fusarium poae,NIV,TRI,TRI6,CM100255.1,5862027,5862695,+,True,True,1,693,693,100.0,96.537,1125,0.0
GCA_046056315.1,Fusarium poae,NIV,TRI,TRI6,CM100258.1,1112374,1113054,+,True,True,1,693,687,99.13419913419914,93.013,998,0.0
GCA_046056315.1,Fusarium poae,NIV,TRI,TRI7,CM100255.1,5853488,5854933,+,False,False,2,1398,1398,100.0,100.0,2587,0.0
GCA_046056315.1,Fusarium poae,NIV,TRI,TRI8,CM100255.1,5851507,5852847,-,False,False,1,1341,1341,100.0,100.0,2477,0.0
GCA_046056315.1,Fusarium poae,NIV,TRI,TRI9,CM100255.1,5871595,5871726,-,False,False,1,132,132,100.0,100.0,244,9.45e-65
GCA_047716405.1,Fusarium chlamydosporum,Not reported ,TRI,TRI101,JBLAUX010000001.1,1391522,1394039,+,False,False,2,2469,2467,99.91899554475496,86.84965832997177,2755,0.0
GCA_047716405.1,Fusarium chlamydosporum,Not reported ,TRI,TRI17,JBLAUX010000012.1,828281,829013,+,False,False,1,756,733,96.95767195767195,81.092,568,2.7800000000000002e-161
GCA_047716405.1,Fusarium chlamydosporum,Not reported ,TRI,TRI21,JBLAUX010000012.1,812763,813556,+,False,False,1,827,794,96.00967351874245,86.776,885,0.0
GCA_047716405.1,Fusarium chlamydosporum,Not reported ,TRI,TRI22,JBLAUX010000001.1,1385523,1387261,-,False,False,3,1681,1566,93.15883402736466,90.1690688791484,2074,0.0
GCA_050859235.1,Fusarium tricinctum,NP,TRI ,TRI101,CM116345.1,495224,497528,+,False,False,2,2469,2278,92.26407452409883,84.39014997813729,2208,0.0
GCA_050859235.1,Fusarium tricinctum,NP,TRI ,TRI21,CM116341.1,4178607,4179403,-,False,False,1,827,794,96.00967351874245,80.841,610,6.11e-174
GCA_050859235.1,Fusarium tricinctum,NP,TRI ,TRI22,CM116345.1,489065,490588,-,False,False,2,1681,1401,83.34324806662701,87.25044230769231,1601,0.0
GCA_050916195.1,Fusarium asiaticum,3-ADON,TRI,TRI1,CP099494.1,436937,438690,+,False,False,5,1539,1539,100.0,97.53738107582632,2642,0.0
GCA_050916195.1,Fusarium asiaticum,3-ADON,TRI,TRI10,CP099493.1,5467221,5468588,+,False,False,2,1263,1258,99.60411718131434,93.3389516256939,1865,0.0
GCA_050916195.1,Fusarium asiaticum,3-ADON,TRI,TRI101,CP099493.1,4699568,4702084,+,False,False,2,2469,2467,99.91899554475496,97.20496395301743,4178,0.0
GCA_050916195.1,Fusarium asiaticum,3-ADON,TRI,TRI11,CP099493.1,5470600,5472336,-,False,False,1,1722,1722,100.0,84.268,1670,0.0
GCA_050916195.1,Fusarium asiaticum,3-ADON,TRI,TRI12,CP099493.1,5472902,5474883,-,False,False,3,1797,1797,100.0,95.82854949944382,2906,0.0
GCA_050916195.1,Fusarium asiaticum,3-ADON,TRI,TRI14,CP099493.1,5478035,5479208,+,False,False,2,1116,1116,100.0,99.10516994633274,2010,0.0
GCA_050916195.1,Fusarium asiaticum,3-ADON,TRI,TRI17,CP099492.1,3676953,3677709,-,False,False,1,756,756,100.0,99.604,1380,0.0
GCA_050916195.1,Fusarium asiaticum,3-ADON,TRI,TRI20,CP099492.1,3690001,3690698,+,False,False,1,749,698,93.1909212283044,99.427,1267,0.0
GCA_050916195.1,Fusarium asiaticum,3-ADON,TRI,TRI201,CP099493.1,4696833,4698202,+,False,False,3,1267,1267,100.0,99.29061780929867,2295,0.0
GCA_050916195.1,Fusarium asiaticum,3-ADON,TRI,TRI21,CP099492.1,3693315,3694108,-,False,False,1,827,794,96.00967351874245,99.118,1428,0.0
GCA_050916195.1,Fusarium asiaticum,3-ADON,TRI,TRI22,CP099493.1,4693479,4695291,-,False,False,3,1681,1681,100.0,98.99096023738873,3014,0.0
GCA_050916195.1,Fusarium asiaticum,3-ADON,TRI,TRI3,CP099493.1,5456103,5457871,+,False,False,4,1554,1519,97.74774774774775,97.58787353324642,2629,0.0
GCA_050916195.1,Fusarium asiaticum,3-ADON,TRI,TRI4,CP099493.1,5458827,5460570,-,False,False,4,1563,1563,100.0,97.19052873563217,2648,0.0
GCA_050916195.1,Fusarium asiaticum,3-ADON,TRI,TRI5,CP099493.1,5465325,5466513,+,False,False,2,1128,1128,100.0,95.1240815602837,1779,0.0
GCA_050916195.1,Fusarium asiaticum,3-ADON,TRI,TRI6,CP099493.1,5461745,5462401,+,False,False,1,657,657,100.0,98.326,1153,0.0
GCA_050916195.1,Fusarium asiaticum,3-ADON,TRI,TRI8,CP099493.1,5454195,5455493,-,False,False,1,1299,1299,100.0,97.691,2233,0.0
GCA_050916195.1,Fusarium asiaticum,3-ADON,TRI,TRI9,CP099493.1,5469195,5469326,-,False,False,1,132,132,100.0,97.727,228,8.12e-60
GCA_051903665.1,Fusarium graminearum,Not reported ,TRI,TRI1,CM122890.1,345129,346881,+,False,False,5,1539,1539,100.0,97.86119896305897,2670,0.0
GCA_051903665.1,Fusarium graminearum,Not reported ,TRI,TRI10,CM122891.1,5512752,5514101,+,False,False,2,1263,1252,99.12905779889152,94.56905591054313,1937,0.0
GCA_051903665.1,Fusarium graminearum,Not reported ,TRI,TRI101,CM122891.1,4697183,4699699,+,False,False,2,2469,2467,99.91899554475496,97.28608748481167,4189,0.0
GCA_051903665.1,Fusarium graminearum,Not reported ,TRI,TRI11,CM122891.1,5516058,5517795,-,False,False,1,1722,1720,99.88385598141696,84.668,1709,0.0
GCA_051903665.1,Fusarium graminearum,Not reported ,TRI,TRI12,CM122891.1,5518389,5520346,-,False,False,3,1797,1797,100.0,91.72674847307053,2499,0.0
GCA_051903665.1,Fusarium graminearum,Not reported ,TRI,TRI14,CM122891.1,5523694,5524862,+,False,False,2,1116,1116,100.0,99.5524686940966,2038,0.0
GCA_051903665.1,Fusarium graminearum,Not reported ,TRI,TRI17,CM122893.1,4332706,4333461,+,False,False,1,756,756,100.0,99.60300000000001,1380,0.0
GCA_051903665.1,Fusarium graminearum,Not reported ,TRI,TRI20,CM122893.1,4319715,4320415,-,False,False,1,749,701,93.59145527369826,98.573,1240,0.0
GCA_051903665.1,Fusarium graminearum,Not reported ,TRI,TRI201,CM122891.1,4694448,4695817,+,False,False,3,1267,1267,100.0,98.97561150512215,2273,0.0
GCA_051903665.1,Fusarium graminearum,Not reported ,TRI,TRI21,CM122893.1,4316313,4317106,+,False,False,1,827,794,96.00967351874245,99.37,1439,0.0
GCA_051903665.1,Fusarium graminearum,Not reported ,TRI,TRI22,CM122891.1,4691085,4692900,-,False,False,3,1681,1681,100.0,99.28776379821959,3043,0.0
GCA_051903665.1,Fusarium graminearum,Not reported ,TRI,TRI3,CM122891.1,5501468,5503230,+,False,False,4,1554,1519,97.74774774774775,91.36094960732983,2093,0.0
GCA_051903665.1,Fusarium graminearum,Not reported ,TRI,TRI4,CM122891.1,5504402,5506145,-,False,False,4,1563,1563,100.0,97.443896485623,2670,0.0
GCA_051903665.1,Fusarium graminearum,Not reported ,TRI,TRI5,CM122891.1,5510905,5512084,+,False,False,2,1128,1128,100.0,95.30160638297872,1791,0.0
GCA_051903665.1,Fusarium graminearum,Not reported ,TRI,TRI6,CM122891.1,5507322,5507978,+,False,False,1,657,657,100.0,96.049,1070,0.0
GCA_051903665.1,Fusarium graminearum,Not reported ,TRI,TRI7,CM122891.1,5499248,5500670,+,False,False,2,1398,1378,98.56938483547926,81.14148554913294,1095,0.0
GCA_051903665.1,Fusarium graminearum,Not reported ,TRI,TRI8,CM122891.1,5497267,5498601,-,False,False,1,1338,1338,100.0,88.49,1615,0.0
GCA_051903665.1,Fusarium graminearum,Not reported ,TRI,TRI9,CM122891.1,5514697,5514828,-,False,False,1,132,132,100.0,99.242,239,3.62e-63
GCA_052857265.1,Fusarium equiseti,Not reported ,TRI,TRI101,JAOANM010000002.1,474019,476350,+,False,False,2,2469,2289,92.70959902794654,88.26347294938917,2734,0.0
GCA_052857265.1,Fusarium equiseti,Not reported ,TRI,TRI21,JAOANM010000017.1,469098,469894,-,False,False,1,827,794,96.00967351874245,84.442,782,0.0
GCA_052857265.1,Fusarium equiseti,Not reported ,TRI,TRI22,JAOANM010000002.1,467973,469421,-,False,False,2,1681,1401,83.34324806662701,88.38992592592594,1691,0.0
GCA_052857265.1,Fusarium equiseti,Not reported ,TRI,TRI5,JAOANM010000002.1,1672703,1673879,+,False,False,2,1128,1114,98.75886524822694,79.99976412556053,819,7.120000000000001e-124
GCA_054553065.1,Fusarium cerealis,NIV,TRI,TRI1,CM137277.1,11550678,11552431,-,False,False,5,1539,1539,100.0,97.80069081500648,2671,0.0
GCA_054553065.1,Fusarium cerealis,NIV,TRI,TRI10,CM137278.1,3527112,3528461,-,False,False,2,1263,1252,99.12905779889152,94.80822444089456,1953,0.0
GCA_054553065.1,Fusarium cerealis,NIV,TRI,TRI101,CM137278.1,4308764,4311281,-,False,False,2,2469,2467,99.91899554475496,97.32795384615386,4195,0.0
GCA_054553065.1,Fusarium cerealis,NIV,TRI,TRI11,CM137278.1,3523396,3525137,+,False,False,1,1722,1722,100.0,85.003,1748,0.0
GCA_054553065.1,Fusarium cerealis,NIV,TRI,TRI12,CM137278.1,3520844,3522822,+,False,False,3,1872,1866,99.67948717948718,91.28789898450027,2547,0.0
GCA_054553065.1,Fusarium cerealis,NIV,TRI,TRI14,CM137278.1,3516325,3517497,-,False,False,2,1116,1115,99.91039426523297,96.86676723366159,1870,0.0
GCA_054553065.1,Fusarium cerealis,NIV,TRI,TRI17,CM137279.1,1816081,1816833,+,False,False,1,756,753,99.60317460317461,98.00799999999998,1308,0.0
GCA_054553065.1,Fusarium cerealis,NIV,TRI,TRI20,CM137279.1,1802964,1803664,-,False,False,1,749,701,93.59145527369826,99.001,1256,0.0
GCA_054553065.1,Fusarium cerealis,NIV,TRI,TRI201,CM137278.1,4312639,4313995,-,False,False,3,1267,1267,100.0,94.65394496855346,1956,0.0
GCA_054553065.1,Fusarium cerealis,NIV,TRI,TRI21,CM137279.1,1799561,1800354,+,False,False,1,827,794,96.00967351874245,98.489,1400,0.0
GCA_054553065.1,Fusarium cerealis,NIV,TRI,TRI22,CM137278.1,4315545,4317345,+,False,False,3,1681,1681,100.0,97.56651513353117,2868,0.0
GCA_054553065.1,Fusarium cerealis,NIV,TRI,TRI3,CM137278.1,3537797,3539559,-,False,False,4,1554,1522,97.94079794079794,91.54816580645162,2138,0.0
GCA_054553065.1,Fusarium cerealis,NIV,TRI,TRI4,CM137278.1,3535076,3536814,+,False,False,4,1563,1563,100.0,96.61325111821085,2595,0.0
GCA_054553065.1,Fusarium cerealis,NIV,TRI,TRI5,CM137278.1,3529133,3530312,-,False,False,2,1128,1128,100.0,95.478625,1802,0.0
GCA_054553065.1,Fusarium cerealis,NIV,TRI,TRI6,CM137278.1,3533252,3533908,-,False,False,1,657,657,100.0,95.745,1059,0.0
GCA_054553065.1,Fusarium cerealis,NIV,TRI,TRI7,CM137278.1,3540372,3541794,-,False,False,2,1398,1375,98.35479256080114,80.76911103047895,1066,2.2900000000000002e-179
GCA_054553065.1,Fusarium cerealis,NIV,TRI,TRI8,CM137278.1,3542442,3543776,+,False,False,1,1338,1338,100.0,88.358,1604,0.0
GCA_054553065.1,Fusarium cerealis,NIV,TRI,TRI9,CM137278.1,3526381,3526512,+,False,False,1,132,132,100.0,99.242,239,3.58e-63
GCA_900007375.1,Fusarium venenatum,NP,TRI ,TRI10,LN649230.1,5620052,5621391,+,False,False,2,1263,1263,100.0,92.6479090909091,1822,0.0
GCA_900007375.1,Fusarium venenatum,NP,TRI ,TRI101,LN649230.1,4819605,4822069,+,False,False,2,2469,2414,97.77237748076143,91.60490694789083,3338,0.0
GCA_900007375.1,Fusarium venenatum,NP,TRI ,TRI11,LN649230.1,5623260,5624984,-,False,False,1,1722,1722,100.0,86.209,1858,0.0
GCA_900007375.1,Fusarium venenatum,NP,TRI ,TRI12,LN649230.1,5625564,5627466,-,False,False,1,1902,1902,100.0,81.842,1585,0.0
GCA_900007375.1,Fusarium venenatum,NP,TRI ,TRI13,LN649230.1,5628167,5629995,-,False,False,2,1764,1764,100.0,91.90284258210644,2470,0.0
GCA_900007375.1,Fusarium venenatum,NP,TRI ,TRI14,LN649230.1,5631069,5631982,+,False,False,1,928,914,98.49137931034483,92.88799999999999,1328,0.0
GCA_900007375.1,Fusarium venenatum,NP,TRI ,TRI16,LN649229.1,235907,237351,-,False,False,1,1482,1448,97.70580296896087,77.008,815,0.0
GCA_900007375.1,Fusarium venenatum,NP,TRI ,TRI17,LN649231.1,3859718,3860469,-,False,False,1,756,756,100.0,91.96300000000001,1055,0.0
GCA_900007375.1,Fusarium venenatum,NP,TRI ,TRI20,LN649231.1,3872119,3872816,+,False,False,1,749,698,93.1909212283044,88.682,852,0.0
GCA_900007375.1,Fusarium venenatum,NP,TRI ,TRI201,LN649230.1,4816854,4818220,+,False,False,3,1267,1267,100.0,90.9659897879026,1705,0.0
GCA_900007375.1,Fusarium venenatum,NP,TRI ,TRI21,LN649231.1,3875401,3876191,-,False,False,1,827,794,96.00967351874245,92.317,1125,0.0
GCA_900007375.1,Fusarium venenatum,NP,TRI ,TRI22,LN649230.1,4813654,4815336,-,False,False,3,1681,1557,92.62343842950625,94.10656310057655,2375,0.0
GCA_900007375.1,Fusarium venenatum,NP,TRI ,TRI3,LN649230.1,5609128,5610907,+,False,False,3,1560,1397,89.55128205128206,91.55939484978539,1928,0.0
GCA_900007375.1,Fusarium venenatum,NP,TRI ,TRI4,LN649230.1,5611780,5613521,-,False,False,3,1563,1372,87.77991042866283,93.22137973760934,2020,0.0
GCA_900007375.1,Fusarium venenatum,NP,TRI ,TRI5,LN649230.1,5618204,5619406,+,False,False,2,1134,1134,100.0,93.52615485564303,1693,0.0
GCA_900007375.1,Fusarium venenatum,NP,TRI ,TRI6,LN649230.1,5614671,5615357,+,False,False,1,693,693,100.0,94.372,1059,0.0
GCA_900007375.1,Fusarium venenatum,NP,TRI ,TRI7,LN649230.1,5606869,5608284,+,False,False,2,1398,1366,97.71101573676681,93.20180701754387,2012,0.0
GCA_900007375.1,Fusarium venenatum,NP,TRI ,TRI8,LN649230.1,5604849,5606192,-,False,False,1,1341,1341,100.0,91.518,1847,0.0
GCA_900007375.1,Fusarium venenatum,NP,TRI ,TRI9,LN649230.1,5622006,5622137,-,False,False,1,132,132,100.0,95.455,211,8.23e-55
GCA_900044135.1,Fusarium graminearum,15-ADON,TRI,TRI1,HG970332.2,291505,293259,+,False,False,5,1539,1539,100.0,97.34282372002593,2625,0.0
GCA_900044135.1,Fusarium graminearum,15-ADON,TRI,TRI10,HG970333.1,5407706,5409058,+,False,False,2,1263,1263,100.0,93.91768799368089,1912,0.0
GCA_900044135.1,Fusarium graminearum,15-ADON,TRI,TRI101,HG970333.1,4630760,4633278,+,False,False,2,2469,2469,100.0,100.0,4564,0.0
GCA_900044135.1,Fusarium graminearum,15-ADON,TRI,TRI11,HG970333.1,5410953,5412693,-,False,False,1,1722,1722,100.0,84.162,1663,0.0
GCA_900044135.1,Fusarium graminearum,15-ADON,TRI,TRI12,HG970333.1,5413251,5415227,-,False,False,3,1872,1872,100.0,100.0,3459,0.0
GCA_900044135.1,Fusarium graminearum,15-ADON,TRI,TRI14,HG970333.1,5418308,5419477,+,False,False,2,1116,1116,100.0,100.0,2066,0.0
GCA_900044135.1,Fusarium graminearum,15-ADON,TRI,TRI17,HG970334.1,3547255,3548010,-,False,False,1,756,756,100.0,100.0,1397,0.0
GCA_900044135.1,Fusarium graminearum,15-ADON,TRI,TRI20,HG970334.1,3560329,3561029,+,False,False,1,749,701,93.59145527369826,100.0,1295,0.0
GCA_900044135.1,Fusarium graminearum,15-ADON,TRI,TRI201,HG970333.1,4628036,4629405,+,False,False,3,1267,1267,100.0,100.0,2346,0.0
GCA_900044135.1,Fusarium graminearum,15-ADON,TRI,TRI21,HG970334.1,3563642,3564435,-,False,False,1,827,794,96.00967351874245,100.0,1467,0.0
GCA_900044135.1,Fusarium graminearum,15-ADON,TRI,TRI22,HG970333.1,4624670,4626488,-,False,False,3,1681,1681,100.0,100.0,3113,0.0
GCA_900044135.1,Fusarium graminearum,15-ADON,TRI,TRI3,HG970333.1,5396677,5398444,+,False,False,4,1554,1517,97.61904761904762,92.33303014416775,2172,0.0
GCA_900044135.1,Fusarium graminearum,15-ADON,TRI,TRI4,HG970333.1,5399398,5401139,-,False,False,4,1563,1563,100.0,100.0,2892,0.0
GCA_900044135.1,Fusarium graminearum,15-ADON,TRI,TRI5,HG970333.1,5405852,5407038,+,False,False,2,1128,1128,100.0,100.0,2085,0.0
GCA_900044135.1,Fusarium graminearum,15-ADON,TRI,TRI6,HG970333.1,5402308,5402964,+,False,False,1,657,657,100.0,96.499,1086,0.0
GCA_900044135.1,Fusarium graminearum,15-ADON,TRI,TRI8,HG970333.1,5392461,5393798,-,False,False,1,1338,1338,100.0,100.0,2471,0.0
GCA_900044135.1,Fusarium graminearum,15-ADON,TRI,TRI9,HG970333.1,5409654,5409785,-,False,False,1,132,132,100.0,100.0,244,7.98e-65
GCA_900074845.1,Fusarium culmorum,3-ADON,TRI,TRI1,LT598659.1,347485,349238,+,False,False,5,1539,1539,100.0,97.53707841866493,2642,0.0
GCA_900074845.1,Fusarium culmorum,3-ADON,TRI,TRI10,LT598660.1,5601929,5603281,+,False,False,2,1263,1263,100.0,94.31284439178515,1940,0.0
GCA_900074845.1,Fusarium culmorum,3-ADON,TRI,TRI11,LT598660.1,5605210,5606952,-,False,False,1,1722,1722,100.0,83.847,1631,0.0
GCA_900074845.1,Fusarium culmorum,3-ADON,TRI,TRI12,LT598660.1,5607503,5609481,-,False,False,3,1797,1795,99.88870339454647,95.04735614913744,2825,0.0
GCA_900074845.1,Fusarium culmorum,3-ADON,TRI,TRI14,LT598660.1,5613122,5614290,+,False,False,2,1116,1116,100.0,97.2274168157424,1895,0.0
GCA_900074845.1,Fusarium culmorum,3-ADON,TRI,TRI17,LT598661.1,3557186,3557938,-,False,False,1,756,753,99.60317460317461,98.274,1319,0.0
GCA_900074845.1,Fusarium culmorum,3-ADON,TRI,TRI20,LT598661.1,3570453,3571153,+,False,False,1,749,701,93.59145527369826,99.001,1256,0.0
GCA_900074845.1,Fusarium culmorum,3-ADON,TRI,TRI201,LT598660.1,4804145,4805501,+,False,False,3,1267,1267,100.0,94.41811477987422,1940,0.0
GCA_900074845.1,Fusarium culmorum,3-ADON,TRI,TRI21,LT598661.1,3573762,3574555,-,False,False,1,827,794,96.00967351874245,98.363,1395,0.0
GCA_900074845.1,Fusarium culmorum,3-ADON,TRI,TRI3,LT598660.1,5590533,5592301,+,False,False,4,1554,1519,97.74774774774775,95.95824706649283,2489,0.0
GCA_900074845.1,Fusarium culmorum,3-ADON,TRI,TRI4,LT598660.1,5593627,5595370,-,False,False,4,1563,1563,100.0,97.18874568690097,2649,0.0
GCA_900074845.1,Fusarium culmorum,3-ADON,TRI,TRI5,LT598660.1,5600080,5601267,+,False,False,2,1128,1128,100.0,96.45362943262411,1863,0.0
GCA_900074845.1,Fusarium culmorum,3-ADON,TRI,TRI6,LT598660.1,5596535,5597191,+,False,False,1,657,657,100.0,97.108,1109,0.0
GCA_900074845.1,Fusarium culmorum,3-ADON,TRI,TRI8,LT598660.1,5588614,5589912,-,False,False,1,1299,1299,100.0,97.46,2217,0.0
GCA_900074845.1,Fusarium culmorum,3-ADON,TRI,TRI9,LT598660.1,5603878,5604009,-,False,False,1,132,132,100.0,99.242,239,4.09e-63
GCF_000240135.3,Fusarium graminearum,15-ADON,TRI,TRI1,NC_026474.1,282627,284381,+,False,False,5,1539,1539,100.0,97.34282372002593,2625,0.0
GCF_000240135.3,Fusarium graminearum,15-ADON,TRI,TRI10,NC_026475.1,6646050,6647402,-,False,False,2,1263,1263,100.0,93.98279414093429,1912,0.0
GCF_000240135.3,Fusarium graminearum,15-ADON,TRI,TRI101,NC_026475.1,7421768,7424286,-,False,False,2,2469,2469,100.0,100.0,4564,0.0
GCF_000240135.3,Fusarium graminearum,15-ADON,TRI,TRI11,NC_026475.1,6642415,6644155,+,False,False,1,1722,1722,100.0,84.162,1663,0.0
GCF_000240135.3,Fusarium graminearum,15-ADON,TRI,TRI12,NC_026475.1,6639881,6641857,+,False,False,3,1872,1872,100.0,100.0,3459,0.0
GCF_000240135.3,Fusarium graminearum,15-ADON,TRI,TRI14,NC_026475.1,6635631,6636800,-,False,False,2,1116,1116,100.0,100.0,2066,0.0
GCF_000240135.3,Fusarium graminearum,15-ADON,TRI,TRI17,NC_026476.1,3546409,3547164,-,False,False,1,756,756,100.0,100.0,1397,0.0
GCF_000240135.3,Fusarium graminearum,15-ADON,TRI,TRI20,NC_026476.1,3559483,3560183,+,False,False,1,749,701,93.59145527369826,100.0,1295,0.0
GCF_000240135.3,Fusarium graminearum,15-ADON,TRI,TRI201,NC_026475.1,7425641,7427010,-,False,False,3,1267,1267,100.0,100.0,2346,0.0
GCF_000240135.3,Fusarium graminearum,15-ADON,TRI,TRI21,NC_026476.1,3562796,3563589,-,False,False,1,827,794,96.00967351874245,100.0,1467,0.0
GCF_000240135.3,Fusarium graminearum,15-ADON,TRI,TRI22,NC_026475.1,7428558,7430376,+,False,False,3,1681,1681,100.0,100.0,3113,0.0
GCF_000240135.3,Fusarium graminearum,15-ADON,TRI,TRI3,NC_026475.1,6656664,6658431,-,False,False,4,1554,1517,97.61904761904762,92.33303014416775,2172,0.0
GCF_000240135.3,Fusarium graminearum,15-ADON,TRI,TRI4,NC_026475.1,6653969,6655710,+,False,False,4,1563,1563,100.0,100.0,2892,0.0
GCF_000240135.3,Fusarium graminearum,15-ADON,TRI,TRI5,NC_026475.1,6648070,6649256,-,False,False,2,1128,1128,100.0,100.0,2085,0.0
GCF_000240135.3,Fusarium graminearum,15-ADON,TRI,TRI6,NC_026475.1,6652144,6652800,-,False,False,1,657,657,100.0,96.499,1086,0.0
GCF_000240135.3,Fusarium graminearum,15-ADON,TRI,TRI8,NC_026475.1,6661310,6662647,+,False,False,1,1338,1338,100.0,100.0,2471,0.0
GCF_000240135.3,Fusarium graminearum,15-ADON,TRI,TRI9,NC_026475.1,6645323,6645454,+,False,False,1,132,132,100.0,100.0,244,7.72e-65
GCF_000303195.2,Fusarium pseudograminearum,3-ADON,TRI,TRI1,NC_031951.1,249932,251686,+,False,False,5,1539,1539,100.0,100.0,2852,0.0
GCF_000303195.2,Fusarium pseudograminearum,3-ADON,TRI,TRI10,NC_031952.1,5427885,5429231,+,False,False,2,1263,1263,100.0,100.0,2340,0.0
GCF_000303195.2,Fusarium pseudograminearum,3-ADON,TRI,TRI101,NC_031952.1,4626250,4628764,+,False,False,2,2469,2467,99.91899554475496,96.2331057108141,4044,0.0
GCF_000303195.2,Fusarium pseudograminearum,3-ADON,TRI,TRI11,NC_031952.1,5431218,5432945,-,False,False,1,1722,1722,100.0,84.289,1668,0.0
GCF_000303195.2,Fusarium pseudograminearum,3-ADON,TRI,TRI12,NC_031952.1,5433510,5435484,-,False,False,3,1797,1797,100.0,100.0,3322,0.0
GCF_000303195.2,Fusarium pseudograminearum,3-ADON,TRI,TRI14,NC_031952.1,5438695,5439867,+,False,False,2,1116,1115,99.91039426523297,96.50830796777082,1848,0.0
GCF_000303195.2,Fusarium pseudograminearum,3-ADON,TRI,TRI17,NC_031953.1,3565188,3565940,-,False,False,1,756,753,99.60317460317461,96.813,1258,0.0
GCF_000303195.2,Fusarium pseudograminearum,3-ADON,TRI,TRI20,NC_031953.1,3576681,3577381,+,False,False,1,749,701,93.59145527369826,96.434,1157,0.0
GCF_000303195.2,Fusarium pseudograminearum,3-ADON,TRI,TRI201,NC_031952.1,4623516,4624889,+,False,False,3,1267,1267,100.0,95.28297641509434,2014,0.0
GCF_000303195.2,Fusarium pseudograminearum,3-ADON,TRI,TRI21,NC_031953.1,3579988,3580781,-,False,False,1,827,794,96.00967351874245,97.229,1345,0.0
GCF_000303195.2,Fusarium pseudograminearum,3-ADON,TRI,TRI22,NC_031952.1,4620172,4621985,-,False,False,3,1681,1681,100.0,97.44793768545993,2870,0.0
GCF_000303195.2,Fusarium pseudograminearum,3-ADON,TRI,TRI3,NC_031952.1,5416565,5418333,+,False,False,4,1554,1519,97.74774774774775,99.73910104302476,2811,0.0
GCF_000303195.2,Fusarium pseudograminearum,3-ADON,TRI,TRI4,NC_031952.1,5419503,5421246,-,False,False,4,1563,1563,100.0,99.93621159974506,2894,0.0
GCF_000303195.2,Fusarium pseudograminearum,3-ADON,TRI,TRI5,NC_031952.1,5425964,5427160,+,False,False,2,1128,1128,100.0,100.0,2085,0.0
GCF_000303195.2,Fusarium pseudograminearum,3-ADON,TRI,TRI6,NC_031952.1,5422409,5423065,+,False,False,1,657,657,100.0,100.0,1214,0.0
GCF_000303195.2,Fusarium pseudograminearum,3-ADON,TRI,TRI8,NC_031952.1,5414651,5415949,-,False,False,1,1299,1299,100.0,100.0,2399,0.0
GCF_000303195.2,Fusarium pseudograminearum,3-ADON,TRI,TRI9,NC_031952.1,5429839,5429970,-,False,False,1,132,132,100.0,96.97,222,3.63e-58
GCF_019609905.1,Fusarium poae,NIV,TRI,TRI1,NC_058399.1,48396,50157,-,False,False,5,1536,1536,100.0,99.80702316602317,2854,0.0
GCF_019609905.1,Fusarium poae,NIV,TRI,TRI10,NC_058400.1,5881201,5882540,+,False,False,2,1263,1263,100.0,100.0,2338,0.0
GCF_019609905.1,Fusarium poae,NIV,TRI,TRI101,NC_058400.1,5068055,5070577,+,False,False,2,2469,2467,99.91899554475496,90.99360056542812,3330,0.0
GCF_019609905.1,Fusarium poae,NIV,TRI,TRI11,NC_058400.1,5884411,5886143,-,False,False,1,1722,1722,100.0,86.11,1855,0.0
GCF_019609905.1,Fusarium poae,NIV,TRI,TRI12,NC_058400.1,5886762,5888669,-,False,False,3,1800,1799,99.94444444444444,99.94455388888888,3321,0.0
GCF_019609905.1,Fusarium poae,NIV,TRI,TRI13,NC_058400.1,5889392,5891216,-,False,False,2,1764,1764,100.0,100.0,3262,0.0
GCF_019609905.1,Fusarium poae,NIV,TRI,TRI14,NC_058400.1,5892288,5893215,+,False,False,1,928,928,100.0,100.0,1714,0.0
GCF_019609905.1,Fusarium poae,NIV,TRI,TRI17,NC_058401.1,4216394,4217148,-,False,False,1,756,741,98.01587301587301,89.68299999999999,950,0.0
GCF_019609905.1,Fusarium poae,NIV,TRI,TRI20,NC_058401.1,4227721,4228421,+,False,False,1,749,698,93.1909212283044,87.179,793,0.0
GCF_019609905.1,Fusarium poae,NIV,TRI,TRI21,NC_058401.1,4230995,4231788,-,False,False,1,827,794,96.00967351874245,91.688,1101,0.0
GCF_019609905.1,Fusarium poae,NIV,TRI,TRI22,NC_058400.1,5062118,5063805,-,False,False,3,1681,1557,92.62343842950625,93.08129404228059,2285,0.0
GCF_019609905.1,Fusarium poae,NIV,TRI,TRI3,NC_058400.1,5867981,5869760,+,False,False,4,1560,1529,98.01282051282051,99.93469562377531,2822,0.0
GCF_019609905.1,Fusarium poae,NIV,TRI,TRI4,NC_058400.1,5870637,5872378,-,False,False,4,1563,1563,100.0,99.93621159974506,2894,0.0
GCF_019609905.1,Fusarium poae,NIV,TRI,TRI5,NC_058400.1,5879310,5880503,+,False,False,2,1134,1134,100.0,100.0,2096,0.0
GCF_019609905.1,Fusarium poae,NIV,TRI,TRI6,NC_058400.1,5873557,5874249,+,False,False,1,693,693,100.0,100.0,1280,0.0
GCF_019609905.1,Fusarium poae,NIV,TRI,TRI7,NC_058400.1,5865018,5866463,+,False,False,2,1398,1398,100.0,100.0,2587,0.0
GCF_019609905.1,Fusarium poae,NIV,TRI,TRI8,NC_058400.1,5863037,5864377,-,False,False,1,1341,1341,100.0,100.0,2477,0.0
GCF_019609905.1,Fusarium poae,NIV,TRI,TRI9,NC_058400.1,5883148,5883279,-,False,False,1,132,132,100.0,100.0,244,9.23e-65
GCF_020744385.1,Fusarium flagelliforme,Not reported ,TRI,TRI101,NW_025763509.1,620920,623242,+,False,False,2,2469,2278,92.26407452409883,88.57498175499566,2782,0.0
GCF_020744385.1,Fusarium flagelliforme,Not reported ,TRI,TRI22,NW_025763509.1,614894,616353,-,False,False,2,1681,1408,83.75966686496133,88.9123220338983,1743,0.0
GCF_020744385.1,Fusarium flagelliforme,Not reported ,TRI,TRI4,NW_025763509.1,2078124,2079308,+,False,False,2,1563,1133,72.48880358285349,79.52549912126538,803,0.0
GCF_020744385.1,Fusarium flagelliforme,Not reported ,TRI,TRI5,NW_025763509.1,2071527,2072627,-,False,False,1,1185,1109,93.58649789029536,80.59,839,0.0
GCF_050947815.1,Fusarium sambucinum,T-2/HT-2 *,TRI,TRI10,NC_139293.1,3767377,3768716,-,False,False,2,1263,1263,100.0,91.46264743083003,1739,0.0
GCF_050947815.1,Fusarium sambucinum,T-2/HT-2 *,TRI,TRI101,NC_139293.1,4541598,4544097,-,False,False,2,2469,2467,99.91899554475496,90.86121754953498,3294,0.0
GCF_050947815.1,Fusarium sambucinum,T-2/HT-2 *,TRI,TRI11,NC_139293.1,3763828,3765552,+,False,False,1,1722,1722,100.0,86.85599999999998,1925,0.0
GCF_050947815.1,Fusarium sambucinum,T-2/HT-2 *,TRI,TRI12,NC_139293.1,3761352,3763251,+,False,False,1,1902,1902,100.0,81.751,1580,0.0
GCF_050947815.1,Fusarium sambucinum,T-2/HT-2 *,TRI,TRI13,NC_139293.1,3758788,3760612,+,False,False,2,1764,1764,100.0,90.71336126840318,2354,0.0
GCF_050947815.1,Fusarium sambucinum,T-2/HT-2 *,TRI,TRI14,NC_139293.1,3756792,3757717,-,False,False,1,928,926,99.78448275862068,92.549,1328,0.0
GCF_050947815.1,Fusarium sambucinum,T-2/HT-2 *,TRI,TRI16,NC_139294.1,58508,59554,-,False,False,1,1482,1047,70.64777327935222,88.263,1253,0.0
GCF_050947815.1,Fusarium sambucinum,T-2/HT-2 *,TRI,TRI17,NC_139292.1,3947996,3948747,-,False,False,1,756,756,100.0,92.19599999999998,1066,0.0
GCF_050947815.1,Fusarium sambucinum,T-2/HT-2 *,TRI,TRI20,NC_139292.1,3959694,3960391,+,False,False,1,749,698,93.1909212283044,87.268,797,0.0
GCF_050947815.1,Fusarium sambucinum,T-2/HT-2 *,TRI,TRI201,NC_139293.1,4545441,4546809,-,False,False,3,1267,1266,99.92107340173638,90.66679215686275,1681,0.0
GCF_050947815.1,Fusarium sambucinum,T-2/HT-2 *,TRI,TRI21,NC_139292.1,3962942,3963735,-,False,False,1,827,794,96.00967351874245,92.065,1118,0.0
GCF_050947815.1,Fusarium sambucinum,T-2/HT-2 *,TRI,TRI22,NC_139293.1,4548323,4550114,+,False,False,3,1681,1678,99.82153480071386,92.34430801186943,2379,0.0
GCF_050947815.1,Fusarium sambucinum,T-2/HT-2 *,TRI,TRI3,NC_139293.1,3777860,3779627,-,False,False,3,1560,1386,88.84615384615384,91.27600144196107,1891,0.0
GCF_050947815.1,Fusarium sambucinum,T-2/HT-2 *,TRI,TRI4,NC_139293.1,3775249,3776989,+,False,False,4,1563,1563,100.0,92.86141172721479,2280,0.0
GCF_050947815.1,Fusarium sambucinum,T-2/HT-2 *,TRI,TRI5,NC_139293.1,3769431,3770578,-,False,False,1,1185,1142,96.37130801687763,88.616,1389,0.0
GCF_050947815.1,Fusarium sambucinum,T-2/HT-2 *,TRI,TRI6,NC_139293.1,3773448,3774134,-,False,False,1,693,693,100.0,93.506,1026,0.0
GCF_050947815.1,Fusarium sambucinum,T-2/HT-2 *,TRI,TRI7,NC_139293.1,3780502,3781917,-,False,False,2,1398,1366,97.71101573676681,91.81270175438596,1907,0.0
GCF_050947815.1,Fusarium sambucinum,T-2/HT-2 *,TRI,TRI8,NC_139293.1,3782575,3783918,+,False,False,1,1341,1341,100.0,91.295,1831,0.0
GCF_050947815.1,Fusarium sambucinum,T-2/HT-2 *,TRI,TRI9,NC_139293.1,3766632,3766763,+,False,False,1,132,132,100.0,96.212,217,1.77e-56
