contrast,alignment_position,group_a,group_b,group_a_consensus,group_b_consensus,group_a_coverage,group_b_coverage,group_a_consensus_fraction,group_b_consensus_fraction,group_a_consensus_count,group_b_consensus_count,group_a_available_count,group_b_available_count
don_niv,24408,DON,NIV,G,C,1.0,1.0,0.9090909090909091,1.0,10,5,11,5
don_niv,24454,DON,NIV,C,A,1.0,1.0,1.0,1.0,11,5,11,5
don_niv,24517,DON,NIV,T,C,1.0,1.0,0.9090909090909091,1.0,10,5,11,5
don_niv,24537,DON,NIV,T,C,1.0,1.0,0.9090909090909091,1.0,10,5,11,5
don_niv,24572,DON,NIV,T,A,1.0,1.0,1.0,1.0,11,5,11,5
don_niv,24598,DON,NIV,A,G,1.0,1.0,1.0,1.0,11,5,11,5
don_niv,24682,DON,NIV,G,A,1.0,1.0,0.9090909090909091,1.0,10,5,11,5
don_niv,24699,DON,NIV,C,T,1.0,1.0,0.9090909090909091,1.0,10,5,11,5
don_niv,24799,DON,NIV,T,G,1.0,1.0,0.9090909090909091,0.8,10,4,11,5
don_niv,24811,DON,NIV,A,G,1.0,1.0,0.9090909090909091,0.8,10,4,11,5
don_niv,24850,DON,NIV,A,G,1.0,1.0,1.0,0.8,11,4,11,5
don_niv,24966,DON,NIV,C,T,1.0,1.0,0.9090909090909091,1.0,10,5,11,5
don_niv,25002,DON,NIV,C,G,1.0,1.0,0.9090909090909091,1.0,10,5,11,5
don_niv,25233,DON,NIV,A,G,1.0,1.0,0.8181818181818182,1.0,9,5,11,5
don_niv,25283,DON,NIV,C,T,1.0,1.0,0.9090909090909091,1.0,10,5,11,5
don_niv,25284,DON,NIV,A,C,1.0,1.0,1.0,1.0,11,5,11,5
don_niv,25432,DON,NIV,T,G,1.0,1.0,0.9090909090909091,1.0,10,5,11,5
don_niv,25653,DON,NIV,G,T,1.0,1.0,0.9090909090909091,1.0,10,5,11,5
don_niv,25657,DON,NIV,T,C,1.0,1.0,1.0,1.0,11,5,11,5
don_niv,25692,DON,NIV,A,G,1.0,1.0,0.9090909090909091,1.0,10,5,11,5
t2_typeb,24307,T-2/HT-2,TypeB,G,C,1.0,1.0,1.0,0.8125,7,13,7,16
t2_typeb,24308,T-2/HT-2,TypeB,A,C,1.0,1.0,1.0,0.8125,7,13,7,16
t2_typeb,24343,T-2/HT-2,TypeB,A,G,1.0,1.0,1.0,0.875,7,14,7,16
t2_typeb,24352,T-2/HT-2,TypeB,C,T,1.0,1.0,1.0,0.875,7,14,7,16
t2_typeb,24502,T-2/HT-2,TypeB,A,G,1.0,1.0,1.0,0.875,7,14,7,16
t2_typeb,24519,T-2/HT-2,TypeB,A,G,1.0,1.0,1.0,0.875,7,14,7,16
t2_typeb,24546,T-2/HT-2,TypeB,G,C,1.0,1.0,1.0,0.875,7,14,7,16
t2_typeb,24547,T-2/HT-2,TypeB,C,A,1.0,1.0,1.0,0.875,7,14,7,16
t2_typeb,24552,T-2/HT-2,TypeB,C,T,1.0,1.0,1.0,0.875,7,14,7,16
t2_typeb,24576,T-2/HT-2,TypeB,T,G,1.0,1.0,1.0,0.875,7,14,7,16
t2_typeb,24580,T-2/HT-2,TypeB,T,C,1.0,1.0,1.0,0.8125,7,13,7,16
t2_typeb,24581,T-2/HT-2,TypeB,G,C,1.0,1.0,1.0,0.875,7,14,7,16
t2_typeb,24584,T-2/HT-2,TypeB,C,G,1.0,1.0,1.0,0.875,7,14,7,16
t2_typeb,24625,T-2/HT-2,TypeB,T,G,1.0,1.0,1.0,0.875,7,14,7,16
t2_typeb,24643,T-2/HT-2,TypeB,G,A,1.0,1.0,1.0,0.875,7,14,7,16
t2_typeb,24646,T-2/HT-2,TypeB,T,C,1.0,1.0,1.0,0.75,7,12,7,16
t2_typeb,24673,T-2/HT-2,TypeB,G,A,1.0,1.0,1.0,0.875,7,14,7,16
t2_typeb,24710,T-2/HT-2,TypeB,T,C,1.0,1.0,1.0,1.0,7,16,7,16
t2_typeb,24739,T-2/HT-2,TypeB,T,A,1.0,1.0,1.0,0.875,7,14,7,16
t2_typeb,24748,T-2/HT-2,TypeB,T,G,1.0,1.0,1.0,0.875,7,14,7,16
t2_typeb,24763,T-2/HT-2,TypeB,T,C,1.0,1.0,1.0,0.875,7,14,7,16
t2_typeb,24778,T-2/HT-2,TypeB,A,G,1.0,1.0,1.0,0.875,7,14,7,16
t2_typeb,24781,T-2/HT-2,TypeB,G,A,1.0,1.0,1.0,0.875,7,14,7,16
t2_typeb,24808,T-2/HT-2,TypeB,C,A,1.0,1.0,1.0,0.875,7,14,7,16
t2_typeb,24846,T-2/HT-2,TypeB,C,T,1.0,1.0,1.0,0.875,7,14,7,16
t2_typeb,24850,T-2/HT-2,TypeB,G,A,1.0,1.0,1.0,0.75,7,12,7,16
t2_typeb,24854,T-2/HT-2,TypeB,T,C,1.0,1.0,1.0,0.8125,7,13,7,16
t2_typeb,24904,T-2/HT-2,TypeB,G,A,1.0,1.0,1.0,0.875,7,14,7,16
t2_typeb,24907,T-2/HT-2,TypeB,A,G,1.0,1.0,1.0,0.875,7,14,7,16
t2_typeb,24910,T-2/HT-2,TypeB,A,G,1.0,1.0,1.0,0.875,7,14,7,16
t2_typeb,24939,T-2/HT-2,TypeB,C,T,1.0,1.0,1.0,0.875,7,14,7,16
t2_typeb,24954,T-2/HT-2,TypeB,A,G,1.0,1.0,1.0,0.875,7,14,7,16
t2_typeb,24963,T-2/HT-2,TypeB,T,C,1.0,1.0,1.0,0.875,7,14,7,16
t2_typeb,24967,T-2/HT-2,TypeB,C,G,1.0,1.0,1.0,0.875,7,14,7,16
t2_typeb,24970,T-2/HT-2,TypeB,C,G,1.0,1.0,1.0,0.875,7,14,7,16
t2_typeb,24973,T-2/HT-2,TypeB,G,T,1.0,1.0,1.0,0.875,7,14,7,16
t2_typeb,25003,T-2/HT-2,TypeB,A,G,1.0,1.0,1.0,0.875,7,14,7,16
t2_typeb,25036,T-2/HT-2,TypeB,T,C,1.0,1.0,1.0,0.875,7,14,7,16
t2_typeb,25048,T-2/HT-2,TypeB,C,T,1.0,1.0,1.0,0.875,7,14,7,16
t2_typeb,25054,T-2/HT-2,TypeB,G,A,1.0,1.0,1.0,0.875,7,14,7,16
t2_typeb,25059,T-2/HT-2,TypeB,A,G,1.0,1.0,1.0,0.875,7,14,7,16
t2_typeb,25063,T-2/HT-2,TypeB,A,G,1.0,1.0,1.0,0.875,7,14,7,16
t2_typeb,25075,T-2/HT-2,TypeB,A,G,1.0,1.0,1.0,0.8125,7,13,7,16
t2_typeb,25111,T-2/HT-2,TypeB,A,T,1.0,1.0,1.0,0.875,7,14,7,16
t2_typeb,25117,T-2/HT-2,TypeB,G,A,1.0,1.0,1.0,0.75,7,12,7,16
t2_typeb,25123,T-2/HT-2,TypeB,C,G,1.0,1.0,1.0,0.875,7,14,7,16
t2_typeb,25148,T-2/HT-2,TypeB,A,T,1.0,1.0,1.0,0.8125,7,13,7,16
t2_typeb,25174,T-2/HT-2,TypeB,A,G,1.0,1.0,1.0,0.875,7,14,7,16
t2_typeb,25194,T-2/HT-2,TypeB,G,A,1.0,1.0,1.0,0.875,7,14,7,16
t2_typeb,25196,T-2/HT-2,TypeB,C,T,1.0,1.0,1.0,0.875,7,14,7,16
t2_typeb,25198,T-2/HT-2,TypeB,C,T,1.0,1.0,1.0,0.875,7,14,7,16
t2_typeb,25202,T-2/HT-2,TypeB,G,T,1.0,1.0,1.0,0.875,7,14,7,16
t2_typeb,25203,T-2/HT-2,TypeB,C,T,1.0,1.0,1.0,0.875,7,14,7,16
t2_typeb,25210,T-2/HT-2,TypeB,C,G,1.0,1.0,1.0,0.875,7,14,7,16
t2_typeb,25217,T-2/HT-2,TypeB,A,G,1.0,1.0,1.0,0.875,7,14,7,16
t2_typeb,25223,T-2/HT-2,TypeB,T,C,1.0,1.0,1.0,0.875,7,14,7,16
t2_typeb,25224,T-2/HT-2,TypeB,A,G,1.0,1.0,1.0,0.875,7,14,7,16
t2_typeb,25271,T-2/HT-2,TypeB,T,C,1.0,1.0,0.8571428571428571,0.875,6,14,7,16
t2_typeb,25274,T-2/HT-2,TypeB,A,G,1.0,1.0,1.0,0.75,7,12,7,16
t2_typeb,25280,T-2/HT-2,TypeB,T,A,1.0,1.0,1.0,0.875,7,14,7,16
t2_typeb,25348,T-2/HT-2,TypeB,C,A,1.0,1.0,1.0,0.875,7,14,7,16
t2_typeb,25366,T-2/HT-2,TypeB,A,G,1.0,1.0,1.0,0.875,7,14,7,16
t2_typeb,25414,T-2/HT-2,TypeB,C,T,1.0,1.0,1.0,0.875,7,14,7,16
t2_typeb,25438,T-2/HT-2,TypeB,T,C,1.0,1.0,1.0,0.8125,7,13,7,16
t2_typeb,25453,T-2/HT-2,TypeB,T,C,1.0,1.0,1.0,0.75,7,12,7,16
t2_typeb,25498,T-2/HT-2,TypeB,A,G,1.0,1.0,1.0,1.0,7,16,7,16
t2_typeb,25504,T-2/HT-2,TypeB,G,C,1.0,1.0,1.0,0.8125,7,13,7,16
t2_typeb,25506,T-2/HT-2,TypeB,C,A,1.0,1.0,1.0,0.875,7,14,7,16
t2_typeb,25519,T-2/HT-2,TypeB,T,G,1.0,1.0,1.0,1.0,7,16,7,16
t2_typeb,25546,T-2/HT-2,TypeB,T,C,1.0,1.0,1.0,0.875,7,14,7,16
t2_typeb,25595,T-2/HT-2,TypeB,G,T,1.0,1.0,1.0,0.8125,7,13,7,16
t2_typeb,25597,T-2/HT-2,TypeB,A,G,1.0,1.0,1.0,0.875,7,14,7,16
t2_typeb,25624,T-2/HT-2,TypeB,C,T,1.0,1.0,1.0,1.0,7,16,7,16
t2_typeb,25663,T-2/HT-2,TypeB,C,A,1.0,1.0,1.0,0.875,7,14,7,16
t2_typeb,25751,T-2/HT-2,TypeB,A,G,1.0,1.0,1.0,1.0,7,16,7,16
t2_typeb,25759,T-2/HT-2,TypeB,C,G,1.0,1.0,1.0,0.875,7,14,7,16
t2_typeb,25768,T-2/HT-2,TypeB,A,G,1.0,1.0,1.0,0.875,7,14,7,16
t2_typeb,25785,T-2/HT-2,TypeB,G,A,1.0,1.0,1.0,0.875,7,14,7,16
t2_typeb,25819,T-2/HT-2,TypeB,A,T,1.0,1.0,1.0,0.875,7,14,7,16
t2_typeb,25825,T-2/HT-2,TypeB,T,A,1.0,1.0,1.0,0.875,7,14,7,16
