Genome_ID,Species,Chemotype,Toxin_System,Chromosome_or_Contig,Locus_ID,Local_Locus_Number,Gene,Start,End,Strand,Gap_to_previous,Gap_to_next,Multiple_hits_for_gene,Multiple_contigs_for_gene,Representative_HSP_count,Query_length,Query_covered_bp,Combined_query_coverage_percent,Weighted_percent_identity,Total_bitscore,Best_evalue
GCA_001292635.1,Fusarium langsethiae,T-2/HT-2,TRI ,JXCE01000009.1,GCA_001292635.1|JXCE01000009.1|L1,1,TRI17,51293,52054,-,,10604.0,False,False,1,756,756,100.0,91.406,1037,0.0
GCA_001292635.1,Fusarium langsethiae,T-2/HT-2,TRI ,JXCE01000009.1,GCA_001292635.1|JXCE01000009.1|L1,1,TRI20,62659,63356,+,10604.0,2640.0,False,False,1,749,698,93.1909212283044,89.398,880,0.0
GCA_001292635.1,Fusarium langsethiae,T-2/HT-2,TRI ,JXCE01000009.1,GCA_001292635.1|JXCE01000009.1|L1,1,TRI21,65997,66790,-,2640.0,,False,False,1,827,794,96.00967351874245,93.325,1173,0.0
GCA_001292635.1,Fusarium langsethiae,T-2/HT-2,TRI ,JXCE01000103.1,GCA_001292635.1|JXCE01000103.1|L1,1,TRI14,13420,14347,-,,896.0,False,False,1,928,925,99.67672413793105,88.865,1138,0.0
GCA_001292635.1,Fusarium langsethiae,T-2/HT-2,TRI ,JXCE01000103.1,GCA_001292635.1|JXCE01000103.1|L1,1,TRI13,15244,17069,+,896.0,779.0,False,False,2,1764,1754,99.43310657596372,85.22895415959252,1805,0.0
GCA_001292635.1,Fusarium langsethiae,T-2/HT-2,TRI ,JXCE01000103.1,GCA_001292635.1|JXCE01000103.1|L1,1,TRI12,17849,19750,+,779.0,609.0,False,False,1,1902,1902,100.0,98.265,3330,0.0
GCA_001292635.1,Fusarium langsethiae,T-2/HT-2,TRI ,JXCE01000103.1,GCA_001292635.1|JXCE01000103.1|L1,1,TRI11,20360,22081,+,609.0,1089.0,False,False,1,1722,1722,100.0,98.60599999999998,3048,0.0
GCA_001292635.1,Fusarium langsethiae,T-2/HT-2,TRI ,JXCE01000103.1,GCA_001292635.1|JXCE01000103.1|L1,1,TRI9,23171,23302,+,1089.0,630.0,False,False,1,132,132,100.0,89.394,167,1.75e-41
GCA_001292635.1,Fusarium langsethiae,T-2/HT-2,TRI ,JXCE01000103.1,GCA_001292635.1|JXCE01000103.1|L1,1,TRI10,23933,25272,-,630.0,616.0,False,False,2,1263,1263,100.0,88.2215604743083,1512,0.0
GCA_001292635.1,Fusarium langsethiae,T-2/HT-2,TRI ,JXCE01000103.1,GCA_001292635.1|JXCE01000103.1|L1,1,TRI5,25889,27072,-,616.0,2297.0,True,True,1,1185,1185,100.0,97.975,2054,0.0
GCA_001292635.1,Fusarium langsethiae,T-2/HT-2,TRI ,JXCE01000103.1,GCA_001292635.1|JXCE01000103.1|L1,1,TRI6,29370,30023,-,2297.0,1120.0,True,True,1,657,657,100.0,92.39,933,0.0
GCA_001292635.1,Fusarium langsethiae,T-2/HT-2,TRI ,JXCE01000103.1,GCA_001292635.1|JXCE01000103.1|L1,1,TRI4,31144,32629,+,1120.0,1477.0,False,False,2,1563,1209,77.35124760076776,85.84387160493827,1285,0.0
GCA_001292635.1,Fusarium langsethiae,T-2/HT-2,TRI ,JXCE01000103.1,GCA_001292635.1|JXCE01000103.1|L1,1,TRI3,34107,35429,-,1477.0,2837.0,False,False,2,1554,1258,80.95238095238095,83.6877730496454,1185,0.0
GCA_001292635.1,Fusarium langsethiae,T-2/HT-2,TRI ,JXCE01000103.1,GCA_001292635.1|JXCE01000103.1|L1,1,TRI8,38267,39610,+,2837.0,,False,False,1,1344,1344,100.0,97.917,2327,0.0
GCA_001292635.1,Fusarium langsethiae,T-2/HT-2,TRI ,JXCE01000207.1,GCA_001292635.1|JXCE01000207.1|L1,1,TRI1,10377,12233,+,,2596.0,False,False,5,1629,1629,100.0,97.00679780085524,2755,0.0
GCA_001292635.1,Fusarium langsethiae,T-2/HT-2,TRI ,JXCE01000207.1,GCA_001292635.1|JXCE01000207.1|L1,1,TRI16,14830,16311,-,2596.0,,False,False,1,1482,1482,100.0,97.908,2566,0.0
GCA_001292635.1,Fusarium langsethiae,T-2/HT-2,TRI ,JXCE01000313.1,GCA_001292635.1|JXCE01000313.1|L1,1,TRI22,14750,16557,-,,1531.0,False,False,3,1681,1679,99.88102320047592,92.30328833629366,2384,0.0
GCA_001292635.1,Fusarium langsethiae,T-2/HT-2,TRI ,JXCE01000313.1,GCA_001292635.1|JXCE01000313.1|L1,1,TRI201,18089,19461,+,1531.0,1344.0,False,False,3,1267,1267,100.0,92.38013275726632,1810,0.0
GCA_001292635.1,Fusarium langsethiae,T-2/HT-2,TRI ,JXCE01000313.1,GCA_001292635.1|JXCE01000313.1|L1,1,TRI101,20806,23318,+,1344.0,,False,False,2,2469,2469,100.0,91.72368631408962,3423,0.0
GCA_001292635.1,Fusarium langsethiae,T-2/HT-2,TRI ,JXCE01000519.1,GCA_001292635.1|JXCE01000519.1|L1,1,TRI6,3765,4352,+,,,True,True,1,657,591,89.95433789954338,91.878,822,0.0
GCA_001292635.1,Fusarium langsethiae,T-2/HT-2,TRI ,JXCE01000757.1,GCA_001292635.1|JXCE01000757.1|L1,1,TRI5,463,1619,+,,,True,True,1,1185,1185,100.0,88.458,1404,0.0
GCA_014898995.1,Fusarium sibiricum,T-2/HT-2 *,TRI ,JAAVUF010000518.1,GCA_014898995.1|JAAVUF010000518.1|L1,1,TRI101,22897,25416,-,,1355.0,False,False,2,2469,2466,99.87849331713244,91.91258026688232,3449,0.0
GCA_014898995.1,Fusarium sibiricum,T-2/HT-2 *,TRI ,JAAVUF010000518.1,GCA_014898995.1|JAAVUF010000518.1|L1,1,TRI201,26772,28140,-,1355.0,1533.0,False,False,3,1267,1267,100.0,92.22309347996855,1795,0.0
GCA_014898995.1,Fusarium sibiricum,T-2/HT-2 *,TRI ,JAAVUF010000518.1,GCA_014898995.1|JAAVUF010000518.1|L1,1,TRI22,29674,31482,+,1533.0,,False,False,3,1681,1679,99.88102320047592,92.48975162625666,2400,0.0
GCA_014898995.1,Fusarium sibiricum,T-2/HT-2 *,TRI ,JAAVUF010000721.1,GCA_014898995.1|JAAVUF010000721.1|L1,1,TRI17,44538,45299,-,,10977.0,False,False,1,756,756,100.0,91.016,1020,0.0
GCA_014898995.1,Fusarium sibiricum,T-2/HT-2 *,TRI ,JAAVUF010000721.1,GCA_014898995.1|JAAVUF010000721.1|L1,1,TRI20,56277,56974,+,10977.0,2676.0,False,False,1,749,698,93.1909212283044,89.971,902,0.0
GCA_014898995.1,Fusarium sibiricum,T-2/HT-2 *,TRI ,JAAVUF010000721.1,GCA_014898995.1|JAAVUF010000721.1|L1,1,TRI21,59651,60444,-,2676.0,,False,False,1,827,794,96.00967351874245,92.821,1151,0.0
GCA_014898995.1,Fusarium sibiricum,T-2/HT-2 *,TRI ,JAAVUF010001174.1,GCA_014898995.1|JAAVUF010001174.1|L1,1,TRI14,16940,17867,-,,1013.0,False,False,1,928,925,99.67672413793105,89.297,1160,0.0
GCA_014898995.1,Fusarium sibiricum,T-2/HT-2 *,TRI ,JAAVUF010001174.1,GCA_014898995.1|JAAVUF010001174.1|L1,1,TRI13,18881,20706,+,1013.0,779.0,False,False,2,1764,1754,99.43310657596372,85.39881380871533,1822,0.0
GCA_014898995.1,Fusarium sibiricum,T-2/HT-2 *,TRI ,JAAVUF010001174.1,GCA_014898995.1|JAAVUF010001174.1|L1,1,TRI12,21486,23387,+,779.0,643.0,False,False,1,1902,1902,100.0,99.054,3413,0.0
GCA_014898995.1,Fusarium sibiricum,T-2/HT-2 *,TRI ,JAAVUF010001174.1,GCA_014898995.1|JAAVUF010001174.1|L1,1,TRI11,24031,25752,+,643.0,1084.0,False,False,1,1722,1722,100.0,98.60599999999998,3048,0.0
GCA_014898995.1,Fusarium sibiricum,T-2/HT-2 *,TRI ,JAAVUF010001174.1,GCA_014898995.1|JAAVUF010001174.1|L1,1,TRI9,26837,26968,+,1084.0,632.0,False,False,1,132,132,100.0,89.394,167,1.89e-41
GCA_014898995.1,Fusarium sibiricum,T-2/HT-2 *,TRI ,JAAVUF010001174.1,GCA_014898995.1|JAAVUF010001174.1|L1,1,TRI10,27601,28940,-,632.0,617.0,False,False,2,1263,1263,100.0,88.2215604743083,1512,0.0
GCA_014898995.1,Fusarium sibiricum,T-2/HT-2 *,TRI ,JAAVUF010001174.1,GCA_014898995.1|JAAVUF010001174.1|L1,1,TRI5,29558,30742,-,617.0,2292.0,False,False,1,1185,1185,100.0,97.806,2045,0.0
GCA_014898995.1,Fusarium sibiricum,T-2/HT-2 *,TRI ,JAAVUF010001174.1,GCA_014898995.1|JAAVUF010001174.1|L1,1,TRI6,33035,33688,-,2292.0,1426.0,True,True,1,657,657,100.0,91.933,917,0.0
GCA_014898995.1,Fusarium sibiricum,T-2/HT-2 *,TRI ,JAAVUF010001174.1,GCA_014898995.1|JAAVUF010001174.1|L1,1,TRI4,35115,36556,+,1426.0,,False,False,3,1563,1311,83.87715930902111,88.25347444698703,1570,0.0
GCA_014898995.1,Fusarium sibiricum,T-2/HT-2 *,TRI ,JAAVUF010001189.1,GCA_014898995.1|JAAVUF010001189.1|L1,1,TRI8,2517,3860,+,,,False,False,1,1344,1344,100.0,98.958,2405,0.0
GCA_014898995.1,Fusarium sibiricum,T-2/HT-2 *,TRI ,JAAVUF010001876.1,GCA_014898995.1|JAAVUF010001876.1|L1,1,TRI16,3236,4717,+,,,False,False,1,1482,1482,100.0,98.718,2632,0.0
GCA_014898995.1,Fusarium sibiricum,T-2/HT-2 *,TRI ,JAAVUF010001900.1,GCA_014898995.1|JAAVUF010001900.1|L1,1,TRI1,2334,4192,-,,,False,False,4,1629,1561,95.82565991405772,98.1495162731334,2736,0.0
GCA_014898995.1,Fusarium sibiricum,T-2/HT-2 *,TRI ,JAAVUF010002821.1,GCA_014898995.1|JAAVUF010002821.1|L1,1,TRI6,325,978,+,,,True,True,1,657,657,100.0,92.39,933,0.0
GCA_016952305.1,Fusarium pseudograminearum,Not reported ,TRI,CP064753.1,GCA_016952305.1|CP064753.1|L1,1,TRI22,4827157,4828970,-,,1529.0,False,False,3,1681,1681,100.0,97.39055634638196,2865,0.0
GCA_016952305.1,Fusarium pseudograminearum,Not reported ,TRI,CP064753.1,GCA_016952305.1|CP064753.1|L1,1,TRI201,4830500,4831873,+,1529.0,1365.0,False,False,3,1267,1267,100.0,95.8330463836478,2053,0.0
GCA_016952305.1,Fusarium pseudograminearum,Not reported ,TRI,CP064753.1,GCA_016952305.1|CP064753.1|L1,1,TRI101,4833239,4835754,+,1365.0,,False,False,2,2469,2467,99.91899554475496,96.35472742000808,4060,0.0
GCA_016952305.1,Fusarium pseudograminearum,Not reported ,TRI,CP064753.1,GCA_016952305.1|CP064753.1|L2,2,TRI14,5615272,5616444,-,,3348.0,False,False,2,1116,1115,99.91039426523297,95.702866606983,1798,0.0
GCA_016952305.1,Fusarium pseudograminearum,Not reported ,TRI,CP064753.1,GCA_016952305.1|CP064753.1|L2,2,TRI12,5619793,5621769,+,3348.0,565.0,False,False,3,1872,1866,99.67948717948718,91.33681390374332,2551,0.0
GCA_016952305.1,Fusarium pseudograminearum,Not reported ,TRI,CP064753.1,GCA_016952305.1|CP064753.1|L2,2,TRI11,5622335,5624070,+,565.0,1225.0,False,False,1,1722,1722,100.0,85.19800000000001,1764,0.0
GCA_016952305.1,Fusarium pseudograminearum,Not reported ,TRI,CP064753.1,GCA_016952305.1|CP064753.1|L2,2,TRI9,5625296,5625427,+,1225.0,586.0,False,False,1,132,132,100.0,96.212,217,1.74e-56
GCA_016952305.1,Fusarium pseudograminearum,Not reported ,TRI,CP064753.1,GCA_016952305.1|CP064753.1|L2,2,TRI10,5626014,5627374,-,586.0,717.0,False,False,2,1263,1262,99.92082343626286,85.1150380047506,1290,0.0
GCA_016952305.1,Fusarium pseudograminearum,Not reported ,TRI,CP064753.1,GCA_016952305.1|CP064753.1|L2,2,TRI5,5628092,5629283,-,717.0,2852.0,False,False,2,1128,1127,99.91134751773048,95.65250931677018,1811,0.0
GCA_016952305.1,Fusarium pseudograminearum,Not reported ,TRI,CP064753.1,GCA_016952305.1|CP064753.1|L2,2,TRI6,5632136,5632792,-,2852.0,1175.0,False,False,1,657,657,100.0,95.586,1053,0.0
GCA_016952305.1,Fusarium pseudograminearum,Not reported ,TRI,CP064753.1,GCA_016952305.1|CP064753.1|L2,2,TRI4,5633968,5635711,+,1175.0,1175.0,False,False,4,1563,1563,100.0,98.46655846645368,2760,0.0
GCA_016952305.1,Fusarium pseudograminearum,Not reported ,TRI,CP064753.1,GCA_016952305.1|CP064753.1|L2,2,TRI3,5636887,5638654,-,1175.0,806.0,False,False,4,1554,1519,97.74774774774777,93.12344138834317,2238,0.0
GCA_016952305.1,Fusarium pseudograminearum,Not reported ,TRI,CP064753.1,GCA_016952305.1|CP064753.1|L2,2,TRI7,5639461,5640883,-,806.0,643.0,False,False,2,1398,1375,98.35479256080114,82.00306894049346,1161,0.0
GCA_016952305.1,Fusarium pseudograminearum,Not reported ,TRI,CP064753.1,GCA_016952305.1|CP064753.1|L2,2,TRI8,5641527,5642859,+,643.0,,False,False,1,1338,1336,99.85052316890882,87.36,1528,0.0
GCA_016952305.1,Fusarium pseudograminearum,Not reported ,TRI,CP064755.1,GCA_016952305.1|CP064755.1|L1,1,TRI1,277910,279663,+,,,False,False,5,1539,1538,99.93502274204027,98.8976990920882,2756,0.0
GCA_016952305.1,Fusarium pseudograminearum,Not reported ,TRI,CP064756.1,GCA_016952305.1|CP064756.1|L1,1,TRI17,3660284,3661035,-,,10748.0,False,False,1,756,753,99.6031746031746,96.547,1245,0.0
GCA_016952305.1,Fusarium pseudograminearum,Not reported ,TRI,CP064756.1,GCA_016952305.1|CP064756.1|L1,1,TRI20,3671784,3672484,+,10748.0,2604.0,False,False,1,749,701,93.59145527369826,95.863,1134,0.0
GCA_016952305.1,Fusarium pseudograminearum,Not reported ,TRI,CP064756.1,GCA_016952305.1|CP064756.1|L1,1,TRI21,3675089,3675882,-,2604.0,,False,False,1,827,794,96.00967351874245,96.474,1312,0.0
GCA_016952355.1,Fusarium culmorum,Not reported,TRI,CP064747.1,GCA_016952355.1|CP064747.1|L1,1,TRI22,5079728,5081540,-,,1529.0,False,False,3,1681,1681,100.0,98.15993234421366,2936,0.0
GCA_016952355.1,Fusarium culmorum,Not reported,TRI,CP064747.1,GCA_016952355.1|CP064747.1|L1,1,TRI201,5083070,5084426,+,1529.0,1357.0,False,False,3,1267,1267,100.0,94.65387342767296,1955,0.0
GCA_016952355.1,Fusarium culmorum,Not reported,TRI,CP064747.1,GCA_016952355.1|CP064747.1|L1,1,TRI101,5085784,5088301,+,1357.0,,False,False,2,2469,2467,99.91899554475496,96.88253846153846,4134,0.0
GCA_016952355.1,Fusarium culmorum,Not reported,TRI,CP064747.1,GCA_016952355.1|CP064747.1|L2,2,TRI8,5856025,5857359,-,,655.0,False,False,1,1338,1338,100.0,88.424,1609,0.0
GCA_016952355.1,Fusarium culmorum,Not reported,TRI,CP064747.1,GCA_016952355.1|CP064747.1|L2,2,TRI7,5858015,5859437,+,655.0,799.0,False,False,2,1398,1378,98.56938483547926,81.2004273318872,1100,0.0
GCA_016952355.1,Fusarium culmorum,Not reported,TRI,CP064747.1,GCA_016952355.1|CP064747.1|L2,2,TRI3,5860237,5861999,+,799.0,981.0,False,False,4,1554,1519,97.74774774774777,92.05709635416667,2162,0.0
GCA_016952355.1,Fusarium culmorum,Not reported,TRI,CP064747.1,GCA_016952355.1|CP064747.1|L2,2,TRI4,5862981,5864722,-,981.0,1168.0,False,False,4,1563,1563,100.0,97.63602236421724,2688,0.0
GCA_016952355.1,Fusarium culmorum,Not reported,TRI,CP064747.1,GCA_016952355.1|CP064747.1|L2,2,TRI6,5865891,5866547,+,1168.0,2941.0,False,False,1,657,657,100.0,95.593,1053,0.0
GCA_016952355.1,Fusarium culmorum,Not reported,TRI,CP064747.1,GCA_016952355.1|CP064747.1|L2,2,TRI5,5869489,5870668,+,2941.0,661.0,False,False,2,1128,1128,100.0,95.39006382978724,1797,0.0
GCA_016952355.1,Fusarium culmorum,Not reported,TRI,CP064747.1,GCA_016952355.1|CP064747.1|L2,2,TRI10,5871330,5872679,+,661.0,598.0,False,False,2,1263,1252,99.12905779889152,94.48898322683704,1931,0.0
GCA_016952355.1,Fusarium culmorum,Not reported,TRI,CP064747.1,GCA_016952355.1|CP064747.1|L2,2,TRI9,5873278,5873409,-,598.0,1236.0,False,False,1,132,132,100.0,98.485,233,1.71e-61
GCA_016952355.1,Fusarium culmorum,Not reported,TRI,CP064747.1,GCA_016952355.1|CP064747.1|L2,2,TRI11,5874646,5876381,-,1236.0,568.0,False,False,1,1722,1722,100.0,85.264,1770,0.0
GCA_016952355.1,Fusarium culmorum,Not reported,TRI,CP064747.1,GCA_016952355.1|CP064747.1|L2,2,TRI12,5876950,5878926,-,568.0,3361.0,False,False,3,1797,1797,100.0,92.21362736373749,2546,0.0
GCA_016952355.1,Fusarium culmorum,Not reported,TRI,CP064747.1,GCA_016952355.1|CP064747.1|L2,2,TRI14,5882288,5883459,+,3361.0,,False,False,1,928,928,100.0,86.667,1027,0.0
GCA_016952355.1,Fusarium culmorum,Not reported,TRI,CP064748.1,GCA_016952355.1|CP064748.1|L1,1,TRI17,3502522,3503274,-,,12575.0,False,False,1,756,753,99.6031746031746,98.274,1319,0.0
GCA_016952355.1,Fusarium culmorum,Not reported,TRI,CP064748.1,GCA_016952355.1|CP064748.1|L1,1,TRI20,3515850,3516550,+,12575.0,2608.0,False,False,1,749,701,93.59145527369826,99.001,1256,0.0
GCA_016952355.1,Fusarium culmorum,Not reported,TRI,CP064748.1,GCA_016952355.1|CP064748.1|L1,1,TRI21,3519159,3519952,-,2608.0,,False,False,1,827,794,96.00967351874245,98.363,1395,0.0
GCA_016952355.1,Fusarium culmorum,Not reported,TRI,CP064750.1,GCA_016952355.1|CP064750.1|L1,1,TRI1,331941,333694,+,,,False,False,5,1539,1539,100.0,97.53707841866492,2642,0.0
GCA_017656985.1,Fusarium boothii,15-ADON,TRI,JAGDVF010000004.1,GCA_017656985.1|JAGDVF010000004.1|L1,1,TRI1,310147,311905,+,,,False,False,5,1539,1539,100.0,96.95405508749192,2593,0.0
GCA_017656985.1,Fusarium boothii,15-ADON,TRI,JAGDVF010000008.1,GCA_017656985.1|JAGDVF010000008.1|L1,1,TRI21,1689314,1690107,+,,2600.0,False,False,1,827,794,96.00967351874245,99.874,1461,0.0
GCA_017656985.1,Fusarium boothii,15-ADON,TRI,JAGDVF010000008.1,GCA_017656985.1|JAGDVF010000008.1|L1,1,TRI20,1692708,1693408,-,2600.0,12302.0,False,False,1,749,701,93.59145527369826,99.57200000000002,1279,0.0
GCA_017656985.1,Fusarium boothii,15-ADON,TRI,JAGDVF010000008.1,GCA_017656985.1|JAGDVF010000008.1|L1,1,TRI17,1705711,1706466,+,12302.0,,False,False,1,756,756,100.0,99.074,1358,0.0
GCA_017656985.1,Fusarium boothii,15-ADON,TRI,JAGDVF010000009.1,GCA_017656985.1|JAGDVF010000009.1|L1,1,TRI14,164296,165464,-,,3048.0,False,False,2,1116,1116,100.0,99.01616279069768,2005,0.0
GCA_017656985.1,Fusarium boothii,15-ADON,TRI,JAGDVF010000009.1,GCA_017656985.1|JAGDVF010000009.1|L1,1,TRI12,168513,170489,+,3048.0,558.0,False,False,3,1872,1872,100.0,99.2519610042735,3381,0.0
GCA_017656985.1,Fusarium boothii,15-ADON,TRI,JAGDVF010000009.1,GCA_017656985.1|JAGDVF010000009.1|L1,1,TRI11,171048,172783,+,558.0,1225.0,False,False,1,1722,1722,100.0,84.413,1687,0.0
GCA_017656985.1,Fusarium boothii,15-ADON,TRI,JAGDVF010000009.1,GCA_017656985.1|JAGDVF010000009.1|L1,1,TRI9,174009,174138,+,1225.0,601.0,False,False,1,132,130,98.48484848484848,98.462,230,2.16e-60
GCA_017656985.1,Fusarium boothii,15-ADON,TRI,JAGDVF010000009.1,GCA_017656985.1|JAGDVF010000009.1|L1,1,TRI10,174740,176092,-,601.0,658.0,False,False,2,1263,1263,100.0,94.14123594615994,1923,0.0
GCA_017656985.1,Fusarium boothii,15-ADON,TRI,JAGDVF010000009.1,GCA_017656985.1|JAGDVF010000009.1|L1,1,TRI5,176751,177941,-,658.0,2861.0,False,False,2,1128,1128,100.0,95.65610460992907,1813,0.0
GCA_017656985.1,Fusarium boothii,15-ADON,TRI,JAGDVF010000009.1,GCA_017656985.1|JAGDVF010000009.1|L1,1,TRI6,180803,181459,-,2861.0,1158.0,False,False,1,657,657,100.0,96.804,1098,0.0
GCA_017656985.1,Fusarium boothii,15-ADON,TRI,JAGDVF010000009.1,GCA_017656985.1|JAGDVF010000009.1|L1,1,TRI4,182618,184361,+,1158.0,1121.0,False,False,4,1563,1563,100.0,97.18872268370606,2649,0.0
GCA_017656985.1,Fusarium boothii,15-ADON,TRI,JAGDVF010000009.1,GCA_017656985.1|JAGDVF010000009.1|L1,1,TRI3,185483,187075,-,1121.0,2845.0,False,False,3,1554,1393,89.63963963963964,92.03170638908828,1959,0.0
GCA_017656985.1,Fusarium boothii,15-ADON,TRI,JAGDVF010000009.1,GCA_017656985.1|JAGDVF010000009.1|L1,1,TRI8,189921,191258,+,2845.0,,False,False,1,1338,1338,100.0,99.028,2399,0.0
GCA_017656985.1,Fusarium boothii,15-ADON,TRI,JAGDVF010000009.1,GCA_017656985.1|JAGDVF010000009.1|L2,2,TRI101,967027,969543,-,,1357.0,False,False,2,2469,2467,99.91899554475496,98.86582867557716,4405,0.0
GCA_017656985.1,Fusarium boothii,15-ADON,TRI,JAGDVF010000009.1,GCA_017656985.1|JAGDVF010000009.1|L2,2,TRI201,970901,972270,-,1357.0,1547.0,False,False,3,1267,1267,100.0,99.21169897557132,2290,0.0
GCA_017656985.1,Fusarium boothii,15-ADON,TRI,JAGDVF010000009.1,GCA_017656985.1|JAGDVF010000009.1|L2,2,TRI22,973818,975630,+,1547.0,,False,False,3,1681,1681,100.0,99.28767002967358,3042,0.0
GCA_018104275.1,Fusarium langsethiae,T-2/HT-2,TRI ,JAFFKB010000014.1,GCA_018104275.1|JAFFKB010000014.1|L1,1,TRI21,3658198,3658991,+,,2571.0,False,False,1,827,794,96.00967351874245,93.199,1168,0.0
GCA_018104275.1,Fusarium langsethiae,T-2/HT-2,TRI ,JAFFKB010000014.1,GCA_018104275.1|JAFFKB010000014.1|L1,1,TRI20,3661563,3662263,-,2571.0,10425.0,False,False,1,749,701,93.59145527369826,89.444,885,0.0
GCA_018104275.1,Fusarium langsethiae,T-2/HT-2,TRI ,JAFFKB010000014.1,GCA_018104275.1|JAFFKB010000014.1|L1,1,TRI17,3672689,3673450,+,10425.0,,False,False,1,756,756,100.0,91.276,1031,0.0
GCA_018104275.1,Fusarium langsethiae,T-2/HT-2,TRI ,JAFFKB010000014.1,GCA_018104275.1|JAFFKB010000014.1|L2,2,TRI8,4469928,4471271,-,,2837.0,False,False,1,1344,1344,100.0,97.917,2327,0.0
GCA_018104275.1,Fusarium langsethiae,T-2/HT-2,TRI ,JAFFKB010000014.1,GCA_018104275.1|JAFFKB010000014.1|L2,2,TRI3,4474109,4475431,+,2837.0,1474.0,False,False,2,1554,1258,80.95238095238095,83.64746933962265,1185,0.0
GCA_018104275.1,Fusarium langsethiae,T-2/HT-2,TRI ,JAFFKB010000014.1,GCA_018104275.1|JAFFKB010000014.1|L2,2,TRI4,4476906,4478391,-,1474.0,1120.0,False,False,2,1563,1209,77.35124760076776,85.84387160493827,1285,0.0
GCA_018104275.1,Fusarium langsethiae,T-2/HT-2,TRI ,JAFFKB010000014.1,GCA_018104275.1|JAFFKB010000014.1|L2,2,TRI6,4479512,4480165,+,1120.0,2297.0,False,False,1,657,657,100.0,92.694,944,0.0
GCA_018104275.1,Fusarium langsethiae,T-2/HT-2,TRI ,JAFFKB010000014.1,GCA_018104275.1|JAFFKB010000014.1|L2,2,TRI5,4482463,4483646,+,2297.0,616.0,True,True,1,1185,1185,100.0,98.228,2071,0.0
GCA_018104275.1,Fusarium langsethiae,T-2/HT-2,TRI ,JAFFKB010000014.1,GCA_018104275.1|JAFFKB010000014.1|L2,2,TRI10,4484263,4485602,+,616.0,2731.0,False,False,2,1263,1263,100.0,88.14232648221345,1506,0.0
GCA_018104275.1,Fusarium langsethiae,T-2/HT-2,TRI ,JAFFKB010000014.1,GCA_018104275.1|JAFFKB010000014.1|L2,2,TRI9,4488334,4488465,-,2731.0,2954.0,False,False,1,132,132,100.0,89.394,167,2.79e-41
GCA_018104275.1,Fusarium langsethiae,T-2/HT-2,TRI ,JAFFKB010000014.1,GCA_018104275.1|JAFFKB010000014.1|L2,2,TRI11,4491420,4493141,-,2954.0,639.0,False,False,1,1722,1722,100.0,98.664,3053,0.0
GCA_018104275.1,Fusarium langsethiae,T-2/HT-2,TRI ,JAFFKB010000014.1,GCA_018104275.1|JAFFKB010000014.1|L2,2,TRI12,4493781,4495682,-,639.0,770.0,False,False,1,1902,1902,100.0,98.212,3325,0.0
GCA_018104275.1,Fusarium langsethiae,T-2/HT-2,TRI ,JAFFKB010000014.1,GCA_018104275.1|JAFFKB010000014.1|L2,2,TRI13,4496453,4498287,-,770.0,896.0,False,False,2,1764,1763,99.94331065759636,85.13498536036036,1805,0.0
GCA_018104275.1,Fusarium langsethiae,T-2/HT-2,TRI ,JAFFKB010000014.1,GCA_018104275.1|JAFFKB010000014.1|L2,2,TRI14,4499184,4500111,+,896.0,,False,False,1,928,928,100.0,88.793,1138,0.0
GCA_018104275.1,Fusarium langsethiae,T-2/HT-2,TRI ,JAFFKB010000090.1,GCA_018104275.1|JAFFKB010000090.1|L1,1,TRI1,582528,584384,-,,,True,True,5,1629,1629,100.0,96.94554428833231,2750,0.0
GCA_018104275.1,Fusarium langsethiae,T-2/HT-2,TRI ,JAFFKB010000090.1,GCA_018104275.1|JAFFKB010000090.1|L2,2,TRI5,2237848,2239031,+,,,True,True,1,1185,1185,100.0,90.564,1567,0.0
GCA_018104275.1,Fusarium langsethiae,T-2/HT-2,TRI ,JAFFKB010000127.1,GCA_018104275.1|JAFFKB010000127.1|L1,1,TRI1,413844,415700,+,,12332.0,True,True,5,1629,1629,100.0,97.25105742211365,2778,0.0
GCA_018104275.1,Fusarium langsethiae,T-2/HT-2,TRI ,JAFFKB010000127.1,GCA_018104275.1|JAFFKB010000127.1|L1,1,TRI16,428033,429514,-,12332.0,,False,False,1,1482,1482,100.0,97.841,2560,0.0
GCA_018104275.1,Fusarium langsethiae,T-2/HT-2,TRI ,JAFFKB010000149.1,GCA_018104275.1|JAFFKB010000149.1|L1,1,TRI101,807612,810123,-,,1361.0,False,False,2,2469,2468,99.95949777237747,91.79121674080064,3427,0.0
GCA_018104275.1,Fusarium langsethiae,T-2/HT-2,TRI ,JAFFKB010000149.1,GCA_018104275.1|JAFFKB010000149.1|L1,1,TRI201,811485,812857,-,1361.0,1511.0,False,False,3,1267,1267,100.0,92.30140219952868,1804,0.0
GCA_018104275.1,Fusarium langsethiae,T-2/HT-2,TRI ,JAFFKB010000149.1,GCA_018104275.1|JAFFKB010000149.1|L1,1,TRI22,814369,816176,+,1511.0,,False,False,3,1681,1679,99.88102320047592,92.3623528715216,2389,0.0
GCA_019054615.1,Fusarium sporotrichioides,T-2/HT-2 *,TRI,JAHKNR010000001.1,GCA_019054615.1|JAHKNR010000001.1|L1,1,TRI14,3465408,3466335,-,,1013.0,False,False,1,928,925,99.67672413793105,89.297,1160,0.0
GCA_019054615.1,Fusarium sporotrichioides,T-2/HT-2 *,TRI,JAHKNR010000001.1,GCA_019054615.1|JAHKNR010000001.1|L1,1,TRI13,3467349,3469174,+,1013.0,778.0,False,False,2,1764,1754,99.43310657596372,85.39881380871533,1822,0.0
GCA_019054615.1,Fusarium sporotrichioides,T-2/HT-2 *,TRI,JAHKNR010000001.1,GCA_019054615.1|JAHKNR010000001.1|L1,1,TRI12,3469953,3471854,+,778.0,644.0,False,False,1,1902,1902,100.0,99.842,3496,0.0
GCA_019054615.1,Fusarium sporotrichioides,T-2/HT-2 *,TRI,JAHKNR010000001.1,GCA_019054615.1|JAHKNR010000001.1|L1,1,TRI11,3472499,3474220,+,644.0,1086.0,False,False,1,1722,1722,100.0,99.71,3153,0.0
GCA_019054615.1,Fusarium sporotrichioides,T-2/HT-2 *,TRI,JAHKNR010000001.1,GCA_019054615.1|JAHKNR010000001.1|L1,1,TRI9,3475307,3475438,+,1086.0,631.0,False,False,1,132,132,100.0,88.636,161,8.23e-40
GCA_019054615.1,Fusarium sporotrichioides,T-2/HT-2 *,TRI,JAHKNR010000001.1,GCA_019054615.1|JAHKNR010000001.1|L1,1,TRI10,3476070,3477408,-,631.0,615.0,False,False,2,1263,1262,99.92082343626286,87.42112025316456,1454,0.0
GCA_019054615.1,Fusarium sporotrichioides,T-2/HT-2 *,TRI,JAHKNR010000001.1,GCA_019054615.1|JAHKNR010000001.1|L1,1,TRI5,3478024,3479208,-,615.0,2313.0,False,False,1,1185,1185,100.0,99.916,2183,0.0
GCA_019054615.1,Fusarium sporotrichioides,T-2/HT-2 *,TRI,JAHKNR010000001.1,GCA_019054615.1|JAHKNR010000001.1|L1,1,TRI6,3481522,3482175,-,2313.0,1158.0,False,False,1,657,657,100.0,91.933,917,0.0
GCA_019054615.1,Fusarium sporotrichioides,T-2/HT-2 *,TRI,JAHKNR010000001.1,GCA_019054615.1|JAHKNR010000001.1|L1,1,TRI4,3483334,3485076,+,1158.0,1220.0,False,False,3,1563,1311,83.87715930902111,88.87183536585366,1614,0.0
GCA_019054615.1,Fusarium sporotrichioides,T-2/HT-2 *,TRI,JAHKNR010000001.1,GCA_019054615.1|JAHKNR010000001.1|L1,1,TRI3,3486297,3487619,-,1220.0,2845.0,False,False,2,1554,1258,80.95238095238095,83.84541134751774,1196,0.0
GCA_019054615.1,Fusarium sporotrichioides,T-2/HT-2 *,TRI,JAHKNR010000001.1,GCA_019054615.1|JAHKNR010000001.1|L1,1,TRI8,3490465,3491808,+,2845.0,,False,False,1,1344,1344,100.0,99.03300000000002,2410,0.0
GCA_019054615.1,Fusarium sporotrichioides,T-2/HT-2 *,TRI,JAHKNR010000001.1,GCA_019054615.1|JAHKNR010000001.1|L2,2,TRI101,4247496,4250015,-,,4259.0,False,False,2,2469,2466,99.87849331713244,91.8315212292762,3438,0.0
GCA_019054615.1,Fusarium sporotrichioides,T-2/HT-2 *,TRI,JAHKNR010000001.1,GCA_019054615.1|JAHKNR010000001.1|L2,2,TRI22,4254275,4256083,+,4259.0,,False,False,3,1681,1679,99.88102320047592,92.31208160851568,2384,0.0
GCA_019054615.1,Fusarium sporotrichioides,T-2/HT-2 *,TRI,JAHKNR010000004.1,GCA_019054615.1|JAHKNR010000004.1|L1,1,TRI21,1325765,1326558,+,,2662.0,False,False,1,827,794,96.00967351874245,93.199,1168,0.0
GCA_019054615.1,Fusarium sporotrichioides,T-2/HT-2 *,TRI,JAHKNR010000004.1,GCA_019054615.1|JAHKNR010000004.1|L1,1,TRI20,1329221,1329921,-,2662.0,10842.0,False,False,1,749,701,93.59145527369826,89.586,891,0.0
GCA_019054615.1,Fusarium sporotrichioides,T-2/HT-2 *,TRI,JAHKNR010000004.1,GCA_019054615.1|JAHKNR010000004.1|L1,1,TRI17,1340764,1341525,+,10842.0,,False,False,1,756,756,100.0,91.146,1026,0.0
GCA_019054615.1,Fusarium sporotrichioides,T-2/HT-2 *,TRI,JAHKNR010000004.1,GCA_019054615.1|JAHKNR010000004.1|L2,2,TRI1,4738352,4740210,+,,1403.0,False,False,5,1629,1629,100.0,97.6786420281002,2816,0.0
GCA_019054615.1,Fusarium sporotrichioides,T-2/HT-2 *,TRI,JAHKNR010000004.1,GCA_019054615.1|JAHKNR010000004.1|L2,2,TRI16,4741614,4743095,-,1403.0,,False,False,1,1482,1482,100.0,98.718,2632,0.0
GCA_019054645.1,Fusarium sporotrichioides,T-2/HT-2 *,TRI,JAHKNS010000002.1,GCA_019054645.1|JAHKNS010000002.1|L1,1,TRI14,3581809,3582736,-,,1013.0,False,False,1,928,925,99.67672413793105,89.405,1166,0.0
GCA_019054645.1,Fusarium sporotrichioides,T-2/HT-2 *,TRI,JAHKNS010000002.1,GCA_019054645.1|JAHKNS010000002.1|L1,1,TRI13,3583750,3585575,+,1013.0,776.0,False,False,2,1764,1754,99.43310657596372,85.17248217317488,1800,0.0
GCA_019054645.1,Fusarium sporotrichioides,T-2/HT-2 *,TRI,JAHKNS010000002.1,GCA_019054645.1|JAHKNS010000002.1|L1,1,TRI12,3586352,3588253,+,776.0,641.0,False,False,1,1902,1902,100.0,99.211,3430,0.0
GCA_019054645.1,Fusarium sporotrichioides,T-2/HT-2 *,TRI,JAHKNS010000002.1,GCA_019054645.1|JAHKNS010000002.1|L1,1,TRI11,3588895,3590620,+,641.0,1086.0,False,False,1,1722,1722,100.0,99.015,3090,0.0
GCA_019054645.1,Fusarium sporotrichioides,T-2/HT-2 *,TRI,JAHKNS010000002.1,GCA_019054645.1|JAHKNS010000002.1|L1,1,TRI9,3591707,3591838,+,1086.0,631.0,False,False,1,132,132,100.0,88.636,161,8.25e-40
GCA_019054645.1,Fusarium sporotrichioides,T-2/HT-2 *,TRI,JAHKNS010000002.1,GCA_019054645.1|JAHKNS010000002.1|L1,1,TRI10,3592470,3593808,-,631.0,616.0,False,False,2,1263,1262,99.92082343626286,87.6585253164557,1471,0.0
GCA_019054645.1,Fusarium sporotrichioides,T-2/HT-2 *,TRI,JAHKNS010000002.1,GCA_019054645.1|JAHKNS010000002.1|L1,1,TRI5,3594425,3595609,-,616.0,2301.0,False,False,1,1185,1185,100.0,98.228,2073,0.0
GCA_019054645.1,Fusarium sporotrichioides,T-2/HT-2 *,TRI,JAHKNS010000002.1,GCA_019054645.1|JAHKNS010000002.1|L1,1,TRI6,3597911,3598564,-,2301.0,1123.0,False,False,1,657,657,100.0,92.085,922,0.0
GCA_019054645.1,Fusarium sporotrichioides,T-2/HT-2 *,TRI,JAHKNS010000002.1,GCA_019054645.1|JAHKNS010000002.1|L1,1,TRI4,3599688,3601430,+,1123.0,5401.0,False,False,3,1563,1311,83.87715930902111,88.5667599085366,1592,0.0
GCA_019054645.1,Fusarium sporotrichioides,T-2/HT-2 *,TRI,JAHKNS010000002.1,GCA_019054645.1|JAHKNS010000002.1|L1,1,TRI8,3606832,3608175,+,5401.0,,False,False,1,1344,1344,100.0,99.554,2449,0.0
GCA_019054645.1,Fusarium sporotrichioides,T-2/HT-2 *,TRI,JAHKNS010000002.1,GCA_019054645.1|JAHKNS010000002.1|L2,2,TRI101,4362393,4364912,-,,4259.0,False,False,2,2469,2466,99.87849331713244,91.87245248685808,3443,0.0
GCA_019054645.1,Fusarium sporotrichioides,T-2/HT-2 *,TRI,JAHKNS010000002.1,GCA_019054645.1|JAHKNS010000002.1|L2,2,TRI22,4369172,4370980,+,4259.0,,False,False,3,1681,1679,99.88102320047592,92.30759349112424,2384,0.0
GCA_019054645.1,Fusarium sporotrichioides,T-2/HT-2 *,TRI,JAHKNS010000004.1,GCA_019054645.1|JAHKNS010000004.1|L1,1,TRI21,4039896,4040689,+,,2662.0,False,False,1,827,794,96.00967351874245,93.199,1168,0.0
GCA_019054645.1,Fusarium sporotrichioides,T-2/HT-2 *,TRI,JAHKNS010000004.1,GCA_019054645.1|JAHKNS010000004.1|L1,1,TRI20,4043352,4044052,-,2662.0,10842.0,False,False,1,749,701,93.59145527369826,89.301,880,0.0
GCA_019054645.1,Fusarium sporotrichioides,T-2/HT-2 *,TRI,JAHKNS010000004.1,GCA_019054645.1|JAHKNS010000004.1|L1,1,TRI17,4054895,4055656,+,10842.0,,False,False,1,756,756,100.0,91.146,1026,0.0
GCA_019054645.1,Fusarium sporotrichioides,T-2/HT-2 *,TRI,JAHKNS010000004.1,GCA_019054645.1|JAHKNS010000004.1|L2,2,TRI1,7432269,7434127,+,,2603.0,False,False,4,1629,1561,95.82565991405772,98.27686981493298,2747,0.0
GCA_019054645.1,Fusarium sporotrichioides,T-2/HT-2 *,TRI,JAHKNS010000004.1,GCA_019054645.1|JAHKNS010000004.1|L2,2,TRI16,7436731,7438212,-,2603.0,,False,False,1,1482,1482,100.0,98.381,2604,0.0
GCA_019343145.1,Fusarium graminearum,15-ADON,TRI,CP079829.1,GCA_019343145.1|CP079829.1|L1,1,TRI14,3585848,3587016,-,,3047.0,False,False,2,1116,1116,100.0,99.01616279069768,2005,0.0
GCA_019343145.1,Fusarium graminearum,15-ADON,TRI,CP079829.1,GCA_019343145.1|CP079829.1|L1,1,TRI12,3590064,3592039,+,3047.0,557.0,False,False,3,1872,1872,100.0,99.19868376068376,3373,0.0
GCA_019343145.1,Fusarium graminearum,15-ADON,TRI,CP079829.1,GCA_019343145.1|CP079829.1|L1,1,TRI11,3592597,3594331,+,557.0,1225.0,False,False,1,1722,1722,100.0,84.413,1685,0.0
GCA_019343145.1,Fusarium graminearum,15-ADON,TRI,CP079829.1,GCA_019343145.1|CP079829.1|L1,1,TRI9,3595557,3595685,+,1225.0,601.0,False,False,1,132,130,98.48484848484848,97.692,222,3.56e-58
GCA_019343145.1,Fusarium graminearum,15-ADON,TRI,CP079829.1,GCA_019343145.1|CP079829.1|L1,1,TRI10,3596287,3597636,-,601.0,657.0,False,False,2,1263,1263,100.0,93.90313301662708,1904,0.0
GCA_019343145.1,Fusarium graminearum,15-ADON,TRI,CP079829.1,GCA_019343145.1|CP079829.1|L1,1,TRI5,3598294,3599484,-,657.0,2860.0,False,False,2,1128,1128,100.0,95.65610460992907,1813,0.0
GCA_019343145.1,Fusarium graminearum,15-ADON,TRI,CP079829.1,GCA_019343145.1|CP079829.1|L1,1,TRI6,3602345,3603001,-,2860.0,1157.0,False,False,1,657,657,100.0,96.804,1098,0.0
GCA_019343145.1,Fusarium graminearum,15-ADON,TRI,CP079829.1,GCA_019343145.1|CP079829.1|L1,1,TRI4,3604159,3605901,+,1157.0,1121.0,False,False,4,1563,1563,100.0,97.1245284345048,2641,0.0
GCA_019343145.1,Fusarium graminearum,15-ADON,TRI,CP079829.1,GCA_019343145.1|CP079829.1|L1,1,TRI3,3607023,3608615,-,1121.0,2843.0,False,False,3,1554,1393,89.63963963963964,92.03170638908828,1959,0.0
GCA_019343145.1,Fusarium graminearum,15-ADON,TRI,CP079829.1,GCA_019343145.1|CP079829.1|L1,1,TRI8,3611459,3612795,+,2843.0,,False,False,1,1338,1338,100.0,98.954,2392,0.0
GCA_019343145.1,Fusarium graminearum,15-ADON,TRI,CP079829.1,GCA_019343145.1|CP079829.1|L2,2,TRI101,4380100,4382565,-,,1240.0,False,False,1,2469,2467,99.91899554475496,98.744,4383,0.0
GCA_019343145.1,Fusarium graminearum,15-ADON,TRI,CP079829.1,GCA_019343145.1|CP079829.1|L2,2,TRI201,4383806,4385123,-,1240.0,1547.0,False,False,2,1267,1267,100.0,98.73831309148264,2254,0.0
GCA_019343145.1,Fusarium graminearum,15-ADON,TRI,CP079829.1,GCA_019343145.1|CP079829.1|L2,2,TRI22,4386671,4388345,+,1547.0,,False,False,1,1681,1681,100.0,99.34600000000002,3038,0.0
GCA_019343145.1,Fusarium graminearum,15-ADON,TRI,CP079831.1,GCA_019343145.1|CP079831.1|L1,1,TRI17,3441677,3442432,-,,12177.0,False,False,1,756,756,100.0,99.074,1358,0.0
GCA_019343145.1,Fusarium graminearum,15-ADON,TRI,CP079831.1,GCA_019343145.1|CP079831.1|L1,1,TRI20,3454610,3455307,+,12177.0,2602.0,False,False,1,749,698,93.1909212283044,99.713,1279,0.0
GCA_019343145.1,Fusarium graminearum,15-ADON,TRI,CP079831.1,GCA_019343145.1|CP079831.1|L1,1,TRI21,3457910,3458736,-,2602.0,,False,False,1,827,827,100.0,99.879,1522,0.0
GCA_019343145.1,Fusarium graminearum,15-ADON,TRI,CP079833.1,GCA_019343145.1|CP079833.1|L1,1,TRI1,287561,289267,+,,,False,False,4,1539,1539,100.0,97.0166906614786,2596,0.0
GCA_020991245.1,Fusarium graminearum,15-ADON,TRI,CP087871.1,GCA_020991245.1|CP087871.1|L1,1,TRI1,291505,293259,+,,,False,False,5,1539,1539,100.0,97.34282372002592,2625,0.0
GCA_020991245.1,Fusarium graminearum,15-ADON,TRI,CP087872.1,GCA_020991245.1|CP087872.1|L1,1,TRI22,4624670,4626488,-,,1547.0,False,False,3,1681,1681,100.0,100.0,3113,0.0
GCA_020991245.1,Fusarium graminearum,15-ADON,TRI,CP087872.1,GCA_020991245.1|CP087872.1|L1,1,TRI201,4628036,4629405,+,1547.0,1354.0,False,False,3,1267,1267,100.0,100.0,2346,0.0
GCA_020991245.1,Fusarium graminearum,15-ADON,TRI,CP087872.1,GCA_020991245.1|CP087872.1|L1,1,TRI101,4630760,4633278,+,1354.0,,False,False,2,2469,2469,100.0,100.0,4564,0.0
GCA_020991245.1,Fusarium graminearum,15-ADON,TRI,CP087872.1,GCA_020991245.1|CP087872.1|L2,2,TRI8,5392461,5393798,-,,2878.0,False,False,1,1338,1338,100.0,100.0,2471,0.0
GCA_020991245.1,Fusarium graminearum,15-ADON,TRI,CP087872.1,GCA_020991245.1|CP087872.1|L2,2,TRI3,5396677,5398444,+,2878.0,953.0,False,False,4,1554,1517,97.61904761904762,92.33303014416776,2172,0.0
GCA_020991245.1,Fusarium graminearum,15-ADON,TRI,CP087872.1,GCA_020991245.1|CP087872.1|L2,2,TRI4,5399398,5401139,-,953.0,1168.0,False,False,4,1563,1563,100.0,100.0,2892,0.0
GCA_020991245.1,Fusarium graminearum,15-ADON,TRI,CP087872.1,GCA_020991245.1|CP087872.1|L2,2,TRI6,5402308,5402964,+,1168.0,2887.0,False,False,1,657,657,100.0,96.499,1086,0.0
GCA_020991245.1,Fusarium graminearum,15-ADON,TRI,CP087872.1,GCA_020991245.1|CP087872.1|L2,2,TRI5,5405852,5407038,+,2887.0,667.0,False,False,2,1128,1128,100.0,100.0,2085,0.0
GCA_020991245.1,Fusarium graminearum,15-ADON,TRI,CP087872.1,GCA_020991245.1|CP087872.1|L2,2,TRI10,5407706,5409058,+,667.0,595.0,False,False,2,1263,1263,100.0,93.91768799368089,1912,0.0
GCA_020991245.1,Fusarium graminearum,15-ADON,TRI,CP087872.1,GCA_020991245.1|CP087872.1|L2,2,TRI9,5409654,5409785,-,595.0,1167.0,False,False,1,132,132,100.0,100.0,244,7.98e-65
GCA_020991245.1,Fusarium graminearum,15-ADON,TRI,CP087872.1,GCA_020991245.1|CP087872.1|L2,2,TRI11,5410953,5412693,-,1167.0,557.0,False,False,1,1722,1722,100.0,84.162,1663,0.0
GCA_020991245.1,Fusarium graminearum,15-ADON,TRI,CP087872.1,GCA_020991245.1|CP087872.1|L2,2,TRI12,5413251,5415227,-,557.0,3080.0,False,False,3,1872,1872,100.0,100.0,3459,0.0
GCA_020991245.1,Fusarium graminearum,15-ADON,TRI,CP087872.1,GCA_020991245.1|CP087872.1|L2,2,TRI14,5418308,5419477,+,3080.0,,False,False,2,1116,1116,100.0,100.0,2066,0.0
GCA_020991245.1,Fusarium graminearum,15-ADON,TRI,CP087873.1,GCA_020991245.1|CP087873.1|L1,1,TRI17,3547259,3548014,-,,12318.0,False,False,1,756,756,100.0,100.0,1397,0.0
GCA_020991245.1,Fusarium graminearum,15-ADON,TRI,CP087873.1,GCA_020991245.1|CP087873.1|L1,1,TRI20,3560333,3561033,+,12318.0,2612.0,False,False,1,749,701,93.59145527369826,100.0,1295,0.0
GCA_020991245.1,Fusarium graminearum,15-ADON,TRI,CP087873.1,GCA_020991245.1|CP087873.1|L1,1,TRI21,3563646,3564439,-,2612.0,,False,False,1,827,794,96.00967351874245,100.0,1467,0.0
GCA_025258505.1,Fusarium asiaticum,NIV,TRI,CP088257.1,GCA_025258505.1|CP088257.1|L1,1,TRI1,438493,440246,+,,,False,False,5,1539,1539,100.0,97.53738107582632,2642,0.0
GCA_025258505.1,Fusarium asiaticum,NIV,TRI,CP088258.1,GCA_025258505.1|CP088258.1|L1,1,TRI22,4695646,4697458,-,,1541.0,False,False,3,1681,1681,100.0,98.99096023738872,3014,0.0
GCA_025258505.1,Fusarium asiaticum,NIV,TRI,CP088258.1,GCA_025258505.1|CP088258.1|L1,1,TRI201,4699000,4700369,+,1541.0,1365.0,False,False,3,1267,1267,100.0,99.29061780929868,2295,0.0
GCA_025258505.1,Fusarium asiaticum,NIV,TRI,CP088258.1,GCA_025258505.1|CP088258.1|L1,1,TRI101,4701735,4704251,+,1365.0,,False,False,2,2469,2467,99.91899554475496,97.1645860672337,4173,0.0
GCA_025258505.1,Fusarium asiaticum,NIV,TRI,CP088258.1,GCA_025258505.1|CP088258.1|L2,2,TRI8,5458486,5459820,-,,651.0,False,False,1,1338,1338,100.0,88.042,1581,0.0
GCA_025258505.1,Fusarium asiaticum,NIV,TRI,CP088258.1,GCA_025258505.1|CP088258.1|L2,2,TRI7,5460472,5461894,+,651.0,799.0,False,False,2,1398,1378,98.56938483547926,81.34509110629067,1111,0.0
GCA_025258505.1,Fusarium asiaticum,NIV,TRI,CP088258.1,GCA_025258505.1|CP088258.1|L2,2,TRI3,5462694,5464456,+,799.0,1165.0,False,False,4,1554,1519,97.74774774774777,91.20498110749186,2087,0.0
GCA_025258505.1,Fusarium asiaticum,NIV,TRI,CP088258.1,GCA_025258505.1|CP088258.1|L2,2,TRI4,5465622,5467363,-,1165.0,1170.0,False,False,4,1563,1563,100.0,96.872842373963,2621,0.0
GCA_025258505.1,Fusarium asiaticum,NIV,TRI,CP088258.1,GCA_025258505.1|CP088258.1|L2,2,TRI6,5468534,5469190,+,1170.0,2934.0,False,False,1,657,657,100.0,95.897,1064,0.0
GCA_025258505.1,Fusarium asiaticum,NIV,TRI,CP088258.1,GCA_025258505.1|CP088258.1|L2,2,TRI5,5472125,5473304,+,2934.0,678.0,False,False,2,1128,1128,100.0,94.94688120567376,1768,0.0
GCA_025258505.1,Fusarium asiaticum,NIV,TRI,CP088258.1,GCA_025258505.1|CP088258.1|L2,2,TRI10,5473983,5475329,+,678.0,598.0,False,False,2,1263,1263,100.0,93.91768799368089,1912,0.0
GCA_025258505.1,Fusarium asiaticum,NIV,TRI,CP088258.1,GCA_025258505.1|CP088258.1|L2,2,TRI9,5475928,5476059,-,598.0,1241.0,False,False,1,132,132,100.0,99.242,239,3.74e-63
GCA_025258505.1,Fusarium asiaticum,NIV,TRI,CP088258.1,GCA_025258505.1|CP088258.1|L2,2,TRI11,5477301,5479041,-,1241.0,616.0,False,False,1,1722,1722,100.0,84.677,1712,0.0
GCA_025258505.1,Fusarium asiaticum,NIV,TRI,CP088258.1,GCA_025258505.1|CP088258.1|L2,2,TRI12,5479658,5481594,-,616.0,3344.0,False,False,3,1797,1797,100.0,91.94890560799556,2521,0.0
GCA_025258505.1,Fusarium asiaticum,NIV,TRI,CP088258.1,GCA_025258505.1|CP088258.1|L2,2,TRI14,5484939,5486107,+,3344.0,,False,False,2,1116,1116,100.0,99.55284794275492,2038,0.0
GCA_025258505.1,Fusarium asiaticum,NIV,TRI,CP088259.1,GCA_025258505.1|CP088259.1|L1,1,TRI17,3579909,3580665,-,,12291.0,False,False,1,756,756,100.0,99.604,1380,0.0
GCA_025258505.1,Fusarium asiaticum,NIV,TRI,CP088259.1,GCA_025258505.1|CP088259.1|L1,1,TRI20,3592957,3593654,+,12291.0,2616.0,False,False,1,749,698,93.1909212283044,99.427,1267,0.0
GCA_025258505.1,Fusarium asiaticum,NIV,TRI,CP088259.1,GCA_025258505.1|CP088259.1|L1,1,TRI21,3596271,3597064,-,2616.0,,False,False,1,827,794,96.00967351874245,99.118,1428,0.0
GCA_032355295.1,Fusarium meridionale,NIV,TRI,CP126884.1,GCA_032355295.1|CP126884.1|L1,1,TRI1,312406,314158,+,,,False,False,5,1539,1539,100.0,97.86119896305895,2670,0.0
GCA_032355295.1,Fusarium meridionale,NIV,TRI,CP126885.1,GCA_032355295.1|CP126885.1|L1,1,TRI22,4695925,4697740,-,,1547.0,False,False,3,1681,1681,100.0,99.2877637982196,3043,0.0
GCA_032355295.1,Fusarium meridionale,NIV,TRI,CP126885.1,GCA_032355295.1|CP126885.1|L1,1,TRI201,4699288,4700657,+,1547.0,1365.0,False,False,3,1267,1267,100.0,98.89659653270292,2268,0.0
GCA_032355295.1,Fusarium meridionale,NIV,TRI,CP126885.1,GCA_032355295.1|CP126885.1|L1,1,TRI101,4702023,4704539,+,1365.0,,False,False,2,2469,2467,99.91899554475496,97.28608748481167,4189,0.0
GCA_032355295.1,Fusarium meridionale,NIV,TRI,CP126885.1,GCA_032355295.1|CP126885.1|L2,2,TRI8,5502351,5503685,-,,646.0,False,False,1,1338,1338,100.0,88.49,1615,0.0
GCA_032355295.1,Fusarium meridionale,NIV,TRI,CP126885.1,GCA_032355295.1|CP126885.1|L2,2,TRI7,5504332,5505754,+,646.0,797.0,False,False,2,1398,1378,98.56938483547926,81.14148554913294,1095,0.0
GCA_032355295.1,Fusarium meridionale,NIV,TRI,CP126885.1,GCA_032355295.1|CP126885.1|L2,2,TRI3,5506552,5508314,+,797.0,1171.0,False,False,4,1554,1519,97.74774774774777,91.36094960732984,2093,0.0
GCA_032355295.1,Fusarium meridionale,NIV,TRI,CP126885.1,GCA_032355295.1|CP126885.1|L2,2,TRI4,5509486,5511229,-,1171.0,1176.0,False,False,4,1563,1563,100.0,97.443896485623,2670,0.0
GCA_032355295.1,Fusarium meridionale,NIV,TRI,CP126885.1,GCA_032355295.1|CP126885.1|L2,2,TRI6,5512406,5513062,+,1176.0,2926.0,False,False,1,657,657,100.0,96.049,1070,0.0
GCA_032355295.1,Fusarium meridionale,NIV,TRI,CP126885.1,GCA_032355295.1|CP126885.1|L2,2,TRI5,5515989,5517168,+,2926.0,667.0,False,False,2,1128,1128,100.0,95.30160638297872,1791,0.0
GCA_032355295.1,Fusarium meridionale,NIV,TRI,CP126885.1,GCA_032355295.1|CP126885.1|L2,2,TRI10,5517836,5519185,+,667.0,595.0,False,False,2,1263,1252,99.12905779889152,94.56905591054311,1937,0.0
GCA_032355295.1,Fusarium meridionale,NIV,TRI,CP126885.1,GCA_032355295.1|CP126885.1|L2,2,TRI9,5519781,5519912,-,595.0,1229.0,False,False,1,132,132,100.0,99.242,239,3.62e-63
GCA_032355295.1,Fusarium meridionale,NIV,TRI,CP126885.1,GCA_032355295.1|CP126885.1|L2,2,TRI11,5521142,5522879,-,1229.0,593.0,False,False,1,1722,1720,99.88385598141696,84.668,1709,0.0
GCA_032355295.1,Fusarium meridionale,NIV,TRI,CP126885.1,GCA_032355295.1|CP126885.1|L2,2,TRI12,5523473,5525430,-,593.0,3347.0,False,False,3,1797,1797,100.0,91.72674847307051,2499,0.0
GCA_032355295.1,Fusarium meridionale,NIV,TRI,CP126885.1,GCA_032355295.1|CP126885.1|L2,2,TRI14,5528778,5529946,+,3347.0,,False,False,2,1116,1116,100.0,99.5524686940966,2038,0.0
GCA_032355295.1,Fusarium meridionale,NIV,TRI,CP126886.1,GCA_032355295.1|CP126886.1|L1,1,TRI17,3595461,3596216,-,,12282.0,False,False,1,756,756,100.0,99.603,1380,0.0
GCA_032355295.1,Fusarium meridionale,NIV,TRI,CP126886.1,GCA_032355295.1|CP126886.1|L1,1,TRI20,3608499,3609196,+,12282.0,2611.0,False,False,1,749,698,93.1909212283044,98.854,1245,0.0
GCA_032355295.1,Fusarium meridionale,NIV,TRI,CP126886.1,GCA_032355295.1|CP126886.1|L1,1,TRI21,3611808,3612601,-,2611.0,,False,False,1,827,794,96.00967351874245,99.37,1439,0.0
GCA_037074405.1,Fusarium graminearum,15-ADON,TRI,CM073624.1,GCA_037074405.1|CM073624.1|L1,1,TRI1,356462,358216,+,,,False,False,5,1539,1539,100.0,97.2133357096565,2614,0.0
GCA_037074405.1,Fusarium graminearum,15-ADON,TRI,CM073625.1,GCA_037074405.1|CM073625.1|L1,1,TRI22,4669101,4670919,-,,1547.0,False,False,3,1681,1681,100.0,100.0,3113,0.0
GCA_037074405.1,Fusarium graminearum,15-ADON,TRI,CM073625.1,GCA_037074405.1|CM073625.1|L1,1,TRI201,4672467,4673836,+,1547.0,1354.0,False,False,3,1267,1267,100.0,99.6060646178093,2318,0.0
GCA_037074405.1,Fusarium graminearum,15-ADON,TRI,CM073625.1,GCA_037074405.1|CM073625.1|L1,1,TRI101,4675191,4677709,+,1354.0,,False,False,2,2469,2469,100.0,99.5951161473088,4509,0.0
GCA_037074405.1,Fusarium graminearum,15-ADON,TRI,CM073625.1,GCA_037074405.1|CM073625.1|L2,2,TRI8,5459538,5460875,-,,2911.0,False,False,1,1338,1338,100.0,100.0,2471,0.0
GCA_037074405.1,Fusarium graminearum,15-ADON,TRI,CM073625.1,GCA_037074405.1|CM073625.1|L2,2,TRI3,5463787,5465554,+,2911.0,953.0,False,False,4,1554,1517,97.61904761904762,92.33303014416776,2172,0.0
GCA_037074405.1,Fusarium graminearum,15-ADON,TRI,CM073625.1,GCA_037074405.1|CM073625.1|L2,2,TRI4,5466508,5468249,-,953.0,1168.0,False,False,4,1563,1563,100.0,100.0,2892,0.0
GCA_037074405.1,Fusarium graminearum,15-ADON,TRI,CM073625.1,GCA_037074405.1|CM073625.1|L2,2,TRI6,5469418,5470074,+,1168.0,2887.0,False,False,1,657,657,100.0,96.499,1086,0.0
GCA_037074405.1,Fusarium graminearum,15-ADON,TRI,CM073625.1,GCA_037074405.1|CM073625.1|L2,2,TRI5,5472962,5474148,+,2887.0,667.0,False,False,2,1128,1128,100.0,100.0,2085,0.0
GCA_037074405.1,Fusarium graminearum,15-ADON,TRI,CM073625.1,GCA_037074405.1|CM073625.1|L2,2,TRI10,5474816,5476168,+,667.0,595.0,False,False,2,1263,1263,100.0,93.91768799368089,1912,0.0
GCA_037074405.1,Fusarium graminearum,15-ADON,TRI,CM073625.1,GCA_037074405.1|CM073625.1|L2,2,TRI9,5476764,5476895,-,595.0,1166.0,False,False,1,132,132,100.0,100.0,244,7.85e-65
GCA_037074405.1,Fusarium graminearum,15-ADON,TRI,CM073625.1,GCA_037074405.1|CM073625.1|L2,2,TRI11,5478062,5479802,-,1166.0,557.0,False,False,1,1722,1722,100.0,84.162,1663,0.0
GCA_037074405.1,Fusarium graminearum,15-ADON,TRI,CM073625.1,GCA_037074405.1|CM073625.1|L2,2,TRI12,5480360,5482336,-,557.0,3080.0,False,False,3,1872,1872,100.0,99.9466923076923,3454,0.0
GCA_037074405.1,Fusarium graminearum,15-ADON,TRI,CM073625.1,GCA_037074405.1|CM073625.1|L2,2,TRI14,5485417,5486586,+,3080.0,,False,False,2,1116,1116,100.0,100.0,2066,0.0
GCA_037074405.1,Fusarium graminearum,15-ADON,TRI,CM073626.1,GCA_037074405.1|CM073626.1|L1,1,TRI17,3559675,3560430,-,,12315.0,False,False,1,756,756,100.0,99.868,1391,0.0
GCA_037074405.1,Fusarium graminearum,15-ADON,TRI,CM073626.1,GCA_037074405.1|CM073626.1|L1,1,TRI20,3572746,3573446,+,12315.0,2613.0,False,False,1,749,701,93.59145527369826,99.857,1290,0.0
GCA_037074405.1,Fusarium graminearum,15-ADON,TRI,CM073626.1,GCA_037074405.1|CM073626.1|L1,1,TRI21,3576060,3576853,-,2613.0,,False,False,1,827,794,96.00967351874245,99.748,1456,0.0
GCA_037213105.1,Fusarium graminearum,3-ADON,TRI,CP147677.1,GCA_037213105.1|CP147677.1|L1,1,TRI1,336530,338284,+,,,False,False,5,1539,1539,100.0,97.34286260531432,2625,0.0
GCA_037213105.1,Fusarium graminearum,3-ADON,TRI,CP147678.1,GCA_037213105.1|CP147678.1|L1,1,TRI22,4627805,4629621,-,,1547.0,False,False,3,1681,1681,100.0,99.7626824925816,3089,0.0
GCA_037213105.1,Fusarium graminearum,3-ADON,TRI,CP147678.1,GCA_037213105.1|CP147678.1|L1,1,TRI201,4631169,4632538,+,1547.0,1357.0,False,False,3,1267,1267,100.0,99.6845563435776,2323,0.0
GCA_037213105.1,Fusarium graminearum,3-ADON,TRI,CP147678.1,GCA_037213105.1|CP147678.1|L1,1,TRI101,4633896,4636414,+,1357.0,,False,False,2,2469,2469,100.0,99.59532335087007,4509,0.0
GCA_037213105.1,Fusarium graminearum,3-ADON,TRI,CP147678.1,GCA_037213105.1|CP147678.1|L2,2,TRI8,5385139,5386437,-,,612.0,False,False,1,1299,1299,100.0,97.383,2211,0.0
GCA_037213105.1,Fusarium graminearum,3-ADON,TRI,CP147678.1,GCA_037213105.1|CP147678.1|L2,2,TRI3,5387050,5388817,+,612.0,956.0,False,False,4,1554,1518,97.68339768339769,95.43364187866928,2444,0.0
GCA_037213105.1,Fusarium graminearum,3-ADON,TRI,CP147678.1,GCA_037213105.1|CP147678.1|L2,2,TRI4,5389774,5391515,-,956.0,1168.0,False,False,4,1563,1563,100.0,99.8722287539936,2881,0.0
GCA_037213105.1,Fusarium graminearum,3-ADON,TRI,CP147678.1,GCA_037213105.1|CP147678.1|L2,2,TRI6,5392684,5393340,+,1168.0,2886.0,False,False,1,657,657,100.0,96.651,1092,0.0
GCA_037213105.1,Fusarium graminearum,3-ADON,TRI,CP147678.1,GCA_037213105.1|CP147678.1|L2,2,TRI5,5396227,5397414,+,2886.0,667.0,False,False,2,1128,1128,100.0,96.45386968085106,1863,0.0
GCA_037213105.1,Fusarium graminearum,3-ADON,TRI,CP147678.1,GCA_037213105.1|CP147678.1|L2,2,TRI10,5398082,5399434,+,667.0,600.0,False,False,2,1263,1263,100.0,93.60227883096366,1890,0.0
GCA_037213105.1,Fusarium graminearum,3-ADON,TRI,CP147678.1,GCA_037213105.1|CP147678.1|L2,2,TRI9,5400035,5400164,-,600.0,1180.0,False,False,1,132,130,98.48484848484848,99.231,235,4.7e-62
GCA_037213105.1,Fusarium graminearum,3-ADON,TRI,CP147678.1,GCA_037213105.1|CP147678.1|L2,2,TRI11,5401345,5403097,-,1180.0,551.0,False,False,1,1722,1722,100.0,83.011,1552,0.0
GCA_037213105.1,Fusarium graminearum,3-ADON,TRI,CP147678.1,GCA_037213105.1|CP147678.1|L2,2,TRI12,5403649,5405629,-,551.0,3074.0,False,False,3,1797,1781,99.10962715637172,95.06191470258136,2803,0.0
GCA_037213105.1,Fusarium graminearum,3-ADON,TRI,CP147678.1,GCA_037213105.1|CP147678.1|L2,2,TRI14,5408704,5409873,+,3074.0,,False,False,2,1116,1116,100.0,99.91016100178892,2060,0.0
GCA_037213105.1,Fusarium graminearum,3-ADON,TRI,CP147679.1,GCA_037213105.1|CP147679.1|L1,1,TRI17,3676970,3677725,-,,12293.0,False,False,1,756,756,100.0,100.0,1397,0.0
GCA_037213105.1,Fusarium graminearum,3-ADON,TRI,CP147679.1,GCA_037213105.1|CP147679.1|L1,1,TRI20,3690019,3690719,+,12293.0,2615.0,False,False,1,749,701,93.59145527369826,100.0,1295,0.0
GCA_037213105.1,Fusarium graminearum,3-ADON,TRI,CP147679.1,GCA_037213105.1|CP147679.1|L1,1,TRI21,3693335,3694128,-,2615.0,,False,False,1,827,794,96.00967351874245,100.0,1467,0.0
GCA_037255895.1,Fusarium graminearum,15-ADON,TRI,CP147672.1,GCA_037255895.1|CP147672.1|L1,1,TRI1,347881,349634,+,,,False,False,5,1539,1539,100.0,97.27798250162022,2620,0.0
GCA_037255895.1,Fusarium graminearum,15-ADON,TRI,CP147673.1,GCA_037255895.1|CP147673.1|L1,1,TRI22,4676674,4678492,-,,1547.0,False,False,3,1681,1681,100.0,99.82229198813056,3097,0.0
GCA_037255895.1,Fusarium graminearum,15-ADON,TRI,CP147673.1,GCA_037255895.1|CP147673.1|L1,1,TRI201,4680040,4681409,+,1547.0,1357.0,False,False,3,1267,1267,100.0,99.36943104806934,2301,0.0
GCA_037255895.1,Fusarium graminearum,15-ADON,TRI,CP147673.1,GCA_037255895.1|CP147673.1|L1,1,TRI101,4682767,4685285,+,1357.0,,False,False,2,2469,2469,100.0,99.59492391744234,4509,0.0
GCA_037255895.1,Fusarium graminearum,15-ADON,TRI,CP147673.1,GCA_037255895.1|CP147673.1|L2,2,TRI8,5439173,5440510,-,,2846.0,False,False,1,1338,1338,100.0,99.776,2455,0.0
GCA_037255895.1,Fusarium graminearum,15-ADON,TRI,CP147673.1,GCA_037255895.1|CP147673.1|L2,2,TRI3,5443357,5445120,+,2846.0,953.0,False,False,4,1554,1517,97.61904761904762,92.2671743119266,2167,0.0
GCA_037255895.1,Fusarium graminearum,15-ADON,TRI,CP147673.1,GCA_037255895.1|CP147673.1|L2,2,TRI4,5446074,5447815,-,953.0,1168.0,False,False,4,1563,1563,100.0,99.93580575079874,2887,0.0
GCA_037255895.1,Fusarium graminearum,15-ADON,TRI,CP147673.1,GCA_037255895.1|CP147673.1|L2,2,TRI6,5448984,5449640,+,1168.0,2880.0,False,False,1,657,657,100.0,96.499,1086,0.0
GCA_037255895.1,Fusarium graminearum,15-ADON,TRI,CP147673.1,GCA_037255895.1|CP147673.1|L2,2,TRI5,5452521,5453707,+,2880.0,667.0,False,False,2,1128,1128,100.0,100.0,2085,0.0
GCA_037255895.1,Fusarium graminearum,15-ADON,TRI,CP147673.1,GCA_037255895.1|CP147673.1|L2,2,TRI10,5454375,5455727,+,667.0,595.0,False,False,2,1263,1263,100.0,93.83851658767772,1907,0.0
GCA_037255895.1,Fusarium graminearum,15-ADON,TRI,CP147673.1,GCA_037255895.1|CP147673.1|L2,2,TRI9,5456323,5456454,-,595.0,1156.0,False,False,1,132,132,100.0,100.0,244,7.74e-65
GCA_037255895.1,Fusarium graminearum,15-ADON,TRI,CP147673.1,GCA_037255895.1|CP147673.1|L2,2,TRI11,5457611,5459351,-,1156.0,557.0,False,False,1,1722,1722,100.0,84.057,1652,0.0
GCA_037255895.1,Fusarium graminearum,15-ADON,TRI,CP147673.1,GCA_037255895.1|CP147673.1|L2,2,TRI12,5459909,5461885,-,557.0,3090.0,False,False,3,1872,1872,100.0,99.89341506410256,3449,0.0
GCA_037255895.1,Fusarium graminearum,15-ADON,TRI,CP147673.1,GCA_037255895.1|CP147673.1|L2,2,TRI14,5464976,5466144,+,3090.0,,False,False,2,1116,1116,100.0,97.85301431127012,1933,0.0
GCA_037255895.1,Fusarium graminearum,15-ADON,TRI,CP147675.1,GCA_037255895.1|CP147675.1|L1,1,TRI17,3555354,3556109,-,,12311.0,False,False,1,756,756,100.0,99.471,1375,0.0
GCA_037255895.1,Fusarium graminearum,15-ADON,TRI,CP147675.1,GCA_037255895.1|CP147675.1|L1,1,TRI20,3568421,3569121,+,12311.0,2626.0,False,False,1,749,701,93.59145527369826,100.0,1295,0.0
GCA_037255895.1,Fusarium graminearum,15-ADON,TRI,CP147675.1,GCA_037255895.1|CP147675.1|L1,1,TRI21,3571748,3572541,-,2626.0,,False,False,1,827,794,96.00967351874245,99.622,1450,0.0
GCA_038181435.1,Fusarium acuminatum,Not reported ,TRI ,CP151263.1,GCA_038181435.1|CP151263.1|L1,1,TRI21,864807,865603,+,,,False,False,1,827,794,96.00967351874245,80.893,616,1.33e-175
GCA_038181435.1,Fusarium acuminatum,Not reported ,TRI ,CP151266.1,GCA_038181435.1|CP151266.1|L1,1,TRI22,428026,429753,-,,4430.0,False,False,3,1681,1550,92.20701963117192,87.00095752895754,1751,0.0
GCA_038181435.1,Fusarium acuminatum,Not reported ,TRI ,CP151266.1,GCA_038181435.1|CP151266.1|L1,1,TRI101,434184,436488,+,4430.0,,False,False,2,2469,2278,92.26407452409885,84.25883165719283,2191,0.0
GCA_041870755.1,Fusarium sambucinum,T-2/HT-2 *,TRI,CP167249.1,GCA_041870755.1|CP167249.1|L1,1,TRI16,62720,63945,-,,,False,False,1,1482,1226,82.72604588394063,88.427,1478,0.0
GCA_041870755.1,Fusarium sambucinum,T-2/HT-2 *,TRI,CP167250.1,GCA_041870755.1|CP167250.1|L1,1,TRI14,3731431,3732356,-,,1070.0,False,False,1,928,926,99.78448275862068,92.549,1328,0.0
GCA_041870755.1,Fusarium sambucinum,T-2/HT-2 *,TRI,CP167250.1,GCA_041870755.1|CP167250.1|L1,1,TRI13,3733427,3735251,+,1070.0,739.0,False,False,2,1764,1764,100.0,90.71357078142697,2354,0.0
GCA_041870755.1,Fusarium sambucinum,T-2/HT-2 *,TRI,CP167250.1,GCA_041870755.1|CP167250.1|L1,1,TRI12,3735991,3737890,+,739.0,576.0,False,False,1,1902,1902,100.0,81.751,1580,0.0
GCA_041870755.1,Fusarium sambucinum,T-2/HT-2 *,TRI,CP167250.1,GCA_041870755.1|CP167250.1|L1,1,TRI11,3738467,3740191,+,576.0,1079.0,False,False,1,1722,1722,100.0,86.848,1925,0.0
GCA_041870755.1,Fusarium sambucinum,T-2/HT-2 *,TRI,CP167250.1,GCA_041870755.1|CP167250.1|L1,1,TRI9,3741271,3741402,+,1079.0,613.0,False,False,1,132,132,100.0,96.212,217,1.76e-56
GCA_041870755.1,Fusarium sambucinum,T-2/HT-2 *,TRI,CP167250.1,GCA_041870755.1|CP167250.1|L1,1,TRI10,3742016,3743355,-,613.0,650.0,False,False,2,1263,1263,100.0,91.85741501976284,1766,0.0
GCA_041870755.1,Fusarium sambucinum,T-2/HT-2 *,TRI,CP167250.1,GCA_041870755.1|CP167250.1|L1,1,TRI5,3744006,3745199,-,650.0,2827.0,False,False,2,1134,1134,100.0,93.29782098765432,1675,0.0
GCA_041870755.1,Fusarium sambucinum,T-2/HT-2 *,TRI,CP167250.1,GCA_041870755.1|CP167250.1|L1,1,TRI6,3748027,3748713,-,2827.0,1114.0,False,False,1,693,693,100.0,93.362,1020,0.0
GCA_041870755.1,Fusarium sambucinum,T-2/HT-2 *,TRI,CP167250.1,GCA_041870755.1|CP167250.1|L1,1,TRI4,3749828,3751568,+,1114.0,870.0,False,False,4,1563,1563,100.0,92.79799681325686,2274,0.0
GCA_041870755.1,Fusarium sambucinum,T-2/HT-2 *,TRI,CP167250.1,GCA_041870755.1|CP167250.1|L1,1,TRI3,3752439,3754206,-,870.0,885.0,False,False,3,1560,1386,88.84615384615384,91.34808579668348,1896,0.0
GCA_041870755.1,Fusarium sambucinum,T-2/HT-2 *,TRI,CP167250.1,GCA_041870755.1|CP167250.1|L1,1,TRI7,3755092,3756507,-,885.0,676.0,False,False,2,1398,1366,97.7110157367668,91.81270175438596,1907,0.0
GCA_041870755.1,Fusarium sambucinum,T-2/HT-2 *,TRI,CP167250.1,GCA_041870755.1|CP167250.1|L1,1,TRI8,3757184,3758527,+,676.0,,False,False,1,1341,1341,100.0,91.295,1831,0.0
GCA_041870755.1,Fusarium sambucinum,T-2/HT-2 *,TRI,CP167250.1,GCA_041870755.1|CP167250.1|L2,2,TRI22,4484939,4486730,-,,1511.0,False,False,3,1681,1678,99.82153480071386,92.34430801186944,2379,0.0
GCA_041870755.1,Fusarium sambucinum,T-2/HT-2 *,TRI,CP167250.1,GCA_041870755.1|CP167250.1|L2,2,TRI201,4488242,4489610,+,1511.0,1339.0,False,False,3,1267,1266,99.92107340173638,90.82341019607844,1692,0.0
GCA_041870755.1,Fusarium sambucinum,T-2/HT-2 *,TRI,CP167250.1,GCA_041870755.1|CP167250.1|L2,2,TRI101,4490950,4493449,+,1339.0,,False,False,2,2469,2467,99.91899554475496,90.90193732308936,3299,0.0
GCA_041870755.1,Fusarium sambucinum,T-2/HT-2 *,TRI,CP167251.1,GCA_041870755.1|CP167251.1|L1,1,TRI17,3918855,3919606,-,,10925.0,False,False,1,756,756,100.0,92.19599999999998,1066,0.0
GCA_041870755.1,Fusarium sambucinum,T-2/HT-2 *,TRI,CP167251.1,GCA_041870755.1|CP167251.1|L1,1,TRI20,3930532,3931229,+,10925.0,2550.0,False,False,1,749,698,93.1909212283044,87.268,797,0.0
GCA_041870755.1,Fusarium sambucinum,T-2/HT-2 *,TRI,CP167251.1,GCA_041870755.1|CP167251.1|L1,1,TRI21,3933780,3934573,-,2550.0,,False,False,1,827,794,96.00967351874245,92.065,1118,0.0
GCA_046056315.1,Fusarium poae,NIV,TRI,CM100254.1,GCA_046056315.1|CM100254.1|L1,1,TRI1,60588,62349,-,,,False,False,5,1536,1536,100.0,99.80702316602316,2854,0.0
GCA_046056315.1,Fusarium poae,NIV,TRI,CM100255.1,GCA_046056315.1|CM100255.1|L1,1,TRI22,5057710,5059397,-,,4249.0,False,False,3,1681,1557,92.62343842950624,93.0812940422806,2285,0.0
GCA_046056315.1,Fusarium poae,NIV,TRI,CM100255.1,GCA_046056315.1|CM100255.1|L1,1,TRI101,5063647,5066169,+,4249.0,,False,False,2,2469,2467,99.91899554475496,90.99360056542812,3330,0.0
GCA_046056315.1,Fusarium poae,NIV,TRI,CM100255.1,GCA_046056315.1|CM100255.1|L2,2,TRI8,5851507,5852847,-,,640.0,False,False,1,1341,1341,100.0,100.0,2477,0.0
GCA_046056315.1,Fusarium poae,NIV,TRI,CM100255.1,GCA_046056315.1|CM100255.1|L2,2,TRI7,5853488,5854933,+,640.0,1517.0,False,False,2,1398,1398,100.0,100.0,2587,0.0
GCA_046056315.1,Fusarium poae,NIV,TRI,CM100255.1,GCA_046056315.1|CM100255.1|L2,2,TRI3,5856451,5858230,+,1517.0,876.0,False,False,4,1560,1529,98.01282051282053,99.93469562377533,2822,0.0
GCA_046056315.1,Fusarium poae,NIV,TRI,CM100255.1,GCA_046056315.1|CM100255.1|L2,2,TRI4,5859107,5860848,-,876.0,1178.0,False,False,4,1563,1563,100.0,99.93621159974506,2894,0.0
GCA_046056315.1,Fusarium poae,NIV,TRI,CM100255.1,GCA_046056315.1|CM100255.1|L2,2,TRI6,5862027,5862695,+,1178.0,5061.0,True,True,1,693,693,100.0,96.537,1125,0.0
GCA_046056315.1,Fusarium poae,NIV,TRI,CM100255.1,GCA_046056315.1|CM100255.1|L2,2,TRI5,5867757,5868950,+,5061.0,697.0,False,False,2,1134,1134,100.0,100.0,2096,0.0
GCA_046056315.1,Fusarium poae,NIV,TRI,CM100255.1,GCA_046056315.1|CM100255.1|L2,2,TRI10,5869648,5870987,+,697.0,607.0,False,False,2,1263,1263,100.0,100.0,2338,0.0
GCA_046056315.1,Fusarium poae,NIV,TRI,CM100255.1,GCA_046056315.1|CM100255.1|L2,2,TRI9,5871595,5871726,-,607.0,1131.0,False,False,1,132,132,100.0,100.0,244,9.45e-65
GCA_046056315.1,Fusarium poae,NIV,TRI,CM100255.1,GCA_046056315.1|CM100255.1|L2,2,TRI11,5872858,5874590,-,1131.0,618.0,False,False,1,1722,1722,100.0,86.11,1855,0.0
GCA_046056315.1,Fusarium poae,NIV,TRI,CM100255.1,GCA_046056315.1|CM100255.1|L2,2,TRI12,5875209,5877116,-,618.0,722.0,False,False,3,1800,1799,99.94444444444444,99.94455388888888,3321,0.0
GCA_046056315.1,Fusarium poae,NIV,TRI,CM100255.1,GCA_046056315.1|CM100255.1|L2,2,TRI13,5877839,5879663,-,722.0,1071.0,False,False,2,1764,1764,100.0,100.0,3262,0.0
GCA_046056315.1,Fusarium poae,NIV,TRI,CM100255.1,GCA_046056315.1|CM100255.1|L2,2,TRI14,5880735,5881662,+,1071.0,,False,False,1,928,928,100.0,100.0,1714,0.0
GCA_046056315.1,Fusarium poae,NIV,TRI,CM100256.1,GCA_046056315.1|CM100256.1|L1,1,TRI17,3658198,3658952,-,,10572.0,False,False,1,756,741,98.015873015873,89.68299999999999,950,0.0
GCA_046056315.1,Fusarium poae,NIV,TRI,CM100256.1,GCA_046056315.1|CM100256.1|L1,1,TRI20,3669525,3670225,+,10572.0,2573.0,False,False,1,749,698,93.1909212283044,87.179,793,0.0
GCA_046056315.1,Fusarium poae,NIV,TRI,CM100256.1,GCA_046056315.1|CM100256.1|L1,1,TRI21,3672799,3673592,-,2573.0,,False,False,1,827,794,96.00967351874245,91.688,1101,0.0
GCA_046056315.1,Fusarium poae,NIV,TRI,CM100258.1,GCA_046056315.1|CM100258.1|L1,1,TRI6,1112374,1113054,+,,,True,True,1,693,687,99.13419913419914,93.013,998,0.0
GCA_047716405.1,Fusarium chlamydosporum,Not reported ,TRI,JBLAUX010000001.1,GCA_047716405.1|JBLAUX010000001.1|L1,1,TRI22,1385523,1387261,-,,4260.0,False,False,3,1681,1566,93.15883402736466,90.1690688791484,2074,0.0
GCA_047716405.1,Fusarium chlamydosporum,Not reported ,TRI,JBLAUX010000001.1,GCA_047716405.1|JBLAUX010000001.1|L1,1,TRI101,1391522,1394039,+,4260.0,,False,False,2,2469,2467,99.91899554475496,86.84965832997177,2755,0.0
GCA_047716405.1,Fusarium chlamydosporum,Not reported ,TRI,JBLAUX010000012.1,GCA_047716405.1|JBLAUX010000012.1|L1,1,TRI21,812763,813556,+,,14724.0,False,False,1,827,794,96.00967351874245,86.776,885,0.0
GCA_047716405.1,Fusarium chlamydosporum,Not reported ,TRI,JBLAUX010000012.1,GCA_047716405.1|JBLAUX010000012.1|L1,1,TRI17,828281,829013,+,14724.0,,False,False,1,756,733,96.95767195767196,81.092,568,2.78e-161
GCA_050859235.1,Fusarium tricinctum,NP,TRI ,CM116341.1,GCA_050859235.1|CM116341.1|L1,1,TRI21,4178607,4179403,-,,,False,False,1,827,794,96.00967351874245,80.841,610,6.11e-174
GCA_050859235.1,Fusarium tricinctum,NP,TRI ,CM116345.1,GCA_050859235.1|CM116345.1|L1,1,TRI22,489065,490588,-,,4635.0,False,False,2,1681,1401,83.34324806662701,87.25044230769231,1601,0.0
GCA_050859235.1,Fusarium tricinctum,NP,TRI ,CM116345.1,GCA_050859235.1|CM116345.1|L1,1,TRI101,495224,497528,+,4635.0,,False,False,2,2469,2278,92.26407452409885,84.39014997813729,2208,0.0
GCA_050916195.1,Fusarium asiaticum,3-ADON,TRI,CP099492.1,GCA_050916195.1|CP099492.1|L1,1,TRI17,3676953,3677709,-,,12291.0,False,False,1,756,756,100.0,99.604,1380,0.0
GCA_050916195.1,Fusarium asiaticum,3-ADON,TRI,CP099492.1,GCA_050916195.1|CP099492.1|L1,1,TRI20,3690001,3690698,+,12291.0,2616.0,False,False,1,749,698,93.1909212283044,99.427,1267,0.0
GCA_050916195.1,Fusarium asiaticum,3-ADON,TRI,CP099492.1,GCA_050916195.1|CP099492.1|L1,1,TRI21,3693315,3694108,-,2616.0,,False,False,1,827,794,96.00967351874245,99.118,1428,0.0
GCA_050916195.1,Fusarium asiaticum,3-ADON,TRI,CP099493.1,GCA_050916195.1|CP099493.1|L1,1,TRI22,4693479,4695291,-,,1541.0,False,False,3,1681,1681,100.0,98.99096023738872,3014,0.0
GCA_050916195.1,Fusarium asiaticum,3-ADON,TRI,CP099493.1,GCA_050916195.1|CP099493.1|L1,1,TRI201,4696833,4698202,+,1541.0,1365.0,False,False,3,1267,1267,100.0,99.29061780929868,2295,0.0
GCA_050916195.1,Fusarium asiaticum,3-ADON,TRI,CP099493.1,GCA_050916195.1|CP099493.1|L1,1,TRI101,4699568,4702084,+,1365.0,,False,False,2,2469,2467,99.91899554475496,97.20496395301744,4178,0.0
GCA_050916195.1,Fusarium asiaticum,3-ADON,TRI,CP099493.1,GCA_050916195.1|CP099493.1|L2,2,TRI8,5454195,5455493,-,,609.0,False,False,1,1299,1299,100.0,97.691,2233,0.0
GCA_050916195.1,Fusarium asiaticum,3-ADON,TRI,CP099493.1,GCA_050916195.1|CP099493.1|L2,2,TRI3,5456103,5457871,+,609.0,955.0,False,False,4,1554,1519,97.74774774774777,97.58787353324642,2629,0.0
GCA_050916195.1,Fusarium asiaticum,3-ADON,TRI,CP099493.1,GCA_050916195.1|CP099493.1|L2,2,TRI4,5458827,5460570,-,955.0,1174.0,False,False,4,1563,1563,100.0,97.19052873563216,2648,0.0
GCA_050916195.1,Fusarium asiaticum,3-ADON,TRI,CP099493.1,GCA_050916195.1|CP099493.1|L2,2,TRI6,5461745,5462401,+,1174.0,2923.0,False,False,1,657,657,100.0,98.326,1153,0.0
GCA_050916195.1,Fusarium asiaticum,3-ADON,TRI,CP099493.1,GCA_050916195.1|CP099493.1|L2,2,TRI5,5465325,5466513,+,2923.0,707.0,False,False,2,1128,1128,100.0,95.1240815602837,1779,0.0
GCA_050916195.1,Fusarium asiaticum,3-ADON,TRI,CP099493.1,GCA_050916195.1|CP099493.1|L2,2,TRI10,5467221,5468588,+,707.0,606.0,False,False,2,1263,1258,99.60411718131434,93.3389516256939,1865,0.0
GCA_050916195.1,Fusarium asiaticum,3-ADON,TRI,CP099493.1,GCA_050916195.1|CP099493.1|L2,2,TRI9,5469195,5469326,-,606.0,1273.0,False,False,1,132,132,100.0,97.727,228,8.12e-60
GCA_050916195.1,Fusarium asiaticum,3-ADON,TRI,CP099493.1,GCA_050916195.1|CP099493.1|L2,2,TRI11,5470600,5472336,-,1273.0,565.0,False,False,1,1722,1722,100.0,84.268,1670,0.0
GCA_050916195.1,Fusarium asiaticum,3-ADON,TRI,CP099493.1,GCA_050916195.1|CP099493.1|L2,2,TRI12,5472902,5474883,-,565.0,3151.0,False,False,3,1797,1797,100.0,95.82854949944382,2906,0.0
GCA_050916195.1,Fusarium asiaticum,3-ADON,TRI,CP099493.1,GCA_050916195.1|CP099493.1|L2,2,TRI14,5478035,5479208,+,3151.0,,False,False,2,1116,1116,100.0,99.10516994633274,2010,0.0
GCA_050916195.1,Fusarium asiaticum,3-ADON,TRI,CP099494.1,GCA_050916195.1|CP099494.1|L1,1,TRI1,436937,438690,+,,,False,False,5,1539,1539,100.0,97.53738107582632,2642,0.0
GCA_051903665.1,Fusarium graminearum,Not reported ,TRI,CM122890.1,GCA_051903665.1|CM122890.1|L1,1,TRI1,345129,346881,+,,,False,False,5,1539,1539,100.0,97.86119896305895,2670,0.0
GCA_051903665.1,Fusarium graminearum,Not reported ,TRI,CM122891.1,GCA_051903665.1|CM122891.1|L1,1,TRI22,4691085,4692900,-,,1547.0,False,False,3,1681,1681,100.0,99.2877637982196,3043,0.0
GCA_051903665.1,Fusarium graminearum,Not reported ,TRI,CM122891.1,GCA_051903665.1|CM122891.1|L1,1,TRI201,4694448,4695817,+,1547.0,1365.0,False,False,3,1267,1267,100.0,98.97561150512216,2273,0.0
GCA_051903665.1,Fusarium graminearum,Not reported ,TRI,CM122891.1,GCA_051903665.1|CM122891.1|L1,1,TRI101,4697183,4699699,+,1365.0,,False,False,2,2469,2467,99.91899554475496,97.28608748481167,4189,0.0
GCA_051903665.1,Fusarium graminearum,Not reported ,TRI,CM122891.1,GCA_051903665.1|CM122891.1|L2,2,TRI8,5497267,5498601,-,,646.0,False,False,1,1338,1338,100.0,88.49,1615,0.0
GCA_051903665.1,Fusarium graminearum,Not reported ,TRI,CM122891.1,GCA_051903665.1|CM122891.1|L2,2,TRI7,5499248,5500670,+,646.0,797.0,False,False,2,1398,1378,98.56938483547926,81.14148554913294,1095,0.0
GCA_051903665.1,Fusarium graminearum,Not reported ,TRI,CM122891.1,GCA_051903665.1|CM122891.1|L2,2,TRI3,5501468,5503230,+,797.0,1171.0,False,False,4,1554,1519,97.74774774774777,91.36094960732984,2093,0.0
GCA_051903665.1,Fusarium graminearum,Not reported ,TRI,CM122891.1,GCA_051903665.1|CM122891.1|L2,2,TRI4,5504402,5506145,-,1171.0,1176.0,False,False,4,1563,1563,100.0,97.443896485623,2670,0.0
GCA_051903665.1,Fusarium graminearum,Not reported ,TRI,CM122891.1,GCA_051903665.1|CM122891.1|L2,2,TRI6,5507322,5507978,+,1176.0,2926.0,False,False,1,657,657,100.0,96.049,1070,0.0
GCA_051903665.1,Fusarium graminearum,Not reported ,TRI,CM122891.1,GCA_051903665.1|CM122891.1|L2,2,TRI5,5510905,5512084,+,2926.0,667.0,False,False,2,1128,1128,100.0,95.30160638297872,1791,0.0
GCA_051903665.1,Fusarium graminearum,Not reported ,TRI,CM122891.1,GCA_051903665.1|CM122891.1|L2,2,TRI10,5512752,5514101,+,667.0,595.0,False,False,2,1263,1252,99.12905779889152,94.56905591054311,1937,0.0
GCA_051903665.1,Fusarium graminearum,Not reported ,TRI,CM122891.1,GCA_051903665.1|CM122891.1|L2,2,TRI9,5514697,5514828,-,595.0,1229.0,False,False,1,132,132,100.0,99.242,239,3.62e-63
GCA_051903665.1,Fusarium graminearum,Not reported ,TRI,CM122891.1,GCA_051903665.1|CM122891.1|L2,2,TRI11,5516058,5517795,-,1229.0,593.0,False,False,1,1722,1720,99.88385598141696,84.668,1709,0.0
GCA_051903665.1,Fusarium graminearum,Not reported ,TRI,CM122891.1,GCA_051903665.1|CM122891.1|L2,2,TRI12,5518389,5520346,-,593.0,3347.0,False,False,3,1797,1797,100.0,91.72674847307051,2499,0.0
GCA_051903665.1,Fusarium graminearum,Not reported ,TRI,CM122891.1,GCA_051903665.1|CM122891.1|L2,2,TRI14,5523694,5524862,+,3347.0,,False,False,2,1116,1116,100.0,99.5524686940966,2038,0.0
GCA_051903665.1,Fusarium graminearum,Not reported ,TRI,CM122893.1,GCA_051903665.1|CM122893.1|L1,1,TRI21,4316313,4317106,+,,2608.0,False,False,1,827,794,96.00967351874245,99.37,1439,0.0
GCA_051903665.1,Fusarium graminearum,Not reported ,TRI,CM122893.1,GCA_051903665.1|CM122893.1|L1,1,TRI20,4319715,4320415,-,2608.0,12290.0,False,False,1,749,701,93.59145527369826,98.573,1240,0.0
GCA_051903665.1,Fusarium graminearum,Not reported ,TRI,CM122893.1,GCA_051903665.1|CM122893.1|L1,1,TRI17,4332706,4333461,+,12290.0,,False,False,1,756,756,100.0,99.603,1380,0.0
GCA_052857265.1,Fusarium equiseti,Not reported ,TRI,JAOANM010000002.1,GCA_052857265.1|JAOANM010000002.1|L1,1,TRI22,467973,469421,-,,4597.0,False,False,2,1681,1401,83.34324806662701,88.38992592592594,1691,0.0
GCA_052857265.1,Fusarium equiseti,Not reported ,TRI,JAOANM010000002.1,GCA_052857265.1|JAOANM010000002.1|L1,1,TRI101,474019,476350,+,4597.0,,False,False,2,2469,2289,92.70959902794654,88.26347294938917,2734,0.0
GCA_052857265.1,Fusarium equiseti,Not reported ,TRI,JAOANM010000002.1,GCA_052857265.1|JAOANM010000002.1|L2,2,TRI5,1672703,1673879,+,,,False,False,2,1128,1114,98.75886524822694,79.99976412556053,819,7.120000000000001e-124
GCA_052857265.1,Fusarium equiseti,Not reported ,TRI,JAOANM010000017.1,GCA_052857265.1|JAOANM010000017.1|L1,1,TRI21,469098,469894,-,,,False,False,1,827,794,96.00967351874245,84.442,782,0.0
GCA_054553065.1,Fusarium cerealis,NIV,TRI,CM137277.1,GCA_054553065.1|CM137277.1|L1,1,TRI1,11550678,11552431,-,,,False,False,5,1539,1539,100.0,97.80069081500648,2671,0.0
GCA_054553065.1,Fusarium cerealis,NIV,TRI,CM137278.1,GCA_054553065.1|CM137278.1|L1,1,TRI14,3516325,3517497,-,,3346.0,False,False,2,1116,1115,99.91039426523297,96.8667672336616,1870,0.0
GCA_054553065.1,Fusarium cerealis,NIV,TRI,CM137278.1,GCA_054553065.1|CM137278.1|L1,1,TRI12,3520844,3522822,+,3346.0,573.0,False,False,3,1872,1866,99.67948717948718,91.28789898450027,2547,0.0
GCA_054553065.1,Fusarium cerealis,NIV,TRI,CM137278.1,GCA_054553065.1|CM137278.1|L1,1,TRI11,3523396,3525137,+,573.0,1243.0,False,False,1,1722,1722,100.0,85.003,1748,0.0
GCA_054553065.1,Fusarium cerealis,NIV,TRI,CM137278.1,GCA_054553065.1|CM137278.1|L1,1,TRI9,3526381,3526512,+,1243.0,599.0,False,False,1,132,132,100.0,99.242,239,3.58e-63
GCA_054553065.1,Fusarium cerealis,NIV,TRI,CM137278.1,GCA_054553065.1|CM137278.1|L1,1,TRI10,3527112,3528461,-,599.0,671.0,False,False,2,1263,1252,99.12905779889152,94.80822444089456,1953,0.0
GCA_054553065.1,Fusarium cerealis,NIV,TRI,CM137278.1,GCA_054553065.1|CM137278.1|L1,1,TRI5,3529133,3530312,-,671.0,2939.0,False,False,2,1128,1128,100.0,95.478625,1802,0.0
GCA_054553065.1,Fusarium cerealis,NIV,TRI,CM137278.1,GCA_054553065.1|CM137278.1|L1,1,TRI6,3533252,3533908,-,2939.0,1167.0,False,False,1,657,657,100.0,95.745,1059,0.0
GCA_054553065.1,Fusarium cerealis,NIV,TRI,CM137278.1,GCA_054553065.1|CM137278.1|L1,1,TRI4,3535076,3536814,+,1167.0,982.0,False,False,4,1563,1563,100.0,96.61325111821084,2595,0.0
GCA_054553065.1,Fusarium cerealis,NIV,TRI,CM137278.1,GCA_054553065.1|CM137278.1|L1,1,TRI3,3537797,3539559,-,982.0,812.0,False,False,4,1554,1522,97.94079794079794,91.54816580645162,2138,0.0
GCA_054553065.1,Fusarium cerealis,NIV,TRI,CM137278.1,GCA_054553065.1|CM137278.1|L1,1,TRI7,3540372,3541794,-,812.0,647.0,False,False,2,1398,1375,98.35479256080114,80.76911103047895,1066,2.29e-179
GCA_054553065.1,Fusarium cerealis,NIV,TRI,CM137278.1,GCA_054553065.1|CM137278.1|L1,1,TRI8,3542442,3543776,+,647.0,,False,False,1,1338,1338,100.0,88.358,1604,0.0
GCA_054553065.1,Fusarium cerealis,NIV,TRI,CM137278.1,GCA_054553065.1|CM137278.1|L2,2,TRI101,4308764,4311281,-,,1357.0,False,False,2,2469,2467,99.91899554475496,97.32795384615386,4195,0.0
GCA_054553065.1,Fusarium cerealis,NIV,TRI,CM137278.1,GCA_054553065.1|CM137278.1|L2,2,TRI201,4312639,4313995,-,1357.0,1549.0,False,False,3,1267,1267,100.0,94.65394496855346,1956,0.0
GCA_054553065.1,Fusarium cerealis,NIV,TRI,CM137278.1,GCA_054553065.1|CM137278.1|L2,2,TRI22,4315545,4317345,+,1549.0,,False,False,3,1681,1681,100.0,97.56651513353115,2868,0.0
GCA_054553065.1,Fusarium cerealis,NIV,TRI,CM137279.1,GCA_054553065.1|CM137279.1|L1,1,TRI21,1799561,1800354,+,,2609.0,False,False,1,827,794,96.00967351874245,98.489,1400,0.0
GCA_054553065.1,Fusarium cerealis,NIV,TRI,CM137279.1,GCA_054553065.1|CM137279.1|L1,1,TRI20,1802964,1803664,-,2609.0,12416.0,False,False,1,749,701,93.59145527369826,99.001,1256,0.0
GCA_054553065.1,Fusarium cerealis,NIV,TRI,CM137279.1,GCA_054553065.1|CM137279.1|L1,1,TRI17,1816081,1816833,+,12416.0,,False,False,1,756,753,99.6031746031746,98.00799999999998,1308,0.0
GCA_900007375.1,Fusarium venenatum,NP,TRI ,LN649229.1,GCA_900007375.1|LN649229.1|L1,1,TRI16,235907,237351,-,,,False,False,1,1482,1448,97.70580296896088,77.008,815,0.0
GCA_900007375.1,Fusarium venenatum,NP,TRI ,LN649230.1,GCA_900007375.1|LN649230.1|L1,1,TRI22,4813654,4815336,-,,1517.0,False,False,3,1681,1557,92.62343842950624,94.10656310057657,2375,0.0
GCA_900007375.1,Fusarium venenatum,NP,TRI ,LN649230.1,GCA_900007375.1|LN649230.1|L1,1,TRI201,4816854,4818220,+,1517.0,1384.0,False,False,3,1267,1267,100.0,90.9659897879026,1705,0.0
GCA_900007375.1,Fusarium venenatum,NP,TRI ,LN649230.1,GCA_900007375.1|LN649230.1|L1,1,TRI101,4819605,4822069,+,1384.0,,False,False,2,2469,2414,97.77237748076143,91.60490694789084,3338,0.0
GCA_900007375.1,Fusarium venenatum,NP,TRI ,LN649230.1,GCA_900007375.1|LN649230.1|L2,2,TRI8,5604849,5606192,-,,676.0,False,False,1,1341,1341,100.0,91.518,1847,0.0
GCA_900007375.1,Fusarium venenatum,NP,TRI ,LN649230.1,GCA_900007375.1|LN649230.1|L2,2,TRI7,5606869,5608284,+,676.0,843.0,False,False,2,1398,1366,97.7110157367668,93.20180701754389,2012,0.0
GCA_900007375.1,Fusarium venenatum,NP,TRI ,LN649230.1,GCA_900007375.1|LN649230.1|L2,2,TRI3,5609128,5610907,+,843.0,872.0,False,False,3,1560,1397,89.55128205128206,91.5593948497854,1928,0.0
GCA_900007375.1,Fusarium venenatum,NP,TRI ,LN649230.1,GCA_900007375.1|LN649230.1|L2,2,TRI4,5611780,5613521,-,872.0,1149.0,False,False,3,1563,1372,87.77991042866283,93.22137973760934,2020,0.0
GCA_900007375.1,Fusarium venenatum,NP,TRI ,LN649230.1,GCA_900007375.1|LN649230.1|L2,2,TRI6,5614671,5615357,+,1149.0,2846.0,False,False,1,693,693,100.0,94.372,1059,0.0
GCA_900007375.1,Fusarium venenatum,NP,TRI ,LN649230.1,GCA_900007375.1|LN649230.1|L2,2,TRI5,5618204,5619406,+,2846.0,645.0,False,False,2,1134,1134,100.0,93.52615485564304,1693,0.0
GCA_900007375.1,Fusarium venenatum,NP,TRI ,LN649230.1,GCA_900007375.1|LN649230.1|L2,2,TRI10,5620052,5621391,+,645.0,614.0,False,False,2,1263,1263,100.0,92.6479090909091,1822,0.0
GCA_900007375.1,Fusarium venenatum,NP,TRI ,LN649230.1,GCA_900007375.1|LN649230.1|L2,2,TRI9,5622006,5622137,-,614.0,1122.0,False,False,1,132,132,100.0,95.455,211,8.23e-55
GCA_900007375.1,Fusarium venenatum,NP,TRI ,LN649230.1,GCA_900007375.1|LN649230.1|L2,2,TRI11,5623260,5624984,-,1122.0,579.0,False,False,1,1722,1722,100.0,86.209,1858,0.0
GCA_900007375.1,Fusarium venenatum,NP,TRI ,LN649230.1,GCA_900007375.1|LN649230.1|L2,2,TRI12,5625564,5627466,-,579.0,700.0,False,False,1,1902,1902,100.0,81.842,1585,0.0
GCA_900007375.1,Fusarium venenatum,NP,TRI ,LN649230.1,GCA_900007375.1|LN649230.1|L2,2,TRI13,5628167,5629995,-,700.0,1073.0,False,False,2,1764,1764,100.0,91.90284258210644,2470,0.0
GCA_900007375.1,Fusarium venenatum,NP,TRI ,LN649230.1,GCA_900007375.1|LN649230.1|L2,2,TRI14,5631069,5631982,+,1073.0,,False,False,1,928,914,98.49137931034484,92.888,1328,0.0
GCA_900007375.1,Fusarium venenatum,NP,TRI ,LN649231.1,GCA_900007375.1|LN649231.1|L1,1,TRI17,3859718,3860469,-,,11649.0,False,False,1,756,756,100.0,91.963,1055,0.0
GCA_900007375.1,Fusarium venenatum,NP,TRI ,LN649231.1,GCA_900007375.1|LN649231.1|L1,1,TRI20,3872119,3872816,+,11649.0,2584.0,False,False,1,749,698,93.1909212283044,88.682,852,0.0
GCA_900007375.1,Fusarium venenatum,NP,TRI ,LN649231.1,GCA_900007375.1|LN649231.1|L1,1,TRI21,3875401,3876191,-,2584.0,,False,False,1,827,794,96.00967351874245,92.317,1125,0.0
GCA_900044135.1,Fusarium graminearum,15-ADON,TRI,HG970332.2,GCA_900044135.1|HG970332.2|L1,1,TRI1,291505,293259,+,,,False,False,5,1539,1539,100.0,97.34282372002592,2625,0.0
GCA_900044135.1,Fusarium graminearum,15-ADON,TRI,HG970333.1,GCA_900044135.1|HG970333.1|L1,1,TRI22,4624670,4626488,-,,1547.0,False,False,3,1681,1681,100.0,100.0,3113,0.0
GCA_900044135.1,Fusarium graminearum,15-ADON,TRI,HG970333.1,GCA_900044135.1|HG970333.1|L1,1,TRI201,4628036,4629405,+,1547.0,1354.0,False,False,3,1267,1267,100.0,100.0,2346,0.0
GCA_900044135.1,Fusarium graminearum,15-ADON,TRI,HG970333.1,GCA_900044135.1|HG970333.1|L1,1,TRI101,4630760,4633278,+,1354.0,,False,False,2,2469,2469,100.0,100.0,4564,0.0
GCA_900044135.1,Fusarium graminearum,15-ADON,TRI,HG970333.1,GCA_900044135.1|HG970333.1|L2,2,TRI8,5392461,5393798,-,,2878.0,False,False,1,1338,1338,100.0,100.0,2471,0.0
GCA_900044135.1,Fusarium graminearum,15-ADON,TRI,HG970333.1,GCA_900044135.1|HG970333.1|L2,2,TRI3,5396677,5398444,+,2878.0,953.0,False,False,4,1554,1517,97.61904761904762,92.33303014416776,2172,0.0
GCA_900044135.1,Fusarium graminearum,15-ADON,TRI,HG970333.1,GCA_900044135.1|HG970333.1|L2,2,TRI4,5399398,5401139,-,953.0,1168.0,False,False,4,1563,1563,100.0,100.0,2892,0.0
GCA_900044135.1,Fusarium graminearum,15-ADON,TRI,HG970333.1,GCA_900044135.1|HG970333.1|L2,2,TRI6,5402308,5402964,+,1168.0,2887.0,False,False,1,657,657,100.0,96.499,1086,0.0
GCA_900044135.1,Fusarium graminearum,15-ADON,TRI,HG970333.1,GCA_900044135.1|HG970333.1|L2,2,TRI5,5405852,5407038,+,2887.0,667.0,False,False,2,1128,1128,100.0,100.0,2085,0.0
GCA_900044135.1,Fusarium graminearum,15-ADON,TRI,HG970333.1,GCA_900044135.1|HG970333.1|L2,2,TRI10,5407706,5409058,+,667.0,595.0,False,False,2,1263,1263,100.0,93.91768799368089,1912,0.0
GCA_900044135.1,Fusarium graminearum,15-ADON,TRI,HG970333.1,GCA_900044135.1|HG970333.1|L2,2,TRI9,5409654,5409785,-,595.0,1167.0,False,False,1,132,132,100.0,100.0,244,7.98e-65
GCA_900044135.1,Fusarium graminearum,15-ADON,TRI,HG970333.1,GCA_900044135.1|HG970333.1|L2,2,TRI11,5410953,5412693,-,1167.0,557.0,False,False,1,1722,1722,100.0,84.162,1663,0.0
GCA_900044135.1,Fusarium graminearum,15-ADON,TRI,HG970333.1,GCA_900044135.1|HG970333.1|L2,2,TRI12,5413251,5415227,-,557.0,3080.0,False,False,3,1872,1872,100.0,100.0,3459,0.0
GCA_900044135.1,Fusarium graminearum,15-ADON,TRI,HG970333.1,GCA_900044135.1|HG970333.1|L2,2,TRI14,5418308,5419477,+,3080.0,,False,False,2,1116,1116,100.0,100.0,2066,0.0
GCA_900044135.1,Fusarium graminearum,15-ADON,TRI,HG970334.1,GCA_900044135.1|HG970334.1|L1,1,TRI17,3547255,3548010,-,,12318.0,False,False,1,756,756,100.0,100.0,1397,0.0
GCA_900044135.1,Fusarium graminearum,15-ADON,TRI,HG970334.1,GCA_900044135.1|HG970334.1|L1,1,TRI20,3560329,3561029,+,12318.0,2612.0,False,False,1,749,701,93.59145527369826,100.0,1295,0.0
GCA_900044135.1,Fusarium graminearum,15-ADON,TRI,HG970334.1,GCA_900044135.1|HG970334.1|L1,1,TRI21,3563642,3564435,-,2612.0,,False,False,1,827,794,96.00967351874245,100.0,1467,0.0
GCA_900074845.1,Fusarium culmorum,3-ADON,TRI,LT598659.1,GCA_900074845.1|LT598659.1|L1,1,TRI1,347485,349238,+,,,False,False,5,1539,1539,100.0,97.53707841866492,2642,0.0
GCA_900074845.1,Fusarium culmorum,3-ADON,TRI,LT598660.1,GCA_900074845.1|LT598660.1|L1,1,TRI201,4804145,4805501,+,,,False,False,3,1267,1267,100.0,94.41811477987422,1940,0.0
GCA_900074845.1,Fusarium culmorum,3-ADON,TRI,LT598660.1,GCA_900074845.1|LT598660.1|L2,2,TRI8,5588614,5589912,-,,620.0,False,False,1,1299,1299,100.0,97.46,2217,0.0
GCA_900074845.1,Fusarium culmorum,3-ADON,TRI,LT598660.1,GCA_900074845.1|LT598660.1|L2,2,TRI3,5590533,5592301,+,620.0,1325.0,False,False,4,1554,1519,97.74774774774777,95.95824706649285,2489,0.0
GCA_900074845.1,Fusarium culmorum,3-ADON,TRI,LT598660.1,GCA_900074845.1|LT598660.1|L2,2,TRI4,5593627,5595370,-,1325.0,1164.0,False,False,4,1563,1563,100.0,97.18874568690096,2649,0.0
GCA_900074845.1,Fusarium culmorum,3-ADON,TRI,LT598660.1,GCA_900074845.1|LT598660.1|L2,2,TRI6,5596535,5597191,+,1164.0,2888.0,False,False,1,657,657,100.0,97.108,1109,0.0
GCA_900074845.1,Fusarium culmorum,3-ADON,TRI,LT598660.1,GCA_900074845.1|LT598660.1|L2,2,TRI5,5600080,5601267,+,2888.0,661.0,False,False,2,1128,1128,100.0,96.45362943262413,1863,0.0
GCA_900074845.1,Fusarium culmorum,3-ADON,TRI,LT598660.1,GCA_900074845.1|LT598660.1|L2,2,TRI10,5601929,5603281,+,661.0,596.0,False,False,2,1263,1263,100.0,94.31284439178516,1940,0.0
GCA_900074845.1,Fusarium culmorum,3-ADON,TRI,LT598660.1,GCA_900074845.1|LT598660.1|L2,2,TRI9,5603878,5604009,-,596.0,1200.0,False,False,1,132,132,100.0,99.242,239,4.09e-63
GCA_900074845.1,Fusarium culmorum,3-ADON,TRI,LT598660.1,GCA_900074845.1|LT598660.1|L2,2,TRI11,5605210,5606952,-,1200.0,550.0,False,False,1,1722,1722,100.0,83.847,1631,0.0
GCA_900074845.1,Fusarium culmorum,3-ADON,TRI,LT598660.1,GCA_900074845.1|LT598660.1|L2,2,TRI12,5607503,5609481,-,550.0,3640.0,False,False,3,1797,1795,99.88870339454648,95.04735614913744,2825,0.0
GCA_900074845.1,Fusarium culmorum,3-ADON,TRI,LT598660.1,GCA_900074845.1|LT598660.1|L2,2,TRI14,5613122,5614290,+,3640.0,,False,False,2,1116,1116,100.0,97.2274168157424,1895,0.0
GCA_900074845.1,Fusarium culmorum,3-ADON,TRI,LT598661.1,GCA_900074845.1|LT598661.1|L1,1,TRI17,3557186,3557938,-,,12514.0,False,False,1,756,753,99.6031746031746,98.274,1319,0.0
GCA_900074845.1,Fusarium culmorum,3-ADON,TRI,LT598661.1,GCA_900074845.1|LT598661.1|L1,1,TRI20,3570453,3571153,+,12514.0,2608.0,False,False,1,749,701,93.59145527369826,99.001,1256,0.0
GCA_900074845.1,Fusarium culmorum,3-ADON,TRI,LT598661.1,GCA_900074845.1|LT598661.1|L1,1,TRI21,3573762,3574555,-,2608.0,,False,False,1,827,794,96.00967351874245,98.363,1395,0.0
GCF_000240135.3,Fusarium graminearum,15-ADON,TRI,NC_026474.1,GCF_000240135.3|NC_026474.1|L1,1,TRI1,282627,284381,+,,,False,False,5,1539,1539,100.0,97.34282372002592,2625,0.0
GCF_000240135.3,Fusarium graminearum,15-ADON,TRI,NC_026475.1,GCF_000240135.3|NC_026475.1|L1,1,TRI14,6635631,6636800,-,,3080.0,False,False,2,1116,1116,100.0,100.0,2066,0.0
GCF_000240135.3,Fusarium graminearum,15-ADON,TRI,NC_026475.1,GCF_000240135.3|NC_026475.1|L1,1,TRI12,6639881,6641857,+,3080.0,557.0,False,False,3,1872,1872,100.0,100.0,3459,0.0
GCF_000240135.3,Fusarium graminearum,15-ADON,TRI,NC_026475.1,GCF_000240135.3|NC_026475.1|L1,1,TRI11,6642415,6644155,+,557.0,1167.0,False,False,1,1722,1722,100.0,84.162,1663,0.0
GCF_000240135.3,Fusarium graminearum,15-ADON,TRI,NC_026475.1,GCF_000240135.3|NC_026475.1|L1,1,TRI9,6645323,6645454,+,1167.0,595.0,False,False,1,132,132,100.0,100.0,244,7.72e-65
GCF_000240135.3,Fusarium graminearum,15-ADON,TRI,NC_026475.1,GCF_000240135.3|NC_026475.1|L1,1,TRI10,6646050,6647402,-,595.0,667.0,False,False,2,1263,1263,100.0,93.98279414093427,1912,0.0
GCF_000240135.3,Fusarium graminearum,15-ADON,TRI,NC_026475.1,GCF_000240135.3|NC_026475.1|L1,1,TRI5,6648070,6649256,-,667.0,2887.0,False,False,2,1128,1128,100.0,100.0,2085,0.0
GCF_000240135.3,Fusarium graminearum,15-ADON,TRI,NC_026475.1,GCF_000240135.3|NC_026475.1|L1,1,TRI6,6652144,6652800,-,2887.0,1168.0,False,False,1,657,657,100.0,96.499,1086,0.0
GCF_000240135.3,Fusarium graminearum,15-ADON,TRI,NC_026475.1,GCF_000240135.3|NC_026475.1|L1,1,TRI4,6653969,6655710,+,1168.0,953.0,False,False,4,1563,1563,100.0,100.0,2892,0.0
GCF_000240135.3,Fusarium graminearum,15-ADON,TRI,NC_026475.1,GCF_000240135.3|NC_026475.1|L1,1,TRI3,6656664,6658431,-,953.0,2878.0,False,False,4,1554,1517,97.61904761904762,92.33303014416776,2172,0.0
GCF_000240135.3,Fusarium graminearum,15-ADON,TRI,NC_026475.1,GCF_000240135.3|NC_026475.1|L1,1,TRI8,6661310,6662647,+,2878.0,,False,False,1,1338,1338,100.0,100.0,2471,0.0
GCF_000240135.3,Fusarium graminearum,15-ADON,TRI,NC_026475.1,GCF_000240135.3|NC_026475.1|L2,2,TRI101,7421768,7424286,-,,1354.0,False,False,2,2469,2469,100.0,100.0,4564,0.0
GCF_000240135.3,Fusarium graminearum,15-ADON,TRI,NC_026475.1,GCF_000240135.3|NC_026475.1|L2,2,TRI201,7425641,7427010,-,1354.0,1547.0,False,False,3,1267,1267,100.0,100.0,2346,0.0
GCF_000240135.3,Fusarium graminearum,15-ADON,TRI,NC_026475.1,GCF_000240135.3|NC_026475.1|L2,2,TRI22,7428558,7430376,+,1547.0,,False,False,3,1681,1681,100.0,100.0,3113,0.0
GCF_000240135.3,Fusarium graminearum,15-ADON,TRI,NC_026476.1,GCF_000240135.3|NC_026476.1|L1,1,TRI17,3546409,3547164,-,,12318.0,False,False,1,756,756,100.0,100.0,1397,0.0
GCF_000240135.3,Fusarium graminearum,15-ADON,TRI,NC_026476.1,GCF_000240135.3|NC_026476.1|L1,1,TRI20,3559483,3560183,+,12318.0,2612.0,False,False,1,749,701,93.59145527369826,100.0,1295,0.0
GCF_000240135.3,Fusarium graminearum,15-ADON,TRI,NC_026476.1,GCF_000240135.3|NC_026476.1|L1,1,TRI21,3562796,3563589,-,2612.0,,False,False,1,827,794,96.00967351874245,100.0,1467,0.0
GCF_000303195.2,Fusarium pseudograminearum,3-ADON,TRI,NC_031951.1,GCF_000303195.2|NC_031951.1|L1,1,TRI1,249932,251686,+,,,False,False,5,1539,1539,100.0,100.0,2852,0.0
GCF_000303195.2,Fusarium pseudograminearum,3-ADON,TRI,NC_031952.1,GCF_000303195.2|NC_031952.1|L1,1,TRI22,4620172,4621985,-,,1530.0,False,False,3,1681,1681,100.0,97.44793768545992,2870,0.0
GCF_000303195.2,Fusarium pseudograminearum,3-ADON,TRI,NC_031952.1,GCF_000303195.2|NC_031952.1|L1,1,TRI201,4623516,4624889,+,1530.0,1360.0,False,False,3,1267,1267,100.0,95.28297641509434,2014,0.0
GCF_000303195.2,Fusarium pseudograminearum,3-ADON,TRI,NC_031952.1,GCF_000303195.2|NC_031952.1|L1,1,TRI101,4626250,4628764,+,1360.0,,False,False,2,2469,2467,99.91899554475496,96.2331057108141,4044,0.0
GCF_000303195.2,Fusarium pseudograminearum,3-ADON,TRI,NC_031952.1,GCF_000303195.2|NC_031952.1|L2,2,TRI8,5414651,5415949,-,,615.0,False,False,1,1299,1299,100.0,100.0,2399,0.0
GCF_000303195.2,Fusarium pseudograminearum,3-ADON,TRI,NC_031952.1,GCF_000303195.2|NC_031952.1|L2,2,TRI3,5416565,5418333,+,615.0,1169.0,False,False,4,1554,1519,97.74774774774777,99.73910104302476,2811,0.0
GCF_000303195.2,Fusarium pseudograminearum,3-ADON,TRI,NC_031952.1,GCF_000303195.2|NC_031952.1|L2,2,TRI4,5419503,5421246,-,1169.0,1162.0,False,False,4,1563,1563,100.0,99.93621159974506,2894,0.0
GCF_000303195.2,Fusarium pseudograminearum,3-ADON,TRI,NC_031952.1,GCF_000303195.2|NC_031952.1|L2,2,TRI6,5422409,5423065,+,1162.0,2898.0,False,False,1,657,657,100.0,100.0,1214,0.0
GCF_000303195.2,Fusarium pseudograminearum,3-ADON,TRI,NC_031952.1,GCF_000303195.2|NC_031952.1|L2,2,TRI5,5425964,5427160,+,2898.0,724.0,False,False,2,1128,1128,100.0,100.0,2085,0.0
GCF_000303195.2,Fusarium pseudograminearum,3-ADON,TRI,NC_031952.1,GCF_000303195.2|NC_031952.1|L2,2,TRI10,5427885,5429231,+,724.0,607.0,False,False,2,1263,1263,100.0,100.0,2340,0.0
GCF_000303195.2,Fusarium pseudograminearum,3-ADON,TRI,NC_031952.1,GCF_000303195.2|NC_031952.1|L2,2,TRI9,5429839,5429970,-,607.0,1247.0,False,False,1,132,132,100.0,96.97,222,3.63e-58
GCF_000303195.2,Fusarium pseudograminearum,3-ADON,TRI,NC_031952.1,GCF_000303195.2|NC_031952.1|L2,2,TRI11,5431218,5432945,-,1247.0,564.0,False,False,1,1722,1722,100.0,84.289,1668,0.0
GCF_000303195.2,Fusarium pseudograminearum,3-ADON,TRI,NC_031952.1,GCF_000303195.2|NC_031952.1|L2,2,TRI12,5433510,5435484,-,564.0,3210.0,False,False,3,1797,1797,100.0,100.0,3322,0.0
GCF_000303195.2,Fusarium pseudograminearum,3-ADON,TRI,NC_031952.1,GCF_000303195.2|NC_031952.1|L2,2,TRI14,5438695,5439867,+,3210.0,,False,False,2,1116,1115,99.91039426523297,96.50830796777082,1848,0.0
GCF_000303195.2,Fusarium pseudograminearum,3-ADON,TRI,NC_031953.1,GCF_000303195.2|NC_031953.1|L1,1,TRI17,3565188,3565940,-,,10740.0,False,False,1,756,753,99.6031746031746,96.813,1258,0.0
GCF_000303195.2,Fusarium pseudograminearum,3-ADON,TRI,NC_031953.1,GCF_000303195.2|NC_031953.1|L1,1,TRI20,3576681,3577381,+,10740.0,2606.0,False,False,1,749,701,93.59145527369826,96.434,1157,0.0
GCF_000303195.2,Fusarium pseudograminearum,3-ADON,TRI,NC_031953.1,GCF_000303195.2|NC_031953.1|L1,1,TRI21,3579988,3580781,-,2606.0,,False,False,1,827,794,96.00967351874245,97.229,1345,0.0
GCF_019609905.1,Fusarium poae,NIV,TRI,NC_058399.1,GCF_019609905.1|NC_058399.1|L1,1,TRI1,48396,50157,-,,,False,False,5,1536,1536,100.0,99.80702316602316,2854,0.0
GCF_019609905.1,Fusarium poae,NIV,TRI,NC_058400.1,GCF_019609905.1|NC_058400.1|L1,1,TRI22,5062118,5063805,-,,4249.0,False,False,3,1681,1557,92.62343842950624,93.0812940422806,2285,0.0
GCF_019609905.1,Fusarium poae,NIV,TRI,NC_058400.1,GCF_019609905.1|NC_058400.1|L1,1,TRI101,5068055,5070577,+,4249.0,,False,False,2,2469,2467,99.91899554475496,90.99360056542812,3330,0.0
GCF_019609905.1,Fusarium poae,NIV,TRI,NC_058400.1,GCF_019609905.1|NC_058400.1|L2,2,TRI8,5863037,5864377,-,,640.0,False,False,1,1341,1341,100.0,100.0,2477,0.0
GCF_019609905.1,Fusarium poae,NIV,TRI,NC_058400.1,GCF_019609905.1|NC_058400.1|L2,2,TRI7,5865018,5866463,+,640.0,1517.0,False,False,2,1398,1398,100.0,100.0,2587,0.0
GCF_019609905.1,Fusarium poae,NIV,TRI,NC_058400.1,GCF_019609905.1|NC_058400.1|L2,2,TRI3,5867981,5869760,+,1517.0,876.0,False,False,4,1560,1529,98.01282051282053,99.93469562377533,2822,0.0
GCF_019609905.1,Fusarium poae,NIV,TRI,NC_058400.1,GCF_019609905.1|NC_058400.1|L2,2,TRI4,5870637,5872378,-,876.0,1178.0,False,False,4,1563,1563,100.0,99.93621159974506,2894,0.0
GCF_019609905.1,Fusarium poae,NIV,TRI,NC_058400.1,GCF_019609905.1|NC_058400.1|L2,2,TRI6,5873557,5874249,+,1178.0,5060.0,False,False,1,693,693,100.0,100.0,1280,0.0
GCF_019609905.1,Fusarium poae,NIV,TRI,NC_058400.1,GCF_019609905.1|NC_058400.1|L2,2,TRI5,5879310,5880503,+,5060.0,697.0,False,False,2,1134,1134,100.0,100.0,2096,0.0
GCF_019609905.1,Fusarium poae,NIV,TRI,NC_058400.1,GCF_019609905.1|NC_058400.1|L2,2,TRI10,5881201,5882540,+,697.0,607.0,False,False,2,1263,1263,100.0,100.0,2338,0.0
GCF_019609905.1,Fusarium poae,NIV,TRI,NC_058400.1,GCF_019609905.1|NC_058400.1|L2,2,TRI9,5883148,5883279,-,607.0,1131.0,False,False,1,132,132,100.0,100.0,244,9.23e-65
GCF_019609905.1,Fusarium poae,NIV,TRI,NC_058400.1,GCF_019609905.1|NC_058400.1|L2,2,TRI11,5884411,5886143,-,1131.0,618.0,False,False,1,1722,1722,100.0,86.11,1855,0.0
GCF_019609905.1,Fusarium poae,NIV,TRI,NC_058400.1,GCF_019609905.1|NC_058400.1|L2,2,TRI12,5886762,5888669,-,618.0,722.0,False,False,3,1800,1799,99.94444444444444,99.94455388888888,3321,0.0
GCF_019609905.1,Fusarium poae,NIV,TRI,NC_058400.1,GCF_019609905.1|NC_058400.1|L2,2,TRI13,5889392,5891216,-,722.0,1071.0,False,False,2,1764,1764,100.0,100.0,3262,0.0
GCF_019609905.1,Fusarium poae,NIV,TRI,NC_058400.1,GCF_019609905.1|NC_058400.1|L2,2,TRI14,5892288,5893215,+,1071.0,,False,False,1,928,928,100.0,100.0,1714,0.0
GCF_019609905.1,Fusarium poae,NIV,TRI,NC_058401.1,GCF_019609905.1|NC_058401.1|L1,1,TRI17,4216394,4217148,-,,10572.0,False,False,1,756,741,98.015873015873,89.68299999999999,950,0.0
GCF_019609905.1,Fusarium poae,NIV,TRI,NC_058401.1,GCF_019609905.1|NC_058401.1|L1,1,TRI20,4227721,4228421,+,10572.0,2573.0,False,False,1,749,698,93.1909212283044,87.179,793,0.0
GCF_019609905.1,Fusarium poae,NIV,TRI,NC_058401.1,GCF_019609905.1|NC_058401.1|L1,1,TRI21,4230995,4231788,-,2573.0,,False,False,1,827,794,96.00967351874245,91.688,1101,0.0
GCF_020744385.1,Fusarium flagelliforme,Not reported ,TRI,NW_025763509.1,GCF_020744385.1|NW_025763509.1|L1,1,TRI22,614894,616353,-,,4566.0,False,False,2,1681,1408,83.75966686496133,88.9123220338983,1743,0.0
GCF_020744385.1,Fusarium flagelliforme,Not reported ,TRI,NW_025763509.1,GCF_020744385.1|NW_025763509.1|L1,1,TRI101,620920,623242,+,4566.0,,False,False,2,2469,2278,92.26407452409885,88.57498175499566,2782,0.0
GCF_020744385.1,Fusarium flagelliforme,Not reported ,TRI,NW_025763509.1,GCF_020744385.1|NW_025763509.1|L2,2,TRI5,2071527,2072627,-,,5496.0,False,False,1,1185,1109,93.58649789029536,80.59,839,0.0
GCF_020744385.1,Fusarium flagelliforme,Not reported ,TRI,NW_025763509.1,GCF_020744385.1|NW_025763509.1|L2,2,TRI4,2078124,2079308,+,5496.0,,False,False,2,1563,1133,72.48880358285349,79.52549912126538,803,0.0
GCF_050947815.1,Fusarium sambucinum,T-2/HT-2 *,TRI,NC_139292.1,GCF_050947815.1|NC_139292.1|L1,1,TRI17,3947996,3948747,-,,10946.0,False,False,1,756,756,100.0,92.19599999999998,1066,0.0
GCF_050947815.1,Fusarium sambucinum,T-2/HT-2 *,TRI,NC_139292.1,GCF_050947815.1|NC_139292.1|L1,1,TRI20,3959694,3960391,+,10946.0,2550.0,False,False,1,749,698,93.1909212283044,87.268,797,0.0
GCF_050947815.1,Fusarium sambucinum,T-2/HT-2 *,TRI,NC_139292.1,GCF_050947815.1|NC_139292.1|L1,1,TRI21,3962942,3963735,-,2550.0,,False,False,1,827,794,96.00967351874245,92.065,1118,0.0
GCF_050947815.1,Fusarium sambucinum,T-2/HT-2 *,TRI,NC_139293.1,GCF_050947815.1|NC_139293.1|L1,1,TRI14,3756792,3757717,-,,1070.0,False,False,1,928,926,99.78448275862068,92.549,1328,0.0
GCF_050947815.1,Fusarium sambucinum,T-2/HT-2 *,TRI,NC_139293.1,GCF_050947815.1|NC_139293.1|L1,1,TRI13,3758788,3760612,+,1070.0,739.0,False,False,2,1764,1764,100.0,90.71336126840318,2354,0.0
GCF_050947815.1,Fusarium sambucinum,T-2/HT-2 *,TRI,NC_139293.1,GCF_050947815.1|NC_139293.1|L1,1,TRI12,3761352,3763251,+,739.0,576.0,False,False,1,1902,1902,100.0,81.751,1580,0.0
GCF_050947815.1,Fusarium sambucinum,T-2/HT-2 *,TRI,NC_139293.1,GCF_050947815.1|NC_139293.1|L1,1,TRI11,3763828,3765552,+,576.0,1079.0,False,False,1,1722,1722,100.0,86.85599999999998,1925,0.0
GCF_050947815.1,Fusarium sambucinum,T-2/HT-2 *,TRI,NC_139293.1,GCF_050947815.1|NC_139293.1|L1,1,TRI9,3766632,3766763,+,1079.0,613.0,False,False,1,132,132,100.0,96.212,217,1.77e-56
GCF_050947815.1,Fusarium sambucinum,T-2/HT-2 *,TRI,NC_139293.1,GCF_050947815.1|NC_139293.1|L1,1,TRI10,3767377,3768716,-,613.0,714.0,False,False,2,1263,1263,100.0,91.46264743083005,1739,0.0
GCF_050947815.1,Fusarium sambucinum,T-2/HT-2 *,TRI,NC_139293.1,GCF_050947815.1|NC_139293.1|L1,1,TRI5,3769431,3770578,-,714.0,2869.0,False,False,1,1185,1142,96.37130801687763,88.616,1389,0.0
GCF_050947815.1,Fusarium sambucinum,T-2/HT-2 *,TRI,NC_139293.1,GCF_050947815.1|NC_139293.1|L1,1,TRI6,3773448,3774134,-,2869.0,1114.0,False,False,1,693,693,100.0,93.506,1026,0.0
GCF_050947815.1,Fusarium sambucinum,T-2/HT-2 *,TRI,NC_139293.1,GCF_050947815.1|NC_139293.1|L1,1,TRI4,3775249,3776989,+,1114.0,870.0,False,False,4,1563,1563,100.0,92.8614117272148,2280,0.0
GCF_050947815.1,Fusarium sambucinum,T-2/HT-2 *,TRI,NC_139293.1,GCF_050947815.1|NC_139293.1|L1,1,TRI3,3777860,3779627,-,870.0,874.0,False,False,3,1560,1386,88.84615384615384,91.27600144196109,1891,0.0
GCF_050947815.1,Fusarium sambucinum,T-2/HT-2 *,TRI,NC_139293.1,GCF_050947815.1|NC_139293.1|L1,1,TRI7,3780502,3781917,-,874.0,657.0,False,False,2,1398,1366,97.7110157367668,91.81270175438596,1907,0.0
GCF_050947815.1,Fusarium sambucinum,T-2/HT-2 *,TRI,NC_139293.1,GCF_050947815.1|NC_139293.1|L1,1,TRI8,3782575,3783918,+,657.0,,False,False,1,1341,1341,100.0,91.295,1831,0.0
GCF_050947815.1,Fusarium sambucinum,T-2/HT-2 *,TRI,NC_139293.1,GCF_050947815.1|NC_139293.1|L2,2,TRI101,4541598,4544097,-,,1343.0,False,False,2,2469,2467,99.91899554475496,90.86121754953498,3294,0.0
GCF_050947815.1,Fusarium sambucinum,T-2/HT-2 *,TRI,NC_139293.1,GCF_050947815.1|NC_139293.1|L2,2,TRI201,4545441,4546809,-,1343.0,1513.0,False,False,3,1267,1266,99.92107340173638,90.66679215686275,1681,0.0
GCF_050947815.1,Fusarium sambucinum,T-2/HT-2 *,TRI,NC_139293.1,GCF_050947815.1|NC_139293.1|L2,2,TRI22,4548323,4550114,+,1513.0,,False,False,3,1681,1678,99.82153480071386,92.34430801186944,2379,0.0
GCF_050947815.1,Fusarium sambucinum,T-2/HT-2 *,TRI,NC_139294.1,GCF_050947815.1|NC_139294.1|L1,1,TRI16,58508,59554,-,,,False,False,1,1482,1047,70.64777327935222,88.263,1253,0.0
